crop,crop_category,year,area_harvested_ha,production_tonnes,rainfall_mm,avg_temp_c,fertilizer_npk_kg_ha,cropland_mha,yield_kg_ha
"Almonds, in shell",Tree Nut,2011,23000.0,14000.0,1011,24.34,321.53,169.369,608.7
"Almonds, in shell",Tree Nut,2012,22000.0,4000.0,919,24.48,317.58,169.346,181.8
"Almonds, in shell",Tree Nut,2013,21000.0,9000.0,1002,24.42,306.69,169.442,428.6
"Almonds, in shell",Tree Nut,2014,21000.0,13000.0,882,24.52,318.21,169.463,619.0
"Almonds, in shell",Tree Nut,2015,21000.0,10000.0,772,24.69,329.28,169.413,476.2
"Almonds, in shell",Tree Nut,2016,11685.0,7933.0,973,25.07,319.47,169.317,678.9
"Almonds, in shell",Tree Nut,2017,12075.0,7061.0,952,24.96,325.62,168.895,584.8
"Almonds, in shell",Tree Nut,2018,10584.0,13688.0,913,24.88,336.43,168.778,1293.3
"Almonds, in shell",Tree Nut,2019,10432.0,10967.0,1012,24.8,365.61,168.669,1051.3
"Almonds, in shell",Tree Nut,2020,8954.0,10874.0,1089,24.51,472.49,168.048,1214.4
"Almonds, in shell",Tree Nut,2021,10156.0,11282.0,870,24.73,455.66,168.14,1110.9
"Almonds, in shell",Tree Nut,2022,10282.0,12046.0,925,24.78,450.93,168.231,1171.6
"Almonds, in shell",Tree Nut,2023,9944.0,12455.0,820,24.9,455.08,168.323,1252.5
"Almonds, in shell",Tree Nut,2024,9680.0,12345.47,868,25.14,455.08,168.323,1275.3
"Anise, badian, coriander, cumin, caraway, fennel and juniper berries, raw",Spice,1961,90000.0,45000.0,1013,23.82,2.0,160.986,500.0
"Anise, badian, coriander, cumin, caraway, fennel and juniper berries, raw",Spice,1962,90000.0,45000.0,899,23.53,2.4,162.4,500.0
"Anise, badian, coriander, cumin, caraway, fennel and juniper berries, raw",Spice,1963,100000.0,50000.0,920,23.98,2.9,162.05,500.0
"Anise, badian, coriander, cumin, caraway, fennel and juniper berries, raw",Spice,1964,100000.0,50000.0,884,23.97,3.5,162.118,500.0
"Anise, badian, coriander, cumin, caraway, fennel and juniper berries, raw",Spice,1965,100000.0,50000.0,788,23.93,4.1,162.434,500.0
"Anise, badian, coriander, cumin, caraway, fennel and juniper berries, raw",Spice,1966,97000.0,48000.0,939,24.32,4.8,162.72,494.8
"Anise, badian, coriander, cumin, caraway, fennel and juniper berries, raw",Spice,1967,97000.0,48000.0,943,23.8,5.7,163.79,494.8
"Anise, badian, coriander, cumin, caraway, fennel and juniper berries, raw",Spice,1968,97000.0,48000.0,858,23.81,6.8,164.569,494.8
"Anise, badian, coriander, cumin, caraway, fennel and juniper berries, raw",Spice,1969,95000.0,43000.0,999,24.35,8.0,164.476,452.6
"Anise, badian, coriander, cumin, caraway, fennel and juniper berries, raw",Spice,1970,95000.0,43000.0,916,24.05,9.5,165.06,452.6
"Anise, badian, coriander, cumin, caraway, fennel and juniper berries, raw",Spice,1971,95000.0,43000.0,887,23.51,11.0,164.556,452.6
"Anise, badian, coriander, cumin, caraway, fennel and juniper berries, raw",Spice,1972,104000.0,45000.0,761,24.0,12.8,164.986,432.7
"Anise, badian, coriander, cumin, caraway, fennel and juniper berries, raw",Spice,1973,104000.0,45000.0,990,24.3,14.0,166.044,432.7
"Anise, badian, coriander, cumin, caraway, fennel and juniper berries, raw",Spice,1974,104000.0,45000.0,878,24.01,13.5,166.501,432.7
"Anise, badian, coriander, cumin, caraway, fennel and juniper berries, raw",Spice,1975,103573.0,45164.0,963,23.68,15.1,166.838,436.1
"Anise, badian, coriander, cumin, caraway, fennel and juniper berries, raw",Spice,1976,149327.0,69869.0,836,23.95,16.8,167.057,467.9
"Anise, badian, coriander, cumin, caraway, fennel and juniper berries, raw",Spice,1977,179612.0,110462.0,912,24.13,19.0,167.059,615.0
"Anise, badian, coriander, cumin, caraway, fennel and juniper berries, raw",Spice,1978,201311.0,101387.0,956,23.82,21.5,168.239,503.6
"Anise, badian, coriander, cumin, caraway, fennel and juniper berries, raw",Spice,1979,181786.0,92414.0,797,24.29,23.0,168.444,508.4
"Anise, badian, coriander, cumin, caraway, fennel and juniper berries, raw",Spice,1980,179705.0,102404.0,921,24.39,25.0,168.154,569.8
"Anise, badian, coriander, cumin, caraway, fennel and juniper berries, raw",Spice,1981,96544.0,57277.0,912,24.06,28.0,168.412,593.3
"Anise, badian, coriander, cumin, caraway, fennel and juniper berries, raw",Spice,1982,151708.0,75978.0,834,23.98,30.5,168.746,500.8
"Anise, badian, coriander, cumin, caraway, fennel and juniper berries, raw",Spice,1983,181524.0,116173.0,1009,23.86,33.0,168.532,640.0
"Anise, badian, coriander, cumin, caraway, fennel and juniper berries, raw",Spice,1984,122629.0,74223.0,854,23.88,36.0,169.418,605.3
"Anise, badian, coriander, cumin, caraway, fennel and juniper berries, raw",Spice,1985,87154.0,45885.0,897,24.2,39.5,169.34,526.5
"Anise, badian, coriander, cumin, caraway, fennel and juniper berries, raw",Spice,1986,94482.0,50263.0,859,24.18,42.0,169.409,532.0
"Anise, badian, coriander, cumin, caraway, fennel and juniper berries, raw",Spice,1987,119549.0,55258.0,757,24.56,43.5,169.705,462.2
"Anise, badian, coriander, cumin, caraway, fennel and juniper berries, raw",Spice,1988,240627.0,130922.0,1035,24.5,47.0,169.368,544.1
"Anise, badian, coriander, cumin, caraway, fennel and juniper berries, raw",Spice,1989,170693.0,67593.0,899,23.98,50.5,169.976,396.0
"Anise, badian, coriander, cumin, caraway, fennel and juniper berries, raw",Spice,1990,151116.0,89343.0,926,23.92,55.0,170.109,591.2
"Anise, badian, coriander, cumin, caraway, fennel and juniper berries, raw",Spice,1991,187092.0,89749.0,921,24.18,57.5,170.182,479.7
"Anise, badian, coriander, cumin, caraway, fennel and juniper berries, raw",Spice,1992,533550.0,248530.0,820,24.01,60.0,170.006,465.8
"Anise, badian, coriander, cumin, caraway, fennel and juniper berries, raw",Spice,1993,736090.0,349090.0,960,24.2,63.0,170.286,474.2
"Anise, badian, coriander, cumin, caraway, fennel and juniper berries, raw",Spice,1994,900490.0,385410.0,1010,24.08,67.0,170.325,428.0
"Anise, badian, coriander, cumin, caraway, fennel and juniper berries, raw",Spice,1995,705270.0,301120.0,870,24.21,72.0,169.911,427.0
"Anise, badian, coriander, cumin, caraway, fennel and juniper berries, raw",Spice,1996,641400.0,287340.0,1034,24.3,76.0,169.525,448.0
"Anise, badian, coriander, cumin, caraway, fennel and juniper berries, raw",Spice,1997,785650.0,401600.0,852,23.92,79.0,170.101,511.2
"Anise, badian, coriander, cumin, caraway, fennel and juniper berries, raw",Spice,1998,973610.0,489940.0,1002,24.57,83.0,170.029,503.2
"Anise, badian, coriander, cumin, caraway, fennel and juniper berries, raw",Spice,1999,808140.0,424160.0,823,24.46,87.0,170.125,524.9
"Anise, badian, coriander, cumin, caraway, fennel and juniper berries, raw",Spice,2000,680770.0,329410.0,876,24.33,90.0,170.13,483.9
"Anise, badian, coriander, cumin, caraway, fennel and juniper berries, raw",Spice,2001,695230.0,397930.0,894,24.46,94.0,169.825,572.4
"Anise, badian, coriander, cumin, caraway, fennel and juniper berries, raw",Spice,2002,995760.0,564350.0,705,24.8,156.38,170.032,566.8
"Anise, badian, coriander, cumin, caraway, fennel and juniper berries, raw",Spice,2003,830060.0,336550.0,980,24.66,164.84,169.799,405.5
"Anise, badian, coriander, cumin, caraway, fennel and juniper berries, raw",Spice,2004,956770.0,644340.0,822,24.54,192.35,169.891,673.5
"Anise, badian, coriander, cumin, caraway, fennel and juniper berries, raw",Spice,2005,685140.0,424400.0,919,24.56,208.53,169.674,619.4
"Anise, badian, coriander, cumin, caraway, fennel and juniper berries, raw",Spice,2006,732890.0,443400.0,903,24.64,239.93,169.462,605.0
"Anise, badian, coriander, cumin, caraway, fennel and juniper berries, raw",Spice,2007,732830.0,429230.0,1052,24.6,245.53,169.202,585.7
"Anise, badian, coriander, cumin, caraway, fennel and juniper berries, raw",Spice,2008,867890.0,549850.0,981,24.26,267.03,169.395,633.5
"Anise, badian, coriander, cumin, caraway, fennel and juniper berries, raw",Spice,2009,873390.0,478890.0,731,25.14,289.69,169.724,548.3
"Anise, badian, coriander, cumin, caraway, fennel and juniper berries, raw",Spice,2010,787680.0,449600.0,1011,25.13,305.91,169.234,570.8
"Anise, badian, coriander, cumin, caraway, fennel and juniper berries, raw",Spice,2011,1099600.0,901600.0,1011,24.34,321.53,169.369,819.9
"Anise, badian, coriander, cumin, caraway, fennel and juniper berries, raw",Spice,2012,1252000.0,1070000.0,919,24.48,317.58,169.346,854.6
"Anise, badian, coriander, cumin, caraway, fennel and juniper berries, raw",Spice,2013,1237000.0,1061000.0,1002,24.42,306.69,169.442,857.7
"Anise, badian, coriander, cumin, caraway, fennel and juniper berries, raw",Spice,2014,1360190.0,897620.0,882,24.52,318.21,169.463,659.9
"Anise, badian, coriander, cumin, caraway, fennel and juniper berries, raw",Spice,2015,1482000.0,1008000.0,772,24.69,329.28,169.413,680.2
"Anise, badian, coriander, cumin, caraway, fennel and juniper berries, raw",Spice,2016,1465550.0,1217610.0,973,25.07,319.47,169.317,830.8
"Anise, badian, coriander, cumin, caraway, fennel and juniper berries, raw",Spice,2017,1546000.0,1529000.0,952,24.96,325.62,168.895,989.0
"Anise, badian, coriander, cumin, caraway, fennel and juniper berries, raw",Spice,2018,1564000.0,1503000.0,913,24.88,336.43,168.778,961.0
"Anise, badian, coriander, cumin, caraway, fennel and juniper berries, raw",Spice,2019,1587000.0,1448000.0,1012,24.8,365.61,168.669,912.4
"Anise, badian, coriander, cumin, caraway, fennel and juniper berries, raw",Spice,2020,1888000.0,1753000.0,1089,24.51,472.49,168.048,928.5
"Anise, badian, coriander, cumin, caraway, fennel and juniper berries, raw",Spice,2021,1826000.0,1823000.0,870,24.73,455.66,168.14,998.4
"Anise, badian, coriander, cumin, caraway, fennel and juniper berries, raw",Spice,2022,1487207.0,1406040.0,925,24.78,450.93,168.231,945.4
"Anise, badian, coriander, cumin, caraway, fennel and juniper berries, raw",Spice,2023,1736508.0,1703183.0,820,24.9,455.08,168.323,980.8
"Anise, badian, coriander, cumin, caraway, fennel and juniper berries, raw",Spice,2024,2122427.0,2107138.0,868,25.14,455.08,168.323,992.8
Apples,Fruit,1961,44500.0,185000.0,1013,23.82,2.0,160.986,4157.3
Apples,Fruit,1962,38500.0,160000.0,899,23.53,2.4,162.4,4155.8
Apples,Fruit,1963,33700.0,140000.0,920,23.98,2.9,162.05,4154.3
Apples,Fruit,1964,26500.0,110000.0,884,23.97,3.5,162.118,4150.9
Apples,Fruit,1965,21700.0,90000.0,788,23.93,4.1,162.434,4147.5
Apples,Fruit,1966,23500.0,97500.0,939,24.32,4.8,162.72,4148.9
Apples,Fruit,1967,30600.0,127000.0,943,23.8,5.7,163.79,4150.3
Apples,Fruit,1968,39300.0,163000.0,858,23.81,6.8,164.569,4147.6
Apples,Fruit,1969,48500.0,201000.0,999,24.35,8.0,164.476,4144.3
Apples,Fruit,1970,66800.0,277000.0,916,24.05,9.5,165.06,4146.7
Apples,Fruit,1971,84800.0,352000.0,887,23.51,11.0,164.556,4150.9
Apples,Fruit,1972,91600.0,433000.0,761,24.0,12.8,164.986,4727.1
Apples,Fruit,1973,101200.0,515000.0,990,24.3,14.0,166.044,5088.9
Apples,Fruit,1974,108500.0,592000.0,878,24.01,13.5,166.501,5456.2
Apples,Fruit,1975,115700.0,510000.0,963,23.68,15.1,166.838,4408.0
Apples,Fruit,1976,120500.0,500000.0,836,23.95,16.8,167.057,4149.4
Apples,Fruit,1977,121620.0,503500.0,912,24.13,19.0,167.059,4139.9
Apples,Fruit,1978,125640.0,545070.0,956,23.82,21.5,168.239,4338.3
Apples,Fruit,1979,130370.0,662020.0,797,24.29,23.0,168.444,5078.0
Apples,Fruit,1980,138900.0,658000.0,921,24.39,25.0,168.154,4737.2
Apples,Fruit,1981,145890.0,821790.0,912,24.06,28.0,168.412,5632.9
Apples,Fruit,1982,153750.0,926980.0,834,23.98,30.5,168.746,6029.1
Apples,Fruit,1983,161710.0,966600.0,1009,23.86,33.0,168.532,5977.4
Apples,Fruit,1984,164940.0,985900.0,854,23.88,36.0,169.418,5977.3
Apples,Fruit,1985,168230.0,1005560.0,897,24.2,39.5,169.34,5977.3
Apples,Fruit,1986,165000.0,1258000.0,859,24.18,42.0,169.409,7624.2
Apples,Fruit,1987,178305.0,861404.0,757,24.56,43.5,169.705,4831.1
Apples,Fruit,1988,185083.0,995296.0,1035,24.5,47.0,169.368,5377.6
Apples,Fruit,1989,186660.0,1084117.0,899,23.98,50.5,169.976,5808.0
Apples,Fruit,1990,187198.0,1093900.0,926,23.92,55.0,170.109,5843.5
Apples,Fruit,1991,193638.0,1175005.0,921,24.18,57.5,170.182,6068.0
Apples,Fruit,1992,194561.0,1147743.0,820,24.01,60.0,170.006,5899.1
Apples,Fruit,1993,191256.0,1168252.0,960,24.2,63.0,170.286,6108.3
Apples,Fruit,1994,200000.0,1300000.0,1010,24.08,67.0,170.325,6500.0
Apples,Fruit,1995,210000.0,1200000.0,870,24.21,72.0,169.911,5714.3
Apples,Fruit,1996,217099.0,1211379.0,1034,24.3,76.0,169.525,5579.8
Apples,Fruit,1997,222700.0,1308390.0,852,23.92,79.0,170.101,5875.1
Apples,Fruit,1998,227680.0,1320590.0,1002,24.57,83.0,170.029,5800.2
Apples,Fruit,1999,231000.0,1380000.0,823,24.46,87.0,170.125,5974.0
Apples,Fruit,2000,230000.0,1050000.0,876,24.33,90.0,170.13,4565.2
Apples,Fruit,2001,240000.0,1230000.0,894,24.46,94.0,169.825,5125.0
Apples,Fruit,2002,240000.0,1160000.0,705,24.8,156.38,170.032,4833.3
Apples,Fruit,2003,250000.0,1470000.0,980,24.66,164.84,169.799,5880.0
Apples,Fruit,2004,201200.0,1521600.0,822,24.54,192.35,169.891,7562.6
Apples,Fruit,2005,230700.0,1739000.0,919,24.56,208.53,169.674,7537.9
Apples,Fruit,2006,226600.0,1814000.0,903,24.64,239.93,169.462,8005.3
Apples,Fruit,2007,252000.0,1624000.0,1052,24.6,245.53,169.202,6444.4
Apples,Fruit,2008,264000.0,2001000.0,981,24.26,267.03,169.395,7579.5
Apples,Fruit,2009,274000.0,1985000.0,731,25.14,289.69,169.724,7244.5
Apples,Fruit,2010,282900.0,1777200.0,1011,25.13,305.91,169.234,6282.1
Apples,Fruit,2011,289100.0,2891000.0,1011,24.34,321.53,169.369,10000.0
Apples,Fruit,2012,321900.0,2203400.0,919,24.48,317.58,169.346,6845.0
Apples,Fruit,2013,312000.0,1915000.0,1002,24.42,306.69,169.442,6137.8
Apples,Fruit,2014,313040.0,2497680.0,882,24.52,318.21,169.463,7978.8
Apples,Fruit,2015,319000.0,2134000.0,772,24.69,329.28,169.413,6689.7
Apples,Fruit,2016,277000.0,2521000.0,973,25.07,319.47,169.317,9101.1
Apples,Fruit,2017,305000.0,2265000.0,952,24.96,325.62,168.895,7426.2
Apples,Fruit,2018,301000.0,2327000.0,913,24.88,336.43,168.778,7730.9
Apples,Fruit,2019,308000.0,2316000.0,1012,24.8,365.61,168.669,7519.5
Apples,Fruit,2020,310000.0,2814000.0,1089,24.51,472.49,168.048,9077.4
Apples,Fruit,2021,313000.0,2276000.0,870,24.73,455.66,168.14,7271.6
Apples,Fruit,2022,315000.0,2589000.0,925,24.78,450.93,168.231,8219.0
Apples,Fruit,2023,304000.0,2876000.0,820,24.9,455.08,168.323,9460.5
Apples,Fruit,2024,304130.0,2625899.0,868,25.14,455.08,168.323,8634.1
Apricots,Fruit,1961,2900.0,8000.0,1013,23.82,2.0,160.986,2758.6
Apricots,Fruit,1962,2700.0,8300.0,899,23.53,2.4,162.4,3074.1
Apricots,Fruit,1963,2800.0,8500.0,920,23.98,2.9,162.05,3035.7
Apricots,Fruit,1964,2900.0,8800.0,884,23.97,3.5,162.118,3034.5
Apricots,Fruit,1965,3000.0,9200.0,788,23.93,4.1,162.434,3066.7
Apricots,Fruit,1966,3100.0,9500.0,939,24.32,4.8,162.72,3064.5
Apricots,Fruit,1967,3200.0,9800.0,943,23.8,5.7,163.79,3062.5
Apricots,Fruit,1968,3400.0,10300.0,858,23.81,6.8,164.569,3029.4
Apricots,Fruit,1969,3500.0,10500.0,999,24.35,8.0,164.476,3000.0
Apricots,Fruit,1970,3600.0,10800.0,916,24.05,9.5,165.06,3000.0
Apricots,Fruit,1971,3500.0,11000.0,887,23.51,11.0,164.556,3142.9
Apricots,Fruit,1972,3500.0,10500.0,761,24.0,12.8,164.986,3000.0
Apricots,Fruit,1973,3600.0,11000.0,990,24.3,14.0,166.044,3055.6
Apricots,Fruit,1974,3800.0,11500.0,878,24.01,13.5,166.501,3026.3
Apricots,Fruit,1975,3000.0,9500.0,963,23.68,15.1,166.838,3166.7
Apricots,Fruit,1976,3300.0,10000.0,836,23.95,16.8,167.057,3030.3
Apricots,Fruit,1977,2700.0,8000.0,912,24.13,19.0,167.059,2963.0
Apricots,Fruit,1978,2700.0,8000.0,956,23.82,21.5,168.239,2963.0
Apricots,Fruit,1979,2400.0,7000.0,797,24.29,23.0,168.444,2916.7
Apricots,Fruit,1980,2000.0,6500.0,921,24.39,25.0,168.154,3250.0
Apricots,Fruit,1981,2000.0,6000.0,912,24.06,28.0,168.412,3000.0
Apricots,Fruit,1982,1700.0,5000.0,834,23.98,30.5,168.746,2941.2
Apricots,Fruit,1983,1900.0,5500.0,1009,23.86,33.0,168.532,2894.7
Apricots,Fruit,1984,1700.0,5000.0,854,23.88,36.0,169.418,2941.2
Apricots,Fruit,1985,1600.0,4800.0,897,24.2,39.5,169.34,3000.0
Apricots,Fruit,1986,1500.0,4500.0,859,24.18,42.0,169.409,3000.0
Apricots,Fruit,1987,1600.0,4800.0,757,24.56,43.5,169.705,3000.0
Apricots,Fruit,1988,1500.0,4350.0,1035,24.5,47.0,169.368,2900.0
Apricots,Fruit,1989,1700.0,5000.0,899,23.98,50.5,169.976,2941.2
Apricots,Fruit,1990,2000.0,6000.0,926,23.92,55.0,170.109,3000.0
Apricots,Fruit,1991,2100.0,6200.0,921,24.18,57.5,170.182,2952.4
Apricots,Fruit,1992,2200.0,6500.0,820,24.01,60.0,170.006,2954.5
Apricots,Fruit,1993,2300.0,6800.0,960,24.2,63.0,170.286,2956.5
Apricots,Fruit,1994,2400.0,7000.0,1010,24.08,67.0,170.325,2916.7
Apricots,Fruit,1995,2519.0,7300.0,870,24.21,72.0,169.911,2897.7
Apricots,Fruit,1996,2727.0,7900.0,1034,24.3,76.0,169.525,2896.8
Apricots,Fruit,1997,2805.0,8100.0,852,23.92,79.0,170.101,2887.8
Apricots,Fruit,1998,2919.0,8400.0,1002,24.57,83.0,170.029,2877.3
Apricots,Fruit,1999,3279.0,9400.0,823,24.46,87.0,170.125,2866.9
Apricots,Fruit,2000,3466.0,9900.0,876,24.33,90.0,170.13,2856.4
Apricots,Fruit,2001,3514.0,10000.0,894,24.46,94.0,169.825,2846.0
Apricots,Fruit,2002,3603.0,10216.5,705,24.8,156.38,170.032,2835.5
Apricots,Fruit,2003,3727.0,10530.11,980,24.66,164.84,169.799,2825.1
Apricots,Fruit,2004,3868.0,10908.12,822,24.54,192.35,169.891,2820.4
Apricots,Fruit,2005,4016.0,11331.71,919,24.56,208.53,169.674,2821.6
Apricots,Fruit,2006,4197.0,11847.26,903,24.64,239.93,169.462,2822.8
Apricots,Fruit,2007,4361.0,12316.64,1052,24.6,245.53,169.202,2824.0
Apricots,Fruit,2008,4562.0,12888.7,981,24.26,267.03,169.395,2825.1
Apricots,Fruit,2009,4703.0,13291.56,731,25.14,289.69,169.724,2826.3
Apricots,Fruit,2010,4826.0,13644.71,1011,25.13,305.91,169.234,2827.5
Apricots,Fruit,2011,4924.0,13929.03,1011,24.34,321.53,169.369,2828.7
Apricots,Fruit,2012,5000.0,14149.27,919,24.48,317.58,169.346,2829.9
Apricots,Fruit,2013,5000.0,14155.16,1002,24.42,306.69,169.442,2831.0
Apricots,Fruit,2014,5000.0,14115.7,882,24.52,318.21,169.463,2823.1
Apricots,Fruit,2015,5014.0,14113.22,772,24.69,329.28,169.413,2814.7
Apricots,Fruit,2016,5419.0,15274.89,973,25.07,319.47,169.317,2818.9
Apricots,Fruit,2017,5496.0,15531.76,952,24.96,325.62,168.895,2826.0
Apricots,Fruit,2018,5603.0,15832.74,913,24.88,336.43,168.778,2825.9
Apricots,Fruit,2019,5709.0,16133.71,1012,24.8,365.61,168.669,2825.8
Apricots,Fruit,2020,5603.0,15832.74,1089,24.51,472.49,168.048,2825.9
Apricots,Fruit,2021,5638.0,15933.06,870,24.73,455.66,168.14,2825.9
Apricots,Fruit,2022,5650.0,15966.5,925,24.78,450.93,168.231,2825.9
Apricots,Fruit,2023,5630.0,15910.77,820,24.9,455.08,168.323,2825.9
Apricots,Fruit,2024,5640.0,15936.78,868,25.14,455.08,168.323,2825.9
Areca nuts,Tree Nut,1961,135000.0,120000.0,1013,23.82,2.0,160.986,888.9
Areca nuts,Tree Nut,1962,135000.0,120000.0,899,23.53,2.4,162.4,888.9
Areca nuts,Tree Nut,1963,135000.0,120000.0,920,23.98,2.9,162.05,888.9
Areca nuts,Tree Nut,1964,135000.0,120000.0,884,23.97,3.5,162.118,888.9
Areca nuts,Tree Nut,1965,131000.0,113000.0,788,23.93,4.1,162.434,862.6
Areca nuts,Tree Nut,1966,137000.0,119000.0,939,24.32,4.8,162.72,868.6
Areca nuts,Tree Nut,1967,142000.0,130000.0,943,23.8,5.7,163.79,915.5
Areca nuts,Tree Nut,1968,147000.0,135000.0,858,23.81,6.8,164.569,918.4
Areca nuts,Tree Nut,1969,157000.0,140000.0,999,24.35,8.0,164.476,891.7
Areca nuts,Tree Nut,1970,160700.0,137700.0,916,24.05,9.5,165.06,856.9
Areca nuts,Tree Nut,1971,167300.0,141000.0,887,23.51,11.0,164.556,842.8
Areca nuts,Tree Nut,1972,174300.0,150500.0,761,24.0,12.8,164.986,863.5
Areca nuts,Tree Nut,1973,178200.0,147700.0,990,24.3,14.0,166.044,828.8
Areca nuts,Tree Nut,1974,184500.0,167400.0,878,24.01,13.5,166.501,907.3
Areca nuts,Tree Nut,1975,189200.0,164700.0,963,23.68,15.1,166.838,870.5
Areca nuts,Tree Nut,1976,177500.0,160000.0,836,23.95,16.8,167.057,901.4
Areca nuts,Tree Nut,1977,179100.0,164300.0,912,24.13,19.0,167.059,917.4
Areca nuts,Tree Nut,1978,170800.0,175200.0,956,23.82,21.5,168.239,1025.8
Areca nuts,Tree Nut,1979,179200.0,181900.0,797,24.29,23.0,168.444,1015.1
Areca nuts,Tree Nut,1980,180600.0,181400.0,921,24.39,25.0,168.154,1004.4
Areca nuts,Tree Nut,1981,185200.0,195900.0,912,24.06,28.0,168.412,1057.8
Areca nuts,Tree Nut,1982,182600.0,194700.0,834,23.98,30.5,168.746,1066.3
Areca nuts,Tree Nut,1983,184300.0,202200.0,1009,23.86,33.0,168.532,1097.1
Areca nuts,Tree Nut,1984,186100.0,189500.0,854,23.88,36.0,169.418,1018.3
Areca nuts,Tree Nut,1985,185500.0,218700.0,897,24.2,39.5,169.34,1179.0
Areca nuts,Tree Nut,1986,185600.0,216200.0,859,24.18,42.0,169.409,1164.9
Areca nuts,Tree Nut,1987,194800.0,219000.0,757,24.56,43.5,169.705,1124.2
Areca nuts,Tree Nut,1988,199800.0,226700.0,1035,24.5,47.0,169.368,1134.6
Areca nuts,Tree Nut,1989,204300.0,249000.0,899,23.98,50.5,169.976,1218.8
Areca nuts,Tree Nut,1990,209500.0,251300.0,926,23.92,55.0,170.109,1199.5
Areca nuts,Tree Nut,1991,217000.0,238500.0,921,24.18,57.5,170.182,1099.1
Areca nuts,Tree Nut,1992,221800.0,243200.0,820,24.01,60.0,170.006,1096.5
Areca nuts,Tree Nut,1993,226600.0,256300.0,960,24.2,63.0,170.286,1131.1
Areca nuts,Tree Nut,1994,235500.0,271100.0,1010,24.08,67.0,170.325,1151.2
Areca nuts,Tree Nut,1995,243900.0,289700.0,870,24.21,72.0,169.911,1187.8
Areca nuts,Tree Nut,1996,255000.0,295500.0,1034,24.3,76.0,169.525,1158.8
Areca nuts,Tree Nut,1997,261200.0,307700.0,852,23.92,79.0,170.101,1178.0
Areca nuts,Tree Nut,1998,268700.0,333900.0,1002,24.57,83.0,170.029,1242.6
Areca nuts,Tree Nut,1999,280000.0,310000.0,823,24.46,87.0,170.125,1107.1
Areca nuts,Tree Nut,2000,290000.0,330000.0,876,24.33,90.0,170.13,1137.9
Areca nuts,Tree Nut,2001,290000.0,330000.0,894,24.46,94.0,169.825,1137.9
Areca nuts,Tree Nut,2002,290000.0,400000.0,705,24.8,156.38,170.032,1379.3
Areca nuts,Tree Nut,2003,353400.0,415900.0,980,24.66,164.84,169.799,1176.9
Areca nuts,Tree Nut,2004,365000.0,439200.0,822,24.54,192.35,169.891,1203.3
Areca nuts,Tree Nut,2005,364300.0,452700.0,919,24.56,208.53,169.674,1242.7
Areca nuts,Tree Nut,2006,381100.0,483100.0,903,24.64,239.93,169.462,1267.6
Areca nuts,Tree Nut,2007,382700.0,483300.0,1052,24.6,245.53,169.202,1262.9
Areca nuts,Tree Nut,2008,386600.0,476000.0,981,24.26,267.03,169.395,1231.2
Areca nuts,Tree Nut,2009,387100.0,481300.0,731,25.14,289.69,169.724,1243.3
Areca nuts,Tree Nut,2010,400100.0,478000.0,1011,25.13,305.91,169.234,1194.7
Areca nuts,Tree Nut,2011,400100.0,478000.0,1011,24.34,321.53,169.369,1194.7
Areca nuts,Tree Nut,2012,464000.0,681000.0,919,24.48,317.58,169.346,1467.7
Areca nuts,Tree Nut,2013,446000.0,609000.0,1002,24.42,306.69,169.442,1365.5
Areca nuts,Tree Nut,2014,452000.0,622000.0,882,24.52,318.21,169.463,1376.1
Areca nuts,Tree Nut,2015,450000.0,747000.0,772,24.69,329.28,169.413,1660.0
Areca nuts,Tree Nut,2016,474000.0,714000.0,973,25.07,319.47,169.317,1506.3
Areca nuts,Tree Nut,2017,455000.0,723000.0,952,24.96,325.62,168.895,1589.0
Areca nuts,Tree Nut,2018,497000.0,833000.0,913,24.88,336.43,168.778,1676.1
Areca nuts,Tree Nut,2019,522000.0,901000.0,1012,24.8,365.61,168.669,1726.1
Areca nuts,Tree Nut,2020,747000.0,1382000.0,1089,24.51,472.49,168.048,1850.1
Areca nuts,Tree Nut,2021,794000.0,1563000.0,870,24.73,455.66,168.14,1968.5
Areca nuts,Tree Nut,2022,849000.0,1666000.0,925,24.78,450.93,168.231,1962.3
Areca nuts,Tree Nut,2023,938000.0,1369000.0,820,24.9,455.08,168.323,1459.5
Areca nuts,Tree Nut,2024,949403.0,1410966.0,868,25.14,455.08,168.323,1486.2
Bananas,Fruit,1961,165000.0,2257000.0,1013,23.82,2.0,160.986,13678.8
Bananas,Fruit,1962,181000.0,2425000.0,899,23.53,2.4,162.4,13397.8
Bananas,Fruit,1963,193000.0,2601000.0,920,23.98,2.9,162.05,13476.7
Bananas,Fruit,1964,198000.0,2684000.0,884,23.97,3.5,162.118,13555.6
Bananas,Fruit,1965,211000.0,3271000.0,788,23.93,4.1,162.434,15502.4
Bananas,Fruit,1966,209000.0,3412000.0,939,24.32,4.8,162.72,16325.4
Bananas,Fruit,1967,208000.0,3203000.0,943,23.8,5.7,163.79,15399.0
Bananas,Fruit,1968,220000.0,3125000.0,858,23.81,6.8,164.569,14204.5
Bananas,Fruit,1969,229800.0,3172500.0,999,24.35,8.0,164.476,13805.5
Bananas,Fruit,1970,224500.0,2896800.0,916,24.05,9.5,165.06,12903.3
Bananas,Fruit,1971,224700.0,3374100.0,887,23.51,11.0,164.556,15016.0
Bananas,Fruit,1972,219400.0,3190000.0,761,24.0,12.8,164.986,14539.7
Bananas,Fruit,1973,222800.0,3167100.0,990,24.3,14.0,166.044,14215.0
Bananas,Fruit,1974,235200.0,3274100.0,878,24.01,13.5,166.501,13920.5
Bananas,Fruit,1975,231400.0,3409000.0,963,23.68,15.1,166.838,14732.1
Bananas,Fruit,1976,245800.0,3758200.0,836,23.95,16.8,167.057,15289.7
Bananas,Fruit,1977,268800.0,4245900.0,912,24.13,19.0,167.059,15795.8
Bananas,Fruit,1978,268400.0,4560900.0,956,23.82,21.5,168.239,16992.9
Bananas,Fruit,1979,274400.0,4273500.0,797,24.29,23.0,168.444,15574.0
Bananas,Fruit,1980,291300.0,4354000.0,921,24.39,25.0,168.154,14946.8
Bananas,Fruit,1981,290900.0,4580000.0,912,24.06,28.0,168.412,15744.2
Bananas,Fruit,1982,284900.0,4221300.0,834,23.98,30.5,168.746,14816.8
Bananas,Fruit,1983,282900.0,4647700.0,1009,23.86,33.0,168.532,16428.8
Bananas,Fruit,1984,301800.0,5247700.0,854,23.88,36.0,169.418,17388.0
Bananas,Fruit,1985,304400.0,5389800.0,897,24.2,39.5,169.34,17706.3
Bananas,Fruit,1986,300200.0,5714000.0,859,24.18,42.0,169.409,19034.0
Bananas,Fruit,1987,306900.0,5917900.0,757,24.56,43.5,169.705,19282.8
Bananas,Fruit,1988,500000.0,5989900.0,1035,24.5,47.0,169.368,11979.8
Bananas,Fruit,1989,332800.0,6409200.0,899,23.98,50.5,169.976,19258.4
Bananas,Fruit,1990,365000.0,7153000.0,926,23.92,55.0,170.109,19597.3
Bananas,Fruit,1991,378600.0,7853100.0,921,24.18,57.5,170.182,20742.5
Bananas,Fruit,1992,425000.0,8523000.0,820,24.01,60.0,170.006,20054.1
Bananas,Fruit,1993,433000.0,9945000.0,960,24.2,63.0,170.286,22967.7
Bananas,Fruit,1994,441000.0,10686000.0,1010,24.08,67.0,170.325,24231.3
Bananas,Fruit,1995,428000.0,10182000.0,870,24.21,72.0,169.911,23789.7
Bananas,Fruit,1996,438000.0,10299000.0,1034,24.3,76.0,169.525,23513.7
Bananas,Fruit,1997,447000.0,13340000.0,852,23.92,79.0,170.101,29843.4
Bananas,Fruit,1998,460000.0,15100000.0,1002,24.57,83.0,170.029,32826.1
Bananas,Fruit,1999,490000.0,16810000.0,823,24.46,87.0,170.125,34306.1
Bananas,Fruit,2000,469700.0,14137300.0,876,24.33,90.0,170.13,30098.6
Bananas,Fruit,2001,466200.0,14209900.0,894,24.46,94.0,169.825,30480.3
Bananas,Fruit,2002,475300.0,13304400.0,705,24.8,156.38,170.032,27991.6
Bananas,Fruit,2003,498600.0,13856600.0,980,24.66,164.84,169.799,27791.0
Bananas,Fruit,2004,589600.0,16744500.0,822,24.54,192.35,169.891,28399.8
Bananas,Fruit,2005,569500.0,18887800.0,919,24.56,208.53,169.674,33165.6
Bananas,Fruit,2006,604200.0,20997800.0,903,24.64,239.93,169.462,34753.1
Bananas,Fruit,2007,658000.0,23823000.0,1052,24.6,245.53,169.202,36205.2
Bananas,Fruit,2008,709000.0,26217000.0,981,24.26,267.03,169.395,36977.4
Bananas,Fruit,2009,770300.0,26469500.0,731,25.14,289.69,169.724,34362.6
Bananas,Fruit,2010,830000.0,29780000.0,1011,25.13,305.91,169.234,35879.5
Bananas,Fruit,2011,796500.0,28455100.0,1011,24.34,321.53,169.369,35725.2
Bananas,Fruit,2012,776000.0,26509000.0,919,24.48,317.58,169.346,34161.1
Bananas,Fruit,2013,796000.0,27575000.0,1002,24.42,306.69,169.442,34642.0
Bananas,Fruit,2014,802570.0,29724550.0,882,24.52,318.21,169.463,37036.7
Bananas,Fruit,2015,822000.0,29221000.0,772,24.69,329.28,169.413,35548.7
Bananas,Fruit,2016,841000.0,29135000.0,973,25.07,319.47,169.317,34643.3
Bananas,Fruit,2017,860000.0,30477000.0,952,24.96,325.62,168.895,35438.4
Bananas,Fruit,2018,884000.0,30808000.0,913,24.88,336.43,168.778,34850.7
Bananas,Fruit,2019,866000.0,30460000.0,1012,24.8,365.61,168.669,35173.2
Bananas,Fruit,2020,897000.0,32597000.0,1089,24.51,472.49,168.048,36340.0
Bananas,Fruit,2021,924000.0,33062000.0,870,24.73,455.66,168.14,35781.4
Bananas,Fruit,2022,963000.0,34528000.0,925,24.78,450.93,168.231,35854.6
Bananas,Fruit,2023,994000.0,36614000.0,820,24.9,455.08,168.323,36835.0
Bananas,Fruit,2024,948469.0,37614362.0,868,25.14,455.08,168.323,39658.0
Barley,Cereal,1961,3205000.0,2819000.0,1013,23.82,2.0,160.986,879.6
Barley,Cereal,1962,3312000.0,3150000.0,899,23.53,2.4,162.4,951.1
Barley,Cereal,1963,3019000.0,2420000.0,920,23.98,2.9,162.05,801.6
Barley,Cereal,1964,2774000.0,2038000.0,884,23.97,3.5,162.118,734.7
Barley,Cereal,1965,2682000.0,2521000.0,788,23.93,4.1,162.434,940.0
Barley,Cereal,1966,2640000.0,2382000.0,939,24.32,4.8,162.72,902.3
Barley,Cereal,1967,2824800.0,2348400.0,943,23.8,5.7,163.79,831.4
Barley,Cereal,1968,3375200.0,3503600.0,858,23.81,6.8,164.569,1038.0
Barley,Cereal,1969,2758200.0,2423800.0,999,24.35,8.0,164.476,878.8
Barley,Cereal,1970,2764900.0,2716300.0,916,24.05,9.5,165.06,982.4
Barley,Cereal,1971,2554600.0,2784400.0,887,23.51,11.0,164.556,1090.0
Barley,Cereal,1972,2455300.0,2577000.0,761,24.0,12.8,164.986,1049.6
Barley,Cereal,1973,2448900.0,2379100.0,990,24.3,14.0,166.044,971.5
Barley,Cereal,1974,2650000.0,2371000.0,878,24.01,13.5,166.501,894.7
Barley,Cereal,1975,2884900.0,3134700.0,963,23.68,15.1,166.838,1086.6
Barley,Cereal,1976,2801800.0,3191900.0,836,23.95,16.8,167.057,1139.2
Barley,Cereal,1977,2241400.0,2343800.0,912,24.13,19.0,167.059,1045.7
Barley,Cereal,1978,2001400.0,2311200.0,956,23.82,21.5,168.239,1154.8
Barley,Cereal,1979,1827800.0,2142000.0,797,24.29,23.0,168.444,1171.9
Barley,Cereal,1980,1771200.0,1623700.0,921,24.39,25.0,168.154,916.7
Barley,Cereal,1981,1807000.0,2293000.0,912,24.06,28.0,168.412,1269.0
Barley,Cereal,1982,1727500.0,1992600.0,834,23.98,30.5,168.746,1153.5
Barley,Cereal,1983,1482800.0,1866800.0,1009,23.86,33.0,168.532,1259.0
Barley,Cereal,1984,1386000.0,1834000.0,854,23.88,36.0,169.418,1323.2
Barley,Cereal,1985,1253100.0,1555900.0,897,24.2,39.5,169.34,1241.6
Barley,Cereal,1986,1368800.0,1962500.0,859,24.18,42.0,169.409,1433.7
Barley,Cereal,1987,1224700.0,1669400.0,757,24.56,43.5,169.705,1363.1
Barley,Cereal,1988,1142700.0,1576800.0,1035,24.5,47.0,169.368,1379.9
Barley,Cereal,1989,1081100.0,1721600.0,899,23.98,50.5,169.976,1592.5
Barley,Cereal,1990,990600.0,1485700.0,926,23.92,55.0,170.109,1499.8
Barley,Cereal,1991,962200.0,1632400.0,921,24.18,57.5,170.182,1696.5
Barley,Cereal,1992,953900.0,1698700.0,820,24.01,60.0,170.006,1780.8
Barley,Cereal,1993,915600.0,1512400.0,960,24.2,63.0,170.286,1651.8
Barley,Cereal,1994,794100.0,1312700.0,1010,24.08,67.0,170.325,1653.1
Barley,Cereal,1995,890800.0,1283000.0,870,24.21,72.0,169.911,1440.3
Barley,Cereal,1996,824000.0,1510000.0,1034,24.3,76.0,169.525,1832.5
Barley,Cereal,1997,757400.0,1462000.0,852,23.92,79.0,170.101,1930.3
Barley,Cereal,1998,857800.0,1679400.0,1002,24.57,83.0,170.029,1957.8
Barley,Cereal,1999,792800.0,1537800.0,823,24.46,87.0,170.125,1939.7
Barley,Cereal,2000,724500.0,1447000.0,876,24.33,90.0,170.13,1997.2
Barley,Cereal,2001,777500.0,1430600.0,894,24.46,94.0,169.825,1840.0
Barley,Cereal,2002,659500.0,1424500.0,705,24.8,156.38,170.032,2160.0
Barley,Cereal,2003,701600.0,1407400.0,980,24.66,164.84,169.799,2006.0
Barley,Cereal,2004,657000.0,1297600.0,822,24.54,192.35,169.891,1975.0
Barley,Cereal,2005,616500.0,1207100.0,919,24.56,208.53,169.674,1958.0
Barley,Cereal,2006,629900.0,1220600.0,903,24.64,239.93,169.462,1937.8
Barley,Cereal,2007,646200.0,1330000.0,1052,24.6,245.53,169.202,2058.2
Barley,Cereal,2008,602600.0,1200000.0,981,24.26,267.03,169.395,1991.4
Barley,Cereal,2009,705700.0,1689100.0,731,25.14,289.69,169.724,2393.5
Barley,Cereal,2010,623800.0,1354700.0,1011,25.13,305.91,169.234,2171.7
Barley,Cereal,2011,705400.0,1662900.0,1011,24.34,321.53,169.369,2357.4
Barley,Cereal,2012,643000.0,1620000.0,919,24.48,317.58,169.346,2519.4
Barley,Cereal,2013,695000.0,1750000.0,1002,24.42,306.69,169.442,2518.0
Barley,Cereal,2014,673500.0,1830000.0,882,24.52,318.21,169.463,2717.1
Barley,Cereal,2015,707000.0,1613000.0,772,24.69,329.28,169.413,2281.5
Barley,Cereal,2016,590000.0,1440000.0,973,25.07,319.47,169.317,2440.7
Barley,Cereal,2017,656250.0,1747450.0,952,24.96,325.62,168.895,2662.8
Barley,Cereal,2018,660800.0,1780810.0,913,24.88,336.43,168.778,2694.9
Barley,Cereal,2019,575600.0,1633070.0,1012,24.8,365.61,168.669,2837.2
Barley,Cereal,2020,589570.0,1721830.0,1089,24.51,472.49,168.048,2920.5
Barley,Cereal,2021,592470.0,1656340.0,870,24.73,455.66,168.14,2795.7
Barley,Cereal,2022,453320.0,1371360.0,925,24.78,450.93,168.231,3025.1
Barley,Cereal,2023,628325.0,1912919.44,820,24.9,455.08,168.323,3044.5
Barley,Cereal,2024,551317.0,1699235.48,868,25.14,455.08,168.323,3082.1
"Beans, dry",Pulse,1961,6541248.0,1685627.0,1013,23.82,2.0,160.986,257.7
"Beans, dry",Pulse,1962,6725782.0,1804505.0,899,23.53,2.4,162.4,268.3
"Beans, dry",Pulse,1963,7040000.0,1825800.0,920,23.98,2.9,162.05,259.3
"Beans, dry",Pulse,1964,7332400.0,2059400.0,884,23.97,3.5,162.118,280.9
"Beans, dry",Pulse,1965,7088400.0,1701700.0,788,23.93,4.1,162.434,240.1
"Beans, dry",Pulse,1966,7247400.0,1688500.0,939,24.32,4.8,162.72,233.0
"Beans, dry",Pulse,1967,7548200.0,2007100.0,943,23.8,5.7,163.79,265.9
"Beans, dry",Pulse,1968,7406700.0,1864700.0,858,23.81,6.8,164.569,251.8
"Beans, dry",Pulse,1969,7461100.0,2014000.0,999,24.35,8.0,164.476,269.9
"Beans, dry",Pulse,1970,7796000.0,2409000.0,916,24.05,9.5,165.06,309.0
"Beans, dry",Pulse,1971,7520500.0,2032800.0,887,23.51,11.0,164.556,270.3
"Beans, dry",Pulse,1972,7491700.0,1747400.0,761,24.0,12.8,164.986,233.2
"Beans, dry",Pulse,1973,8640100.0,2670300.0,990,24.3,14.0,166.044,309.1
"Beans, dry",Pulse,1974,8361000.0,2175100.0,878,24.01,13.5,166.501,260.1
"Beans, dry",Pulse,1975,8750100.0,2767400.0,963,23.68,15.1,166.838,316.3
"Beans, dry",Pulse,1976,8204500.0,2463300.0,836,23.95,16.8,167.057,300.2
"Beans, dry",Pulse,1977,8329900.0,2746500.0,912,24.13,19.0,167.059,329.7
"Beans, dry",Pulse,1978,8397100.0,2550600.0,956,23.82,21.5,168.239,303.7
"Beans, dry",Pulse,1979,8153400.0,1986400.0,797,24.29,23.0,168.444,243.6
"Beans, dry",Pulse,1980,9298600.0,2751600.0,921,24.39,25.0,168.154,295.9
"Beans, dry",Pulse,1981,9038500.0,2943900.0,912,24.06,28.0,168.412,325.7
"Beans, dry",Pulse,1982,8671900.0,2862100.0,834,23.98,30.5,168.746,330.0
"Beans, dry",Pulse,1983,9113200.0,3501700.0,1009,23.86,33.0,168.532,384.2
"Beans, dry",Pulse,1984,9062600.0,3115200.0,854,23.88,36.0,169.418,343.7
"Beans, dry",Pulse,1985,9458000.0,3128000.0,897,24.2,39.5,169.34,330.7
"Beans, dry",Pulse,1986,9360000.0,3076600.0,859,24.18,42.0,169.409,328.7
"Beans, dry",Pulse,1987,8725200.0,3244600.0,757,24.56,43.5,169.705,371.9
"Beans, dry",Pulse,1988,9423700.0,4036300.0,1035,24.5,47.0,169.368,428.3
"Beans, dry",Pulse,1989,9691000.0,3902000.0,899,23.98,50.5,169.976,402.6
"Beans, dry",Pulse,1990,9790700.0,4084900.0,926,23.92,55.0,170.109,417.2
"Beans, dry",Pulse,1991,23770100.0,10400800.0,921,24.18,57.5,170.182,437.6
"Beans, dry",Pulse,1992,24385800.0,12348200.0,820,24.01,60.0,170.006,506.4
"Beans, dry",Pulse,1993,21513400.0,9792810.0,960,24.2,63.0,170.286,455.2
"Beans, dry",Pulse,1994,20831100.0,9720000.0,1010,24.08,67.0,170.325,466.6
"Beans, dry",Pulse,1995,20446800.0,9164700.0,870,24.21,72.0,169.911,448.2
"Beans, dry",Pulse,1996,14788800.0,7379000.0,1034,24.3,76.0,169.525,499.0
"Beans, dry",Pulse,1997,9927500.0,4667100.0,852,23.92,79.0,170.101,470.1
"Beans, dry",Pulse,1998,9680400.0,4178300.0,1002,24.57,83.0,170.029,431.6
"Beans, dry",Pulse,1999,8826600.0,4149900.0,823,24.46,87.0,170.125,470.2
"Beans, dry",Pulse,2000,9948700.0,4606800.0,876,24.33,90.0,170.13,463.1
"Beans, dry",Pulse,2001,9767100.0,4435000.0,894,24.46,94.0,169.825,454.1
"Beans, dry",Pulse,2002,9324700.0,4047700.0,705,24.8,156.38,170.032,434.1
"Beans, dry",Pulse,2003,10766300.0,5672300.0,980,24.66,164.84,169.799,526.9
"Beans, dry",Pulse,2004,10419500.0,4355600.0,822,24.54,192.35,169.891,418.0
"Beans, dry",Pulse,2005,9566000.0,4075400.0,919,24.56,208.53,169.674,426.0
"Beans, dry",Pulse,2006,9615400.0,4454720.0,903,24.64,239.93,169.462,463.3
"Beans, dry",Pulse,2007,10572500.0,5482500.0,1052,24.6,245.53,169.202,518.6
"Beans, dry",Pulse,2008,9113800.0,4218777.43,981,24.26,267.03,169.395,462.9
"Beans, dry",Pulse,2009,9395666.0,3596420.0,731,25.14,289.69,169.724,382.8
"Beans, dry",Pulse,2010,10240275.0,6209347.27,1011,25.13,305.91,169.234,606.4
"Beans, dry",Pulse,2011,9755328.0,5360099.17,1011,24.34,321.53,169.369,549.5
"Beans, dry",Pulse,2012,8716135.0,5163550.92,919,24.48,317.58,169.346,592.4
"Beans, dry",Pulse,2013,9021480.0,5283381.99,1002,24.42,306.69,169.442,585.6
"Beans, dry",Pulse,2014,8799189.0,5641486.0,882,24.52,318.21,169.463,641.1
"Beans, dry",Pulse,2015,10210401.0,6023531.63,772,24.69,329.28,169.413,589.9
"Beans, dry",Pulse,2016,12045276.0,7468601.53,973,25.07,319.47,169.317,620.0
"Beans, dry",Pulse,2017,12432165.0,7961142.08,952,24.96,325.62,168.895,640.4
"Beans, dry",Pulse,2018,13225137.0,7885365.98,913,24.88,336.43,168.778,596.2
"Beans, dry",Pulse,2019,11812814.0,6847843.72,1012,24.8,365.61,168.669,579.7
"Beans, dry",Pulse,2020,11559011.0,7225166.79,1089,24.51,472.49,168.048,625.1
"Beans, dry",Pulse,2021,12469911.0,7454701.48,870,24.73,455.66,168.14,597.8
"Beans, dry",Pulse,2022,11725112.0,8564105.78,925,24.78,450.93,168.231,730.4
"Beans, dry",Pulse,2023,11354281.0,8168142.7,820,24.9,455.08,168.323,719.4
"Beans, dry",Pulse,2024,11713147.0,7990946.0,868,25.14,455.08,168.323,682.2
Cabbages,Vegetable,1961,21000.0,288000.0,1013,23.82,2.0,160.986,13714.3
Cabbages,Vegetable,1962,22000.0,295000.0,899,23.53,2.4,162.4,13409.1
Cabbages,Vegetable,1963,23000.0,305000.0,920,23.98,2.9,162.05,13260.9
Cabbages,Vegetable,1964,24000.0,315000.0,884,23.97,3.5,162.118,13125.0
Cabbages,Vegetable,1965,25000.0,325000.0,788,23.93,4.1,162.434,13000.0
Cabbages,Vegetable,1966,27000.0,350000.0,939,24.32,4.8,162.72,12963.0
Cabbages,Vegetable,1967,30000.0,400000.0,943,23.8,5.7,163.79,13333.3
Cabbages,Vegetable,1968,38000.0,500000.0,858,23.81,6.8,164.569,13157.9
Cabbages,Vegetable,1969,45000.0,600000.0,999,24.35,8.0,164.476,13333.3
Cabbages,Vegetable,1970,52000.0,700000.0,916,24.05,9.5,165.06,13461.5
Cabbages,Vegetable,1971,59000.0,800000.0,887,23.51,11.0,164.556,13559.3
Cabbages,Vegetable,1972,66000.0,900000.0,761,24.0,12.8,164.986,13636.4
Cabbages,Vegetable,1973,73000.0,1000000.0,990,24.3,14.0,166.044,13698.6
Cabbages,Vegetable,1974,80000.0,1100000.0,878,24.01,13.5,166.501,13750.0
Cabbages,Vegetable,1975,87000.0,1200000.0,963,23.68,15.1,166.838,13793.1
Cabbages,Vegetable,1976,94000.0,1300000.0,836,23.95,16.8,167.057,13829.8
Cabbages,Vegetable,1977,101000.0,1400000.0,912,24.13,19.0,167.059,13861.4
Cabbages,Vegetable,1978,108000.0,1500000.0,956,23.82,21.5,168.239,13888.9
Cabbages,Vegetable,1979,115000.0,1600000.0,797,24.29,23.0,168.444,13913.0
Cabbages,Vegetable,1980,121000.0,1700000.0,921,24.39,25.0,168.154,14049.6
Cabbages,Vegetable,1981,128000.0,1800000.0,912,24.06,28.0,168.412,14062.5
Cabbages,Vegetable,1982,134000.0,1900000.0,834,23.98,30.5,168.746,14179.1
Cabbages,Vegetable,1983,141000.0,2000000.0,1009,23.86,33.0,168.532,14184.4
Cabbages,Vegetable,1984,148000.0,2100000.0,854,23.88,36.0,169.418,14189.2
Cabbages,Vegetable,1985,148000.0,2100000.0,897,24.2,39.5,169.34,14189.2
Cabbages,Vegetable,1986,155000.0,2200000.0,859,24.18,42.0,169.409,14193.5
Cabbages,Vegetable,1987,155000.0,2200000.0,757,24.56,43.5,169.705,14193.5
Cabbages,Vegetable,1988,160296.0,2311789.0,1035,24.5,47.0,169.368,14422.0
Cabbages,Vegetable,1989,165460.0,2341561.0,899,23.98,50.5,169.976,14151.8
Cabbages,Vegetable,1990,167896.0,2373632.0,926,23.92,55.0,170.109,14137.5
Cabbages,Vegetable,1991,178353.0,2796431.0,921,24.18,57.5,170.182,15679.2
Cabbages,Vegetable,1992,215865.0,4357050.0,820,24.01,60.0,170.006,20184.1
Cabbages,Vegetable,1993,230000.0,3590000.0,960,24.2,63.0,170.286,15608.7
Cabbages,Vegetable,1994,220000.0,3910000.0,1010,24.08,67.0,170.325,17772.7
Cabbages,Vegetable,1995,222500.0,4262500.0,870,24.21,72.0,169.911,19157.3
Cabbages,Vegetable,1996,225000.0,4615000.0,1034,24.3,76.0,169.525,20511.1
Cabbages,Vegetable,1997,227500.0,4967500.0,852,23.92,79.0,170.101,21835.2
Cabbages,Vegetable,1998,230000.0,5320000.0,1002,24.57,83.0,170.029,23130.4
Cabbages,Vegetable,1999,240000.0,5620000.0,823,24.46,87.0,170.125,23416.7
Cabbages,Vegetable,2000,258300.0,5909400.0,876,24.33,90.0,170.13,22878.0
Cabbages,Vegetable,2001,245400.0,5506500.0,894,24.46,94.0,169.825,22438.9
Cabbages,Vegetable,2002,258100.0,5678200.0,705,24.8,156.38,170.032,22000.0
Cabbages,Vegetable,2003,233800.0,5392000.0,980,24.66,164.84,169.799,23062.4
Cabbages,Vegetable,2004,255100.0,5594600.0,822,24.54,192.35,169.891,21931.0
Cabbages,Vegetable,2005,287800.0,6113500.0,919,24.56,208.53,169.674,21242.2
Cabbages,Vegetable,2006,253500.0,5637300.0,903,24.64,239.93,169.462,22237.9
Cabbages,Vegetable,2007,249000.0,5584000.0,1052,24.6,245.53,169.202,22425.7
Cabbages,Vegetable,2008,266000.0,5910000.0,981,24.26,267.03,169.395,22218.0
Cabbages,Vegetable,2009,310200.0,6869600.0,731,25.14,289.69,169.724,22145.7
Cabbages,Vegetable,2010,300500.0,7281400.0,1011,25.13,305.91,169.234,24230.9
Cabbages,Vegetable,2011,369000.0,7949000.0,1011,24.34,321.53,169.369,21542.0
Cabbages,Vegetable,2012,390000.0,8412000.0,919,24.48,317.58,169.346,21569.2
Cabbages,Vegetable,2013,372000.0,8534000.0,1002,24.42,306.69,169.442,22940.9
Cabbages,Vegetable,2014,400140.0,9039220.0,882,24.52,318.21,169.463,22590.1
Cabbages,Vegetable,2015,386000.0,8585000.0,772,24.69,329.28,169.413,22240.9
Cabbages,Vegetable,2016,394000.0,8806000.0,973,25.07,319.47,169.317,22350.3
Cabbages,Vegetable,2017,395000.0,8807000.0,952,24.96,325.62,168.895,22296.2
Cabbages,Vegetable,2018,399000.0,9037000.0,913,24.88,336.43,168.778,22649.1
Cabbages,Vegetable,2019,400000.0,9127000.0,1012,24.8,365.61,168.669,22817.5
Cabbages,Vegetable,2020,401000.0,9272000.0,1089,24.51,472.49,168.048,23122.2
Cabbages,Vegetable,2021,412000.0,9560000.0,870,24.73,455.66,168.14,23203.9
Cabbages,Vegetable,2022,423000.0,9825000.0,925,24.78,450.93,168.231,23227.0
Cabbages,Vegetable,2023,433000.0,10049000.0,820,24.9,455.08,168.323,23207.9
Cabbages,Vegetable,2024,442332.0,10431705.0,868,25.14,455.08,168.323,23583.4
Cantaloupes and other melons,Fruit,1961,9500.0,130000.0,1013,23.82,2.0,160.986,13684.2
Cantaloupes and other melons,Fruit,1962,9800.0,135000.0,899,23.53,2.4,162.4,13775.5
Cantaloupes and other melons,Fruit,1963,10000.0,140000.0,920,23.98,2.9,162.05,14000.0
Cantaloupes and other melons,Fruit,1964,10500.0,150000.0,884,23.97,3.5,162.118,14285.7
Cantaloupes and other melons,Fruit,1965,10900.0,155000.0,788,23.93,4.1,162.434,14220.2
Cantaloupes and other melons,Fruit,1966,11500.0,165000.0,939,24.32,4.8,162.72,14347.8
Cantaloupes and other melons,Fruit,1967,12000.0,180000.0,943,23.8,5.7,163.79,15000.0
Cantaloupes and other melons,Fruit,1968,12500.0,183000.0,858,23.81,6.8,164.569,14640.0
Cantaloupes and other melons,Fruit,1969,12600.0,190000.0,999,24.35,8.0,164.476,15079.4
Cantaloupes and other melons,Fruit,1970,13000.0,195000.0,916,24.05,9.5,165.06,15000.0
Cantaloupes and other melons,Fruit,1971,14000.0,200000.0,887,23.51,11.0,164.556,14285.7
Cantaloupes and other melons,Fruit,1972,15000.0,220000.0,761,24.0,12.8,164.986,14666.7
Cantaloupes and other melons,Fruit,1973,15500.0,230000.0,990,24.3,14.0,166.044,14838.7
Cantaloupes and other melons,Fruit,1974,16000.0,250000.0,878,24.01,13.5,166.501,15625.0
Cantaloupes and other melons,Fruit,1975,17000.0,270000.0,963,23.68,15.1,166.838,15882.4
Cantaloupes and other melons,Fruit,1976,17000.0,275000.0,836,23.95,16.8,167.057,16176.5
Cantaloupes and other melons,Fruit,1977,18000.0,290000.0,912,24.13,19.0,167.059,16111.1
Cantaloupes and other melons,Fruit,1978,18500.0,310000.0,956,23.82,21.5,168.239,16756.8
Cantaloupes and other melons,Fruit,1979,20000.0,340000.0,797,24.29,23.0,168.444,17000.0
Cantaloupes and other melons,Fruit,1980,21500.0,370000.0,921,24.39,25.0,168.154,17209.3
Cantaloupes and other melons,Fruit,1981,22000.0,400000.0,912,24.06,28.0,168.412,18181.8
Cantaloupes and other melons,Fruit,1982,23500.0,440000.0,834,23.98,30.5,168.746,18723.4
Cantaloupes and other melons,Fruit,1983,25000.0,470000.0,1009,23.86,33.0,168.532,18800.0
Cantaloupes and other melons,Fruit,1984,26500.0,500000.0,854,23.88,36.0,169.418,18867.9
Cantaloupes and other melons,Fruit,1985,28000.0,530000.0,897,24.2,39.5,169.34,18928.6
Cantaloupes and other melons,Fruit,1986,28000.0,550000.0,859,24.18,42.0,169.409,19642.9
Cantaloupes and other melons,Fruit,1987,29000.0,580000.0,757,24.56,43.5,169.705,20000.0
Cantaloupes and other melons,Fruit,1988,29500.0,600000.0,1035,24.5,47.0,169.368,20339.0
Cantaloupes and other melons,Fruit,1989,30000.0,610000.0,899,23.98,50.5,169.976,20333.3
Cantaloupes and other melons,Fruit,1990,30500.0,615000.0,926,23.92,55.0,170.109,20163.9
Cantaloupes and other melons,Fruit,1991,29000.0,633000.0,921,24.18,57.5,170.182,21827.6
Cantaloupes and other melons,Fruit,1992,31000.0,620000.0,820,24.01,60.0,170.006,20000.0
Cantaloupes and other melons,Fruit,1993,31184.0,625000.0,960,24.2,63.0,170.286,20042.1
Cantaloupes and other melons,Fruit,1994,30594.0,630000.0,1010,24.08,67.0,170.325,20592.4
Cantaloupes and other melons,Fruit,1995,30734.0,635000.0,870,24.21,72.0,169.911,20661.0
Cantaloupes and other melons,Fruit,1996,31300.0,640000.0,1034,24.3,76.0,169.525,20447.3
Cantaloupes and other melons,Fruit,1997,31080.0,646357.08,852,23.92,79.0,170.101,20796.6
Cantaloupes and other melons,Fruit,1998,30961.0,645787.8,1002,24.57,83.0,170.029,20857.8
Cantaloupes and other melons,Fruit,1999,31003.0,648469.78,823,24.46,87.0,170.125,20916.5
Cantaloupes and other melons,Fruit,2000,31500.0,645000.0,876,24.33,90.0,170.13,20476.2
Cantaloupes and other melons,Fruit,2001,31261.0,657153.03,894,24.46,94.0,169.825,21021.3
Cantaloupes and other melons,Fruit,2002,31557.0,665402.67,705,24.8,156.38,170.032,21085.7
Cantaloupes and other melons,Fruit,2003,31771.0,674080.08,980,24.66,164.84,169.799,21217.1
Cantaloupes and other melons,Fruit,2004,35533.0,758528.68,822,24.54,192.35,169.891,21347.0
Cantaloupes and other melons,Fruit,2005,36925.0,792199.13,919,24.56,208.53,169.674,21454.1
Cantaloupes and other melons,Fruit,2006,38025.0,819427.0,903,24.64,239.93,169.462,21549.9
Cantaloupes and other melons,Fruit,2007,39160.0,847701.58,1052,24.6,245.53,169.202,21647.3
Cantaloupes and other melons,Fruit,2008,40286.0,876007.99,981,24.26,267.03,169.395,21744.6
Cantaloupes and other melons,Fruit,2009,41391.0,904054.36,731,25.14,289.69,169.724,21841.6
Cantaloupes and other melons,Fruit,2010,42469.0,931687.99,1011,25.13,305.91,169.234,21938.1
Cantaloupes and other melons,Fruit,2011,39500.0,739900.0,1011,24.34,321.53,169.369,18731.6
Cantaloupes and other melons,Fruit,2012,38000.0,791000.0,919,24.48,317.58,169.346,20815.8
Cantaloupes and other melons,Fruit,2013,42000.0,868000.0,1002,24.42,306.69,169.442,20666.7
Cantaloupes and other melons,Fruit,2014,37000.0,761000.0,882,24.52,318.21,169.463,20567.6
Cantaloupes and other melons,Fruit,2015,42000.0,863000.0,772,24.69,329.28,169.413,20547.6
Cantaloupes and other melons,Fruit,2016,45000.0,935000.0,973,25.07,319.47,169.317,20777.8
Cantaloupes and other melons,Fruit,2017,50000.0,1097000.0,952,24.96,325.62,168.895,21940.0
Cantaloupes and other melons,Fruit,2018,54000.0,1231000.0,913,24.88,336.43,168.778,22796.3
Cantaloupes and other melons,Fruit,2019,57000.0,1266000.0,1012,24.8,365.61,168.669,22210.5
Cantaloupes and other melons,Fruit,2020,61000.0,1368000.0,1089,24.51,472.49,168.048,22426.2
Cantaloupes and other melons,Fruit,2021,75000.0,1478000.0,870,24.73,455.66,168.14,19706.7
Cantaloupes and other melons,Fruit,2022,68000.0,1498000.0,925,24.78,450.93,168.231,22029.4
Cantaloupes and other melons,Fruit,2023,68000.0,1498000.0,820,24.9,455.08,168.323,22029.4
Cantaloupes and other melons,Fruit,2024,66614.0,1540738.0,868,25.14,455.08,168.323,23129.3
Carrots and turnips,Vegetable,1961,8000.0,64000.0,1013,23.82,2.0,160.986,8000.0
Carrots and turnips,Vegetable,1962,8500.0,70000.0,899,23.53,2.4,162.4,8235.3
Carrots and turnips,Vegetable,1963,9000.0,74000.0,920,23.98,2.9,162.05,8222.2
Carrots and turnips,Vegetable,1964,9500.0,81000.0,884,23.97,3.5,162.118,8526.3
Carrots and turnips,Vegetable,1965,10000.0,85000.0,788,23.93,4.1,162.434,8500.0
Carrots and turnips,Vegetable,1966,10450.0,92000.0,939,24.32,4.8,162.72,8803.8
Carrots and turnips,Vegetable,1967,10900.0,96000.0,943,23.8,5.7,163.79,8807.3
Carrots and turnips,Vegetable,1968,11300.0,100000.0,858,23.81,6.8,164.569,8849.6
Carrots and turnips,Vegetable,1969,11800.0,110000.0,999,24.35,8.0,164.476,9322.0
Carrots and turnips,Vegetable,1970,12000.0,112000.0,916,24.05,9.5,165.06,9333.3
Carrots and turnips,Vegetable,1971,12400.0,120000.0,887,23.51,11.0,164.556,9677.4
Carrots and turnips,Vegetable,1972,12800.0,124000.0,761,24.0,12.8,164.986,9687.5
Carrots and turnips,Vegetable,1973,13300.0,129000.0,990,24.3,14.0,166.044,9699.2
Carrots and turnips,Vegetable,1974,14000.0,140000.0,878,24.01,13.5,166.501,10000.0
Carrots and turnips,Vegetable,1975,14300.0,143000.0,963,23.68,15.1,166.838,10000.0
Carrots and turnips,Vegetable,1976,14500.0,160000.0,836,23.95,16.8,167.057,11034.5
Carrots and turnips,Vegetable,1977,15000.0,165000.0,912,24.13,19.0,167.059,11000.0
Carrots and turnips,Vegetable,1978,15500.0,170000.0,956,23.82,21.5,168.239,10967.7
Carrots and turnips,Vegetable,1979,16000.0,184000.0,797,24.29,23.0,168.444,11500.0
Carrots and turnips,Vegetable,1980,16200.0,186000.0,921,24.39,25.0,168.154,11481.5
Carrots and turnips,Vegetable,1981,16300.0,188000.0,912,24.06,28.0,168.412,11533.7
Carrots and turnips,Vegetable,1982,16800.0,200000.0,834,23.98,30.5,168.746,11904.8
Carrots and turnips,Vegetable,1983,17000.0,204000.0,1009,23.86,33.0,168.532,12000.0
Carrots and turnips,Vegetable,1984,17500.0,227000.0,854,23.88,36.0,169.418,12971.4
Carrots and turnips,Vegetable,1985,18000.0,235000.0,897,24.2,39.5,169.34,13055.6
Carrots and turnips,Vegetable,1986,18500.0,250000.0,859,24.18,42.0,169.409,13513.5
Carrots and turnips,Vegetable,1987,19000.0,260000.0,757,24.56,43.5,169.705,13684.2
Carrots and turnips,Vegetable,1988,19500.0,272000.0,1035,24.5,47.0,169.368,13948.7
Carrots and turnips,Vegetable,1989,19700.0,275000.0,899,23.98,50.5,169.976,13959.4
Carrots and turnips,Vegetable,1990,20000.0,280000.0,926,23.92,55.0,170.109,14000.0
Carrots and turnips,Vegetable,1991,20124.0,287000.0,921,24.18,57.5,170.182,14261.6
Carrots and turnips,Vegetable,1992,23007.0,330160.89,820,24.01,60.0,170.006,14350.5
Carrots and turnips,Vegetable,1993,25953.0,375610.33,960,24.2,63.0,170.286,14472.8
Carrots and turnips,Vegetable,1994,28152.0,410180.32,1010,24.08,67.0,170.325,14570.3
Carrots and turnips,Vegetable,1995,29880.0,437989.4,870,24.21,72.0,169.911,14658.5
Carrots and turnips,Vegetable,1996,31418.0,463198.89,1034,24.3,76.0,169.525,14743.3
Carrots and turnips,Vegetable,1997,32888.0,487627.76,852,23.92,79.0,170.101,14826.9
Carrots and turnips,Vegetable,1998,34333.0,511909.52,1002,24.57,83.0,170.029,14910.2
Carrots and turnips,Vegetable,1999,35766.0,536253.56,823,24.46,87.0,170.125,14993.4
Carrots and turnips,Vegetable,2000,37192.0,560732.24,876,24.33,90.0,170.13,15076.7
Carrots and turnips,Vegetable,2001,38613.0,585375.18,894,24.46,94.0,169.825,15159.9
Carrots and turnips,Vegetable,2002,39789.0,610199.18,705,24.8,156.38,170.032,15336.0
Carrots and turnips,Vegetable,2003,40950.0,635217.47,980,24.66,164.84,169.799,15512.1
Carrots and turnips,Vegetable,2004,42098.0,660442.72,822,24.54,192.35,169.891,15688.3
Carrots and turnips,Vegetable,2005,43234.0,685887.92,919,24.56,208.53,169.674,15864.5
Carrots and turnips,Vegetable,2006,44360.0,711566.73,903,24.64,239.93,169.462,16040.8
Carrots and turnips,Vegetable,2007,45476.0,737493.62,1052,24.6,245.53,169.202,16217.2
Carrots and turnips,Vegetable,2008,46584.0,763683.93,981,24.26,267.03,169.395,16393.6
Carrots and turnips,Vegetable,2009,47685.0,790153.97,731,25.14,289.69,169.724,16570.2
Carrots and turnips,Vegetable,2010,48781.0,816921.03,1011,25.13,305.91,169.234,16746.8
Carrots and turnips,Vegetable,2011,56000.0,953000.0,1011,24.34,321.53,169.369,17017.9
Carrots and turnips,Vegetable,2012,62000.0,1153000.0,919,24.48,317.58,169.346,18596.8
Carrots and turnips,Vegetable,2013,64000.0,1145000.0,1002,24.42,306.69,169.442,17890.6
Carrots and turnips,Vegetable,2014,62000.0,1074000.0,882,24.52,318.21,169.463,17322.6
Carrots and turnips,Vegetable,2015,64000.0,968000.0,772,24.69,329.28,169.413,15125.0
Carrots and turnips,Vegetable,2016,82303.0,1338472.61,973,25.07,319.47,169.317,16262.7
Carrots and turnips,Vegetable,2017,86239.0,1349712.8,952,24.96,325.62,168.895,15650.8
Carrots and turnips,Vegetable,2018,96508.0,1648245.2,913,24.88,336.43,168.778,17078.9
Carrots and turnips,Vegetable,2019,109462.0,1893452.82,1012,24.8,365.61,168.669,17297.8
Carrots and turnips,Vegetable,2020,104982.0,1828189.05,1089,24.51,472.49,168.048,17414.3
Carrots and turnips,Vegetable,2021,108393.0,1884564.49,870,24.73,455.66,168.14,17386.4
Carrots and turnips,Vegetable,2022,133552.0,2283952.0,925,24.78,450.93,168.231,17101.6
Carrots and turnips,Vegetable,2023,122664.0,2399008.0,820,24.9,455.08,168.323,19557.6
Carrots and turnips,Vegetable,2024,125010.0,2776332.0,868,25.14,455.08,168.323,22208.9
"Cashew nuts, in shell",Tree Nut,1961,200000.0,85000.0,1013,23.82,2.0,160.986,425.0
"Cashew nuts, in shell",Tree Nut,1962,200000.0,88000.0,899,23.53,2.4,162.4,440.0
"Cashew nuts, in shell",Tree Nut,1963,215000.0,92000.0,920,23.98,2.9,162.05,427.9
"Cashew nuts, in shell",Tree Nut,1964,215000.0,95000.0,884,23.97,3.5,162.118,441.9
"Cashew nuts, in shell",Tree Nut,1965,230000.0,100000.0,788,23.93,4.1,162.434,434.8
"Cashew nuts, in shell",Tree Nut,1966,241314.0,103818.0,939,24.32,4.8,162.72,430.2
"Cashew nuts, in shell",Tree Nut,1967,249024.0,114182.0,943,23.8,5.7,163.79,458.5
"Cashew nuts, in shell",Tree Nut,1968,257107.0,118542.0,858,23.81,6.8,164.569,461.1
"Cashew nuts, in shell",Tree Nut,1969,265698.0,120438.0,999,24.35,8.0,164.476,453.3
"Cashew nuts, in shell",Tree Nut,1970,281171.0,123319.0,916,24.05,9.5,165.06,438.6
"Cashew nuts, in shell",Tree Nut,1971,302732.0,127223.0,887,23.51,11.0,164.556,420.2
"Cashew nuts, in shell",Tree Nut,1972,320034.0,130000.0,761,24.0,12.8,164.986,406.2
"Cashew nuts, in shell",Tree Nut,1973,328294.0,129766.0,990,24.3,14.0,166.044,395.3
"Cashew nuts, in shell",Tree Nut,1974,350887.0,135451.0,878,24.01,13.5,166.501,386.0
"Cashew nuts, in shell",Tree Nut,1975,361443.0,144254.0,963,23.68,15.1,166.838,399.1
"Cashew nuts, in shell",Tree Nut,1976,374653.0,161536.0,836,23.95,16.8,167.057,431.2
"Cashew nuts, in shell",Tree Nut,1977,375702.0,162457.0,912,24.13,19.0,167.059,432.4
"Cashew nuts, in shell",Tree Nut,1978,385895.0,165323.0,956,23.82,21.5,168.239,428.4
"Cashew nuts, in shell",Tree Nut,1979,419692.0,171817.0,797,24.29,23.0,168.444,409.4
"Cashew nuts, in shell",Tree Nut,1980,447376.0,180266.0,921,24.39,25.0,168.154,402.9
"Cashew nuts, in shell",Tree Nut,1981,464465.0,185250.0,912,24.06,28.0,168.412,398.8
"Cashew nuts, in shell",Tree Nut,1982,481043.0,195760.0,834,23.98,30.5,168.746,406.9
"Cashew nuts, in shell",Tree Nut,1983,492492.0,201440.0,1009,23.86,33.0,168.532,409.0
"Cashew nuts, in shell",Tree Nut,1984,501953.0,210870.0,854,23.88,36.0,169.418,420.1
"Cashew nuts, in shell",Tree Nut,1985,509768.0,221330.0,897,24.2,39.5,169.34,434.2
"Cashew nuts, in shell",Tree Nut,1986,518379.0,234480.0,859,24.18,42.0,169.409,452.3
"Cashew nuts, in shell",Tree Nut,1987,522998.0,245580.0,757,24.56,43.5,169.705,469.6
"Cashew nuts, in shell",Tree Nut,1988,527395.0,260260.0,1035,24.5,47.0,169.368,493.5
"Cashew nuts, in shell",Tree Nut,1989,529287.0,274330.0,899,23.98,50.5,169.976,518.3
"Cashew nuts, in shell",Tree Nut,1990,530869.0,285590.0,926,23.92,55.0,170.109,538.0
"Cashew nuts, in shell",Tree Nut,1991,531849.0,294590.0,921,24.18,57.5,170.182,553.9
"Cashew nuts, in shell",Tree Nut,1992,533549.0,305310.0,820,24.01,60.0,170.006,572.2
"Cashew nuts, in shell",Tree Nut,1993,560000.0,350000.0,960,24.2,63.0,170.286,625.0
"Cashew nuts, in shell",Tree Nut,1994,565000.0,350000.0,1010,24.08,67.0,170.325,619.5
"Cashew nuts, in shell",Tree Nut,1995,577000.0,321640.0,870,24.21,72.0,169.911,557.4
"Cashew nuts, in shell",Tree Nut,1996,635000.0,417830.0,1034,24.3,76.0,169.525,658.0
"Cashew nuts, in shell",Tree Nut,1997,659000.0,430000.0,852,23.92,79.0,170.101,652.5
"Cashew nuts, in shell",Tree Nut,1998,675000.0,360000.0,1002,24.57,83.0,170.029,533.3
"Cashew nuts, in shell",Tree Nut,1999,706000.0,460000.0,823,24.46,87.0,170.125,651.6
"Cashew nuts, in shell",Tree Nut,2000,686000.0,520000.0,876,24.33,90.0,170.13,758.0
"Cashew nuts, in shell",Tree Nut,2001,700000.0,450000.0,894,24.46,94.0,169.825,642.9
"Cashew nuts, in shell",Tree Nut,2002,750000.0,470000.0,705,24.8,156.38,170.032,626.7
"Cashew nuts, in shell",Tree Nut,2003,770000.0,500000.0,980,24.66,164.84,169.799,649.4
"Cashew nuts, in shell",Tree Nut,2004,780000.0,535000.0,822,24.54,192.35,169.891,685.9
"Cashew nuts, in shell",Tree Nut,2005,820000.0,544000.0,919,24.56,208.53,169.674,663.4
"Cashew nuts, in shell",Tree Nut,2006,837000.0,573000.0,903,24.64,239.93,169.462,684.6
"Cashew nuts, in shell",Tree Nut,2007,854000.0,620000.0,1052,24.6,245.53,169.202,726.0
"Cashew nuts, in shell",Tree Nut,2008,868000.0,665000.0,981,24.26,267.03,169.395,766.1
"Cashew nuts, in shell",Tree Nut,2009,893000.0,695000.0,731,25.14,289.69,169.724,778.3
"Cashew nuts, in shell",Tree Nut,2010,923000.0,613000.0,1011,25.13,305.91,169.234,664.1
"Cashew nuts, in shell",Tree Nut,2011,953200.0,674600.0,1011,24.34,321.53,169.369,707.7
"Cashew nuts, in shell",Tree Nut,2012,979000.0,725000.0,919,24.48,317.58,169.346,740.6
"Cashew nuts, in shell",Tree Nut,2013,992000.0,753000.0,1002,24.42,306.69,169.442,759.1
"Cashew nuts, in shell",Tree Nut,2014,1011000.0,753000.0,882,24.52,318.21,169.463,744.8
"Cashew nuts, in shell",Tree Nut,2015,1030000.0,745000.0,772,24.69,329.28,169.413,723.3
"Cashew nuts, in shell",Tree Nut,2016,1036000.0,671000.0,973,25.07,319.47,169.317,647.7
"Cashew nuts, in shell",Tree Nut,2017,978000.0,745000.0,952,24.96,325.62,168.895,761.8
"Cashew nuts, in shell",Tree Nut,2018,1062000.0,817000.0,913,24.88,336.43,168.778,769.3
"Cashew nuts, in shell",Tree Nut,2019,1105000.0,743000.0,1012,24.8,365.61,168.669,672.4
"Cashew nuts, in shell",Tree Nut,2020,1125000.0,703000.0,1089,24.51,472.49,168.048,624.9
"Cashew nuts, in shell",Tree Nut,2021,1159000.0,738000.0,870,24.73,455.66,168.14,636.8
"Cashew nuts, in shell",Tree Nut,2022,1184000.0,752000.0,925,24.78,450.93,168.231,635.1
"Cashew nuts, in shell",Tree Nut,2023,1195000.0,782000.0,820,24.9,455.08,168.323,654.4
"Cashew nuts, in shell",Tree Nut,2024,1199084.0,794910.0,868,25.14,455.08,168.323,662.9
"Cassava, fresh",Root Crop,1961,274000.0,1969000.0,1013,23.82,2.0,160.986,7186.1
"Cassava, fresh",Root Crop,1962,265000.0,1892000.0,899,23.53,2.4,162.4,7139.6
"Cassava, fresh",Root Crop,1963,247000.0,1757000.0,920,23.98,2.9,162.05,7113.4
"Cassava, fresh",Root Crop,1964,244000.0,2823000.0,884,23.97,3.5,162.118,11569.7
"Cassava, fresh",Root Crop,1965,240000.0,3033000.0,788,23.93,4.1,162.434,12637.5
"Cassava, fresh",Root Crop,1966,271000.0,3467000.0,939,24.32,4.8,162.72,12793.4
"Cassava, fresh",Root Crop,1967,290000.0,3817000.0,943,23.8,5.7,163.79,13162.1
"Cassava, fresh",Root Crop,1968,347100.0,4643700.0,858,23.81,6.8,164.569,13378.6
"Cassava, fresh",Root Crop,1969,358900.0,4636100.0,999,24.35,8.0,164.476,12917.5
"Cassava, fresh",Root Crop,1970,352600.0,5214100.0,916,24.05,9.5,165.06,14787.6
"Cassava, fresh",Root Crop,1971,345200.0,5129600.0,887,23.51,11.0,164.556,14859.8
"Cassava, fresh",Root Crop,1972,353700.0,6025900.0,761,24.0,12.8,164.986,17036.8
"Cassava, fresh",Root Crop,1973,363200.0,6371400.0,990,24.3,14.0,166.044,17542.4
"Cassava, fresh",Root Crop,1974,368200.0,6420900.0,878,24.01,13.5,166.501,17438.6
"Cassava, fresh",Root Crop,1975,387600.0,6325900.0,963,23.68,15.1,166.838,16320.7
"Cassava, fresh",Root Crop,1976,392000.0,6638300.0,836,23.95,16.8,167.057,16934.4
"Cassava, fresh",Root Crop,1977,385800.0,6375000.0,912,24.13,19.0,167.059,16524.1
"Cassava, fresh",Root Crop,1978,358300.0,5688300.0,956,23.82,21.5,168.239,15875.8
"Cassava, fresh",Root Crop,1979,361500.0,6050100.0,797,24.29,23.0,168.444,16736.1
"Cassava, fresh",Root Crop,1980,351900.0,5845300.0,921,24.39,25.0,168.154,16610.7
"Cassava, fresh",Root Crop,1981,320800.0,5868100.0,912,24.06,28.0,168.412,18292.1
"Cassava, fresh",Root Crop,1982,323200.0,5292000.0,834,23.98,30.5,168.746,16373.8
"Cassava, fresh",Root Crop,1983,301600.0,5340900.0,1009,23.86,33.0,168.532,17708.6
"Cassava, fresh",Root Crop,1984,319400.0,5886200.0,854,23.88,36.0,169.418,18428.9
"Cassava, fresh",Root Crop,1985,305300.0,5662100.0,897,24.2,39.5,169.34,18546.0
"Cassava, fresh",Root Crop,1986,275700.0,4884300.0,859,24.18,42.0,169.409,17716.0
"Cassava, fresh",Root Crop,1987,265300.0,4814400.0,757,24.56,43.5,169.705,18147.0
"Cassava, fresh",Root Crop,1988,268400.0,5416500.0,1035,24.5,47.0,169.368,20180.7
"Cassava, fresh",Root Crop,1989,249300.0,4832600.0,899,23.98,50.5,169.976,19384.7
"Cassava, fresh",Root Crop,1990,241600.0,4962000.0,926,23.92,55.0,170.109,20538.1
"Cassava, fresh",Root Crop,1991,247400.0,5416200.0,921,24.18,57.5,170.182,21892.5
"Cassava, fresh",Root Crop,1992,250900.0,5832500.0,820,24.01,60.0,170.006,23246.3
"Cassava, fresh",Root Crop,1993,234900.0,5412800.0,960,24.2,63.0,170.286,23043.0
"Cassava, fresh",Root Crop,1994,245800.0,6028900.0,1010,24.08,67.0,170.325,24527.7
"Cassava, fresh",Root Crop,1995,231700.0,5856800.0,870,24.21,72.0,169.911,25277.5
"Cassava, fresh",Root Crop,1996,228200.0,5443200.0,1034,24.3,76.0,169.525,23852.8
"Cassava, fresh",Root Crop,1997,256100.0,5662800.0,852,23.92,79.0,170.101,22111.7
"Cassava, fresh",Root Crop,1998,264300.0,6681900.0,1002,24.57,83.0,170.029,25281.5
"Cassava, fresh",Root Crop,1999,243400.0,5830000.0,823,24.46,87.0,170.125,23952.3
"Cassava, fresh",Root Crop,2000,223500.0,6014100.0,876,24.33,90.0,170.13,26908.7
"Cassava, fresh",Root Crop,2001,253500.0,6768400.0,894,24.46,94.0,169.825,26699.8
"Cassava, fresh",Root Crop,2002,238900.0,6515900.0,705,24.8,156.38,170.032,27274.6
"Cassava, fresh",Root Crop,2003,207000.0,5426200.0,980,24.66,164.84,169.799,26213.5
"Cassava, fresh",Root Crop,2004,220000.0,5949600.0,822,24.54,192.35,169.891,27043.6
"Cassava, fresh",Root Crop,2005,244700.0,7462800.0,919,24.56,208.53,169.674,30497.8
"Cassava, fresh",Root Crop,2006,244600.0,7854900.0,903,24.64,239.93,169.462,32113.2
"Cassava, fresh",Root Crop,2007,255500.0,8232300.0,1052,24.6,245.53,169.202,32220.4
"Cassava, fresh",Root Crop,2008,270000.0,9056000.0,981,24.26,267.03,169.395,33540.7
"Cassava, fresh",Root Crop,2009,280200.0,9623000.0,731,25.14,289.69,169.724,34343.3
"Cassava, fresh",Root Crop,2010,231900.0,8059800.0,1011,25.13,305.91,169.234,34755.5
"Cassava, fresh",Root Crop,2011,221400.0,8076000.0,1011,24.34,321.53,169.369,36477.0
"Cassava, fresh",Root Crop,2012,226700.0,8746500.0,919,24.48,317.58,169.346,38581.8
"Cassava, fresh",Root Crop,2013,207000.0,7236600.0,1002,24.42,306.69,169.442,34959.4
"Cassava, fresh",Root Crop,2014,228280.0,8139430.0,882,24.52,318.21,169.463,35655.5
"Cassava, fresh",Root Crop,2015,208000.0,4373000.0,772,24.69,329.28,169.413,21024.0
"Cassava, fresh",Root Crop,2016,204000.0,4344000.0,973,25.07,319.47,169.317,21294.1
"Cassava, fresh",Root Crop,2017,199000.0,4171000.0,952,24.96,325.62,168.895,20959.8
"Cassava, fresh",Root Crop,2018,173000.0,4950000.0,913,24.88,336.43,168.778,28612.7
"Cassava, fresh",Root Crop,2019,163000.0,4976000.0,1012,24.8,365.61,168.669,30527.6
"Cassava, fresh",Root Crop,2020,173000.0,6060000.0,1089,24.51,472.49,168.048,35028.9
"Cassava, fresh",Root Crop,2021,183000.0,6941000.0,870,24.73,455.66,168.14,37929.0
"Cassava, fresh",Root Crop,2022,172000.0,6213000.0,925,24.78,450.93,168.231,36122.1
"Cassava, fresh",Root Crop,2023,166000.0,5938000.0,820,24.9,455.08,168.323,35771.1
"Cassava, fresh",Root Crop,2024,176627.0,6283343.0,868,25.14,455.08,168.323,35574.1
Castor oil seeds,Oilseed,1961,486000.0,109000.0,1013,23.82,2.0,160.986,224.3
Castor oil seeds,Oilseed,1962,469000.0,99000.0,899,23.53,2.4,162.4,211.1
Castor oil seeds,Oilseed,1963,484000.0,102000.0,920,23.98,2.9,162.05,210.7
Castor oil seeds,Oilseed,1964,441000.0,107000.0,884,23.97,3.5,162.118,242.6
Castor oil seeds,Oilseed,1965,405000.0,79800.0,788,23.93,4.1,162.434,197.0
Castor oil seeds,Oilseed,1966,400900.0,109800.0,939,24.32,4.8,162.72,273.9
Castor oil seeds,Oilseed,1967,439400.0,121200.0,943,23.8,5.7,163.79,275.8
Castor oil seeds,Oilseed,1968,393800.0,115700.0,858,23.81,6.8,164.569,293.8
Castor oil seeds,Oilseed,1969,401900.0,123000.0,999,24.35,8.0,164.476,306.0
Castor oil seeds,Oilseed,1970,438600.0,136100.0,916,24.05,9.5,165.06,310.3
Castor oil seeds,Oilseed,1971,453300.0,154000.0,887,23.51,11.0,164.556,339.7
Castor oil seeds,Oilseed,1972,426400.0,145400.0,761,24.0,12.8,164.986,341.0
Castor oil seeds,Oilseed,1973,546600.0,229100.0,990,24.3,14.0,166.044,419.1
Castor oil seeds,Oilseed,1974,590300.0,210400.0,878,24.01,13.5,166.501,356.4
Castor oil seeds,Oilseed,1975,374900.0,142900.0,963,23.68,15.1,166.838,381.2
Castor oil seeds,Oilseed,1976,495800.0,179000.0,836,23.95,16.8,167.057,361.0
Castor oil seeds,Oilseed,1977,379700.0,217200.0,912,24.13,19.0,167.059,572.0
Castor oil seeds,Oilseed,1978,446900.0,229400.0,956,23.82,21.5,168.239,513.3
Castor oil seeds,Oilseed,1979,440500.0,227300.0,797,24.29,23.0,168.444,516.0
Castor oil seeds,Oilseed,1980,497500.0,204400.0,921,24.39,25.0,168.154,410.9
Castor oil seeds,Oilseed,1981,557500.0,310000.0,912,24.06,28.0,168.412,556.1
Castor oil seeds,Oilseed,1982,580200.0,344600.0,834,23.98,30.5,168.746,593.9
Castor oil seeds,Oilseed,1983,623400.0,404500.0,1009,23.86,33.0,168.532,648.9
Castor oil seeds,Oilseed,1984,670600.0,469700.0,854,23.88,36.0,169.418,700.4
Castor oil seeds,Oilseed,1985,636600.0,308300.0,897,24.2,39.5,169.34,484.3
Castor oil seeds,Oilseed,1986,577600.0,230300.0,859,24.18,42.0,169.409,398.7
Castor oil seeds,Oilseed,1987,479500.0,195200.0,757,24.56,43.5,169.705,407.1
Castor oil seeds,Oilseed,1988,631300.0,415500.0,1035,24.5,47.0,169.368,658.2
Castor oil seeds,Oilseed,1989,702200.0,517100.0,899,23.98,50.5,169.976,736.4
Castor oil seeds,Oilseed,1990,810000.0,716200.0,926,23.92,55.0,170.109,884.2
Castor oil seeds,Oilseed,1991,711800.0,576700.0,921,24.18,57.5,170.182,810.2
Castor oil seeds,Oilseed,1992,659700.0,623100.0,820,24.01,60.0,170.006,944.5
Castor oil seeds,Oilseed,1993,684500.0,634800.0,960,24.2,63.0,170.286,927.4
Castor oil seeds,Oilseed,1994,779200.0,845306.0,1010,24.08,67.0,170.325,1084.8
Castor oil seeds,Oilseed,1995,789000.0,777300.0,870,24.21,72.0,169.911,985.2
Castor oil seeds,Oilseed,1996,728500.0,894900.0,1034,24.3,76.0,169.525,1228.4
Castor oil seeds,Oilseed,1997,641300.0,829500.0,852,23.92,79.0,170.101,1293.5
Castor oil seeds,Oilseed,1998,684000.0,841600.0,1002,24.57,83.0,170.029,1230.4
Castor oil seeds,Oilseed,1999,781800.0,769300.0,823,24.46,87.0,170.125,984.0
Castor oil seeds,Oilseed,2000,1081700.0,882000.0,876,24.33,90.0,170.13,815.4
Castor oil seeds,Oilseed,2001,715400.0,650600.0,894,24.46,94.0,169.825,909.4
Castor oil seeds,Oilseed,2002,586000.0,429700.0,705,24.8,156.38,170.032,733.3
Castor oil seeds,Oilseed,2003,716800.0,796400.0,980,24.66,164.84,169.799,1111.0
Castor oil seeds,Oilseed,2004,745600.0,792900.0,822,24.54,192.35,169.891,1063.4
Castor oil seeds,Oilseed,2005,862700.0,991100.0,919,24.56,208.53,169.674,1148.8
Castor oil seeds,Oilseed,2006,627700.0,761700.0,903,24.64,239.93,169.462,1213.5
Castor oil seeds,Oilseed,2007,786800.0,1053500.0,1052,24.6,245.53,169.202,1339.0
Castor oil seeds,Oilseed,2008,866248.0,1171059.0,981,24.26,267.03,169.395,1351.9
Castor oil seeds,Oilseed,2009,741339.0,1012851.0,731,25.14,289.69,169.724,1366.2
Castor oil seeds,Oilseed,2010,880339.0,1350324.0,1011,25.13,305.91,169.234,1533.9
Castor oil seeds,Oilseed,2011,1470883.0,2294930.0,1011,24.34,321.53,169.369,1560.2
Castor oil seeds,Oilseed,2012,1233587.0,1963473.0,919,24.48,317.58,169.346,1591.7
Castor oil seeds,Oilseed,2013,1063197.0,1726559.0,1002,24.42,306.69,169.442,1623.9
Castor oil seeds,Oilseed,2014,1089320.0,1869990.0,882,24.52,318.21,169.463,1716.7
Castor oil seeds,Oilseed,2015,1060729.0,1751818.0,772,24.69,329.28,169.413,1651.5
Castor oil seeds,Oilseed,2016,807917.0,1376421.0,973,25.07,319.47,169.317,1703.7
Castor oil seeds,Oilseed,2017,824127.0,1567563.59,952,24.96,325.62,168.895,1902.1
Castor oil seeds,Oilseed,2018,751317.0,1196679.24,913,24.88,336.43,168.778,1592.8
Castor oil seeds,Oilseed,2019,1046292.0,1842021.74,1012,24.8,365.61,168.669,1760.5
Castor oil seeds,Oilseed,2020,887495.0,1646956.41,1089,24.51,472.49,168.048,1855.7
Castor oil seeds,Oilseed,2021,830978.0,1618760.0,870,24.73,455.66,168.14,1948.0
Castor oil seeds,Oilseed,2022,1019279.0,1979717.74,925,24.78,450.93,168.231,1942.3
Castor oil seeds,Oilseed,2023,1041071.0,1958765.38,820,24.9,455.08,168.323,1881.5
Castor oil seeds,Oilseed,2024,827889.0,1587531.42,868,25.14,455.08,168.323,1917.6
Cauliflowers and broccoli,Vegetable,1961,41000.0,413000.0,1013,23.82,2.0,160.986,10073.2
Cauliflowers and broccoli,Vegetable,1962,40000.0,400000.0,899,23.53,2.4,162.4,10000.0
Cauliflowers and broccoli,Vegetable,1963,40000.0,410000.0,920,23.98,2.9,162.05,10250.0
Cauliflowers and broccoli,Vegetable,1964,50000.0,500000.0,884,23.97,3.5,162.118,10000.0
Cauliflowers and broccoli,Vegetable,1965,50000.0,520000.0,788,23.93,4.1,162.434,10400.0
Cauliflowers and broccoli,Vegetable,1966,60000.0,600000.0,939,24.32,4.8,162.72,10000.0
Cauliflowers and broccoli,Vegetable,1967,60000.0,650000.0,943,23.8,5.7,163.79,10833.3
Cauliflowers and broccoli,Vegetable,1968,70000.0,750000.0,858,23.81,6.8,164.569,10714.3
Cauliflowers and broccoli,Vegetable,1969,80000.0,900000.0,999,24.35,8.0,164.476,11250.0
Cauliflowers and broccoli,Vegetable,1970,90000.0,950000.0,916,24.05,9.5,165.06,10555.6
Cauliflowers and broccoli,Vegetable,1971,90000.0,1000000.0,887,23.51,11.0,164.556,11111.1
Cauliflowers and broccoli,Vegetable,1972,100000.0,1100000.0,761,24.0,12.8,164.986,11000.0
Cauliflowers and broccoli,Vegetable,1973,100000.0,1100000.0,990,24.3,14.0,166.044,11000.0
Cauliflowers and broccoli,Vegetable,1974,110000.0,1300000.0,878,24.01,13.5,166.501,11818.2
Cauliflowers and broccoli,Vegetable,1975,110000.0,1300000.0,963,23.68,15.1,166.838,11818.2
Cauliflowers and broccoli,Vegetable,1976,120000.0,1400000.0,836,23.95,16.8,167.057,11666.7
Cauliflowers and broccoli,Vegetable,1977,130000.0,1500000.0,912,24.13,19.0,167.059,11538.5
Cauliflowers and broccoli,Vegetable,1978,140000.0,1600000.0,956,23.82,21.5,168.239,11428.6
Cauliflowers and broccoli,Vegetable,1979,150000.0,1800000.0,797,24.29,23.0,168.444,12000.0
Cauliflowers and broccoli,Vegetable,1980,160000.0,1900000.0,921,24.39,25.0,168.154,11875.0
Cauliflowers and broccoli,Vegetable,1981,170000.0,2000000.0,912,24.06,28.0,168.412,11764.7
Cauliflowers and broccoli,Vegetable,1982,180000.0,2200000.0,834,23.98,30.5,168.746,12222.2
Cauliflowers and broccoli,Vegetable,1983,190000.0,2300000.0,1009,23.86,33.0,168.532,12105.3
Cauliflowers and broccoli,Vegetable,1984,190000.0,2400000.0,854,23.88,36.0,169.418,12631.6
Cauliflowers and broccoli,Vegetable,1985,200000.0,2600000.0,897,24.2,39.5,169.34,13000.0
Cauliflowers and broccoli,Vegetable,1986,200000.0,2700000.0,859,24.18,42.0,169.409,13500.0
Cauliflowers and broccoli,Vegetable,1987,210000.0,2900000.0,757,24.56,43.5,169.705,13809.5
Cauliflowers and broccoli,Vegetable,1988,220000.0,3000000.0,1035,24.5,47.0,169.368,13636.4
Cauliflowers and broccoli,Vegetable,1989,230000.0,3200000.0,899,23.98,50.5,169.976,13913.0
Cauliflowers and broccoli,Vegetable,1990,238632.0,3394897.0,926,23.92,55.0,170.109,14226.5
Cauliflowers and broccoli,Vegetable,1991,202787.0,2998061.0,921,24.18,57.5,170.182,14784.3
Cauliflowers and broccoli,Vegetable,1992,222436.0,4220053.0,820,24.01,60.0,170.006,18972.0
Cauliflowers and broccoli,Vegetable,1993,190000.0,2870000.0,960,24.2,63.0,170.286,15105.3
Cauliflowers and broccoli,Vegetable,1994,230000.0,3780000.0,1010,24.08,67.0,170.325,16434.8
Cauliflowers and broccoli,Vegetable,1995,235000.0,4000000.0,870,24.21,72.0,169.911,17021.3
Cauliflowers and broccoli,Vegetable,1996,280000.0,4500000.0,1034,24.3,76.0,169.525,16071.4
Cauliflowers and broccoli,Vegetable,1997,290000.0,5000000.0,852,23.92,79.0,170.101,17241.4
Cauliflowers and broccoli,Vegetable,1998,250000.0,4470000.0,1002,24.57,83.0,170.029,17880.0
Cauliflowers and broccoli,Vegetable,1999,250000.0,4690000.0,823,24.46,87.0,170.125,18760.0
Cauliflowers and broccoli,Vegetable,2000,250000.0,4720000.0,876,24.33,90.0,170.13,18880.0
Cauliflowers and broccoli,Vegetable,2001,260000.0,4690000.0,894,24.46,94.0,169.825,18038.5
Cauliflowers and broccoli,Vegetable,2002,270000.0,4890000.0,705,24.8,156.38,170.032,18111.1
Cauliflowers and broccoli,Vegetable,2003,280000.0,4800000.0,980,24.66,164.84,169.799,17142.9
Cauliflowers and broccoli,Vegetable,2004,267900.0,4940200.0,822,24.54,192.35,169.891,18440.5
Cauliflowers and broccoli,Vegetable,2005,238500.0,4514800.0,919,24.56,208.53,169.674,18930.0
Cauliflowers and broccoli,Vegetable,2006,288600.0,5323100.0,903,24.64,239.93,169.462,18444.6
Cauliflowers and broccoli,Vegetable,2007,302000.0,5538000.0,1052,24.6,245.53,169.202,18337.7
Cauliflowers and broccoli,Vegetable,2008,312000.0,5777000.0,981,24.26,267.03,169.395,18516.0
Cauliflowers and broccoli,Vegetable,2009,348900.0,6531900.0,731,25.14,289.69,169.724,18721.4
Cauliflowers and broccoli,Vegetable,2010,347900.0,6569000.0,1011,25.13,305.91,169.234,18881.9
Cauliflowers and broccoli,Vegetable,2011,369000.0,6745000.0,1011,24.34,321.53,169.369,18279.1
Cauliflowers and broccoli,Vegetable,2012,391000.0,7349000.0,919,24.48,317.58,169.346,18795.4
Cauliflowers and broccoli,Vegetable,2013,402000.0,7887000.0,1002,24.42,306.69,169.442,19619.4
Cauliflowers and broccoli,Vegetable,2014,433870.0,8573280.0,882,24.52,318.21,169.463,19760.0
Cauliflowers and broccoli,Vegetable,2015,411000.0,7926000.0,772,24.69,329.28,169.413,19284.7
Cauliflowers and broccoli,Vegetable,2016,426000.0,8090000.0,973,25.07,319.47,169.317,18990.6
Cauliflowers and broccoli,Vegetable,2017,454000.0,8557000.0,952,24.96,325.62,168.895,18848.0
Cauliflowers and broccoli,Vegetable,2018,453000.0,8668000.0,913,24.88,336.43,168.778,19134.7
Cauliflowers and broccoli,Vegetable,2019,465000.0,9083000.0,1012,24.8,365.61,168.669,19533.3
Cauliflowers and broccoli,Vegetable,2020,467000.0,8941000.0,1089,24.51,472.49,168.048,19145.6
Cauliflowers and broccoli,Vegetable,2021,473000.0,9225000.0,870,24.73,455.66,168.14,19503.2
Cauliflowers and broccoli,Vegetable,2022,481000.0,9566000.0,925,24.78,450.93,168.231,19887.7
Cauliflowers and broccoli,Vegetable,2023,491000.0,9548000.0,820,24.9,455.08,168.323,19446.0
Cauliflowers and broccoli,Vegetable,2024,507297.0,9794357.0,868,25.14,455.08,168.323,19306.9
Cherries,Fruit,1961,1200.0,3000.0,1013,23.82,2.0,160.986,2500.0
Cherries,Fruit,1962,1200.0,3100.0,899,23.53,2.4,162.4,2583.3
Cherries,Fruit,1963,1250.0,3200.0,920,23.98,2.9,162.05,2560.0
Cherries,Fruit,1964,1300.0,3300.0,884,23.97,3.5,162.118,2538.5
Cherries,Fruit,1965,1350.0,3400.0,788,23.93,4.1,162.434,2518.5
Cherries,Fruit,1966,1300.0,3500.0,939,24.32,4.8,162.72,2692.3
Cherries,Fruit,1967,1300.0,3600.0,943,23.8,5.7,163.79,2769.2
Cherries,Fruit,1968,1350.0,3700.0,858,23.81,6.8,164.569,2740.7
Cherries,Fruit,1969,1400.0,3800.0,999,24.35,8.0,164.476,2714.3
Cherries,Fruit,1970,1400.0,3900.0,916,24.05,9.5,165.06,2785.7
Cherries,Fruit,1971,1500.0,4000.0,887,23.51,11.0,164.556,2666.7
Cherries,Fruit,1972,1500.0,4000.0,761,24.0,12.8,164.986,2666.7
Cherries,Fruit,1973,1500.0,4000.0,990,24.3,14.0,166.044,2666.7
Cherries,Fruit,1974,1500.0,4000.0,878,24.01,13.5,166.501,2666.7
Cherries,Fruit,1975,1500.0,4000.0,963,23.68,15.1,166.838,2666.7
Cherries,Fruit,1976,1500.0,4000.0,836,23.95,16.8,167.057,2666.7
Cherries,Fruit,1977,1500.0,4000.0,912,24.13,19.0,167.059,2666.7
Cherries,Fruit,1978,1300.0,3000.0,956,23.82,21.5,168.239,2307.7
Cherries,Fruit,1979,1300.0,3000.0,797,24.29,23.0,168.444,2307.7
Cherries,Fruit,1980,1200.0,2000.0,921,24.39,25.0,168.154,1666.7
Cherries,Fruit,1981,1000.0,2000.0,912,24.06,28.0,168.412,2000.0
Cherries,Fruit,1982,1000.0,2000.0,834,23.98,30.5,168.746,2000.0
Cherries,Fruit,1983,1300.0,3000.0,1009,23.86,33.0,168.532,2307.7
Cherries,Fruit,1984,1300.0,3000.0,854,23.88,36.0,169.418,2307.7
Cherries,Fruit,1985,1300.0,3000.0,897,24.2,39.5,169.34,2307.7
Cherries,Fruit,1986,1250.0,1100.0,859,24.18,42.0,169.409,880.0
Cherries,Fruit,1987,1245.0,1013.0,757,24.56,43.5,169.705,813.7
Cherries,Fruit,1988,1250.0,2000.0,1035,24.5,47.0,169.368,1600.0
Cherries,Fruit,1989,1320.0,3500.0,899,23.98,50.5,169.976,2651.5
Cherries,Fruit,1990,1300.0,3200.0,926,23.92,55.0,170.109,2461.5
Cherries,Fruit,1991,1400.0,3700.0,921,24.18,57.5,170.182,2642.9
Cherries,Fruit,1992,1445.0,3800.0,820,24.01,60.0,170.006,2629.8
Cherries,Fruit,1993,1500.0,4000.0,960,24.2,63.0,170.286,2666.7
Cherries,Fruit,1994,1600.0,4200.0,1010,24.08,67.0,170.325,2625.0
Cherries,Fruit,1995,1625.0,4400.0,870,24.21,72.0,169.911,2708.3
Cherries,Fruit,1996,1700.0,4800.0,1034,24.3,76.0,169.525,2823.5
Cherries,Fruit,1997,1754.0,4900.0,852,23.92,79.0,170.101,2793.3
Cherries,Fruit,1998,1828.0,5100.0,1002,24.57,83.0,170.029,2790.0
Cherries,Fruit,1999,2678.0,7400.0,823,24.46,87.0,170.125,2763.6
Cherries,Fruit,2000,2805.0,7800.0,876,24.33,90.0,170.13,2780.4
Cherries,Fruit,2001,2860.0,8000.0,894,24.46,94.0,169.825,2797.2
Cherries,Fruit,2002,2862.0,8054.35,705,24.8,156.38,170.032,2814.1
Cherries,Fruit,2003,2932.0,8301.07,980,24.66,164.84,169.799,2830.9
Cherries,Fruit,2004,2998.0,8540.13,822,24.54,192.35,169.891,2848.7
Cherries,Fruit,2005,3059.0,8770.79,919,24.56,208.53,169.674,2867.5
Cherries,Fruit,2006,3089.0,8916.86,903,24.64,239.93,169.462,2886.4
Cherries,Fruit,2007,3137.0,9114.25,1052,24.6,245.53,169.202,2905.2
Cherries,Fruit,2008,3167.0,9261.07,981,24.26,267.03,169.395,2924.0
Cherries,Fruit,2009,3186.0,9374.42,731,25.14,289.69,169.724,2942.8
Cherries,Fruit,2010,3226.0,9553.86,1011,25.13,305.91,169.234,2961.7
Cherries,Fruit,2011,3266.0,9733.01,1011,24.34,321.53,169.369,2980.5
Cherries,Fruit,2012,3300.0,9897.75,919,24.48,317.58,169.346,2999.3
Cherries,Fruit,2013,3300.0,9959.88,1002,24.42,306.69,169.442,3018.1
Cherries,Fruit,2014,3500.0,10585.56,882,24.52,318.21,169.463,3024.4
Cherries,Fruit,2015,3599.0,10945.25,772,24.69,329.28,169.413,3041.1
Cherries,Fruit,2016,3466.0,10496.9,973,25.07,319.47,169.317,3028.2
Cherries,Fruit,2017,3377.0,10289.08,952,24.96,325.62,168.895,3047.3
Cherries,Fruit,2018,3481.0,10158.78,913,24.88,336.43,168.778,2918.6
Cherries,Fruit,2019,3425.0,10096.92,1012,24.8,365.61,168.669,2947.9
Cherries,Fruit,2020,3378.0,10108.01,1089,24.51,472.49,168.048,2992.5
Cherries,Fruit,2021,3428.0,10121.24,870,24.73,455.66,168.14,2952.6
Cherries,Fruit,2022,3410.0,10108.72,925,24.78,450.93,168.231,2964.2
Cherries,Fruit,2023,3405.0,10112.66,820,24.9,455.08,168.323,2969.7
Cherries,Fruit,2024,3414.0,10114.21,868,25.14,455.08,168.323,2962.2
"Chick peas, dry",Pulse,1961,9276000.0,6250000.0,1013,23.82,2.0,160.986,673.8
"Chick peas, dry",Pulse,1962,9566000.0,5785000.0,899,23.53,2.4,162.4,604.7
"Chick peas, dry",Pulse,1963,9193000.0,5362000.0,920,23.98,2.9,162.05,583.3
"Chick peas, dry",Pulse,1964,9354000.0,4502000.0,884,23.97,3.5,162.118,481.3
"Chick peas, dry",Pulse,1965,8870000.0,5777000.0,788,23.93,4.1,162.434,651.3
"Chick peas, dry",Pulse,1966,8015000.0,4224000.0,939,24.32,4.8,162.72,527.0
"Chick peas, dry",Pulse,1967,8003200.0,3622000.0,943,23.8,5.7,163.79,452.6
"Chick peas, dry",Pulse,1968,8256700.0,5971500.0,858,23.81,6.8,164.569,723.2
"Chick peas, dry",Pulse,1969,7105500.0,4309500.0,999,24.35,8.0,164.476,606.5
"Chick peas, dry",Pulse,1970,7751500.0,5545600.0,916,24.05,9.5,165.06,715.4
"Chick peas, dry",Pulse,1971,7838700.0,5199200.0,887,23.51,11.0,164.556,663.3
"Chick peas, dry",Pulse,1972,7912400.0,5080700.0,761,24.0,12.8,164.986,642.1
"Chick peas, dry",Pulse,1973,6967500.0,4536800.0,990,24.3,14.0,166.044,651.1
"Chick peas, dry",Pulse,1974,7761000.0,4099000.0,878,24.01,13.5,166.501,528.2
"Chick peas, dry",Pulse,1975,7041600.0,4014800.0,963,23.68,15.1,166.838,570.2
"Chick peas, dry",Pulse,1976,8320100.0,5879500.0,836,23.95,16.8,167.057,706.7
"Chick peas, dry",Pulse,1977,7974100.0,5424300.0,912,24.13,19.0,167.059,680.2
"Chick peas, dry",Pulse,1978,7973700.0,5409500.0,956,23.82,21.5,168.239,678.4
"Chick peas, dry",Pulse,1979,7708000.0,5738800.0,797,24.29,23.0,168.444,744.5
"Chick peas, dry",Pulse,1980,6985000.0,3356300.0,921,24.39,25.0,168.154,480.5
"Chick peas, dry",Pulse,1981,6584100.0,4328000.0,912,24.06,28.0,168.412,657.3
"Chick peas, dry",Pulse,1982,7868100.0,4642100.0,834,23.98,30.5,168.746,590.0
"Chick peas, dry",Pulse,1983,7398900.0,5289900.0,1009,23.86,33.0,168.532,715.0
"Chick peas, dry",Pulse,1984,7161000.0,4750000.0,854,23.88,36.0,169.418,663.3
"Chick peas, dry",Pulse,1985,6904200.0,4561400.0,897,24.2,39.5,169.34,660.7
"Chick peas, dry",Pulse,1986,7804500.0,5787900.0,859,24.18,42.0,169.409,741.6
"Chick peas, dry",Pulse,1987,6983600.0,4531800.0,757,24.56,43.5,169.705,648.9
"Chick peas, dry",Pulse,1988,5767000.0,3625500.0,1035,24.5,47.0,169.368,628.7
"Chick peas, dry",Pulse,1989,6809500.0,5129100.0,899,23.98,50.5,169.976,753.2
"Chick peas, dry",Pulse,1990,6470500.0,4217300.0,926,23.92,55.0,170.109,651.8
"Chick peas, dry",Pulse,1991,7521300.0,5356400.0,921,24.18,57.5,170.182,712.2
"Chick peas, dry",Pulse,1992,5579900.0,4121000.0,820,24.01,60.0,170.006,738.5
"Chick peas, dry",Pulse,1993,6453700.0,4416700.0,960,24.2,63.0,170.286,684.4
"Chick peas, dry",Pulse,1994,6358900.0,4980800.0,1010,24.08,67.0,170.325,783.3
"Chick peas, dry",Pulse,1995,7543000.0,6435500.0,870,24.21,72.0,169.911,853.2
"Chick peas, dry",Pulse,1996,7116000.0,4979000.0,1034,24.3,76.0,169.525,699.7
"Chick peas, dry",Pulse,1997,6846700.0,5565900.0,852,23.92,79.0,170.101,812.9
"Chick peas, dry",Pulse,1998,7563200.0,6132200.0,1002,24.57,83.0,170.029,810.8
"Chick peas, dry",Pulse,1999,8469100.0,6800700.0,823,24.46,87.0,170.125,803.0
"Chick peas, dry",Pulse,2000,6146300.0,5118100.0,876,24.33,90.0,170.13,832.7
"Chick peas, dry",Pulse,2001,5185300.0,3855400.0,894,24.46,94.0,169.825,743.5
"Chick peas, dry",Pulse,2002,6416200.0,5473000.0,705,24.8,156.38,170.032,853.0
"Chick peas, dry",Pulse,2003,5906400.0,4236800.0,980,24.66,164.84,169.799,717.3
"Chick peas, dry",Pulse,2004,7048100.0,5717500.0,822,24.54,192.35,169.891,811.2
"Chick peas, dry",Pulse,2005,6714600.0,5469400.0,919,24.56,208.53,169.674,814.6
"Chick peas, dry",Pulse,2006,6896200.0,5575400.0,903,24.64,239.93,169.462,808.5
"Chick peas, dry",Pulse,2007,7493900.0,6333700.0,1052,24.6,245.53,169.202,845.2
"Chick peas, dry",Pulse,2008,7543700.0,5748600.0,981,24.26,267.03,169.395,762.0
"Chick peas, dry",Pulse,2009,7890000.0,7060000.0,731,25.14,289.69,169.724,894.8
"Chick peas, dry",Pulse,2010,8170000.0,7480000.0,1011,25.13,305.91,169.234,915.5
"Chick peas, dry",Pulse,2011,9190000.0,8220000.0,1011,24.34,321.53,169.369,894.5
"Chick peas, dry",Pulse,2012,8320000.0,7700000.0,919,24.48,317.58,169.346,925.5
"Chick peas, dry",Pulse,2013,8522000.0,8832500.0,1002,24.42,306.69,169.442,1036.4
"Chick peas, dry",Pulse,2014,9927000.0,9530000.0,882,24.52,318.21,169.463,960.0
"Chick peas, dry",Pulse,2015,8251000.0,7332000.0,772,24.69,329.28,169.413,888.6
"Chick peas, dry",Pulse,2016,8399000.0,7058000.0,973,25.07,319.47,169.317,840.3
"Chick peas, dry",Pulse,2017,9626160.0,9377560.0,952,24.96,325.62,168.895,974.2
"Chick peas, dry",Pulse,2018,10560430.0,11379190.0,913,24.88,336.43,168.778,1077.5
"Chick peas, dry",Pulse,2019,9547030.0,9937990.0,1012,24.8,365.61,168.669,1041.0
"Chick peas, dry",Pulse,2020,9698750.0,11078500.0,1089,24.51,472.49,168.048,1142.3
"Chick peas, dry",Pulse,2021,9995920.0,11911180.0,870,24.73,455.66,168.14,1191.6
"Chick peas, dry",Pulse,2022,10740100.0,13543630.0,925,24.78,450.93,168.231,1261.0
"Chick peas, dry",Pulse,2023,10470862.0,12267289.55,820,24.9,455.08,168.323,1171.6
"Chick peas, dry",Pulse,2024,9587498.0,11038755.76,868,25.14,455.08,168.323,1151.4
"Chillies and peppers, dry (Capsicum spp., Pimenta spp.), raw",Spice,1961,616000.0,389000.0,1013,23.82,2.0,160.986,631.5
"Chillies and peppers, dry (Capsicum spp., Pimenta spp.), raw",Spice,1962,637000.0,425000.0,899,23.53,2.4,162.4,667.2
"Chillies and peppers, dry (Capsicum spp., Pimenta spp.), raw",Spice,1963,748000.0,490000.0,920,23.98,2.9,162.05,655.1
"Chillies and peppers, dry (Capsicum spp., Pimenta spp.), raw",Spice,1964,716000.0,475000.0,884,23.97,3.5,162.118,663.4
"Chillies and peppers, dry (Capsicum spp., Pimenta spp.), raw",Spice,1965,634000.0,364000.0,788,23.93,4.1,162.434,574.1
"Chillies and peppers, dry (Capsicum spp., Pimenta spp.), raw",Spice,1966,721000.0,418000.0,939,24.32,4.8,162.72,579.8
"Chillies and peppers, dry (Capsicum spp., Pimenta spp.), raw",Spice,1967,788000.0,501000.0,943,23.8,5.7,163.79,635.8
"Chillies and peppers, dry (Capsicum spp., Pimenta spp.), raw",Spice,1968,663000.0,399000.0,858,23.81,6.8,164.569,601.8
"Chillies and peppers, dry (Capsicum spp., Pimenta spp.), raw",Spice,1969,682000.0,395000.0,999,24.35,8.0,164.476,579.2
"Chillies and peppers, dry (Capsicum spp., Pimenta spp.), raw",Spice,1970,783400.0,520400.0,916,24.05,9.5,165.06,664.3
"Chillies and peppers, dry (Capsicum spp., Pimenta spp.), raw",Spice,1971,753100.0,493900.0,887,23.51,11.0,164.556,655.8
"Chillies and peppers, dry (Capsicum spp., Pimenta spp.), raw",Spice,1972,682400.0,411700.0,761,24.0,12.8,164.986,603.3
"Chillies and peppers, dry (Capsicum spp., Pimenta spp.), raw",Spice,1973,738800.0,497000.0,990,24.3,14.0,166.044,672.7
"Chillies and peppers, dry (Capsicum spp., Pimenta spp.), raw",Spice,1974,685600.0,441200.0,878,24.01,13.5,166.501,643.5
"Chillies and peppers, dry (Capsicum spp., Pimenta spp.), raw",Spice,1975,739800.0,526100.0,963,23.68,15.1,166.838,711.1
"Chillies and peppers, dry (Capsicum spp., Pimenta spp.), raw",Spice,1976,781500.0,419400.0,836,23.95,16.8,167.057,536.7
"Chillies and peppers, dry (Capsicum spp., Pimenta spp.), raw",Spice,1977,790900.0,543300.0,912,24.13,19.0,167.059,686.9
"Chillies and peppers, dry (Capsicum spp., Pimenta spp.), raw",Spice,1978,826000.0,565700.0,956,23.82,21.5,168.239,684.9
"Chillies and peppers, dry (Capsicum spp., Pimenta spp.), raw",Spice,1979,853900.0,507600.0,797,24.29,23.0,168.444,594.4
"Chillies and peppers, dry (Capsicum spp., Pimenta spp.), raw",Spice,1980,834800.0,509100.0,921,24.39,25.0,168.154,609.8
"Chillies and peppers, dry (Capsicum spp., Pimenta spp.), raw",Spice,1981,806400.0,514700.0,912,24.06,28.0,168.412,638.3
"Chillies and peppers, dry (Capsicum spp., Pimenta spp.), raw",Spice,1982,818000.0,538900.0,834,23.98,30.5,168.746,658.8
"Chillies and peppers, dry (Capsicum spp., Pimenta spp.), raw",Spice,1983,808100.0,566500.0,1009,23.86,33.0,168.532,701.0
"Chillies and peppers, dry (Capsicum spp., Pimenta spp.), raw",Spice,1984,794800.0,630500.0,854,23.88,36.0,169.418,793.3
"Chillies and peppers, dry (Capsicum spp., Pimenta spp.), raw",Spice,1985,904100.0,877400.0,897,24.2,39.5,169.34,970.5
"Chillies and peppers, dry (Capsicum spp., Pimenta spp.), raw",Spice,1986,834600.0,629200.0,859,24.18,42.0,169.409,753.9
"Chillies and peppers, dry (Capsicum spp., Pimenta spp.), raw",Spice,1987,743200.0,579800.0,757,24.56,43.5,169.705,780.1
"Chillies and peppers, dry (Capsicum spp., Pimenta spp.), raw",Spice,1988,805000.0,680000.0,1035,24.5,47.0,169.368,844.7
"Chillies and peppers, dry (Capsicum spp., Pimenta spp.), raw",Spice,1989,907800.0,801500.0,899,23.98,50.5,169.976,882.9
"Chillies and peppers, dry (Capsicum spp., Pimenta spp.), raw",Spice,1990,816200.0,719000.0,926,23.92,55.0,170.109,880.9
"Chillies and peppers, dry (Capsicum spp., Pimenta spp.), raw",Spice,1991,846600.0,617500.0,921,24.18,57.5,170.182,729.4
"Chillies and peppers, dry (Capsicum spp., Pimenta spp.), raw",Spice,1992,962100.0,862100.0,820,24.01,60.0,170.006,896.1
"Chillies and peppers, dry (Capsicum spp., Pimenta spp.), raw",Spice,1993,930000.0,800100.0,960,24.2,63.0,170.286,860.3
"Chillies and peppers, dry (Capsicum spp., Pimenta spp.), raw",Spice,1994,829100.0,794700.0,1010,24.08,67.0,170.325,958.5
"Chillies and peppers, dry (Capsicum spp., Pimenta spp.), raw",Spice,1995,883000.0,810000.0,870,24.21,72.0,169.911,917.3
"Chillies and peppers, dry (Capsicum spp., Pimenta spp.), raw",Spice,1996,944000.0,1066000.0,1034,24.3,76.0,169.525,1129.2
"Chillies and peppers, dry (Capsicum spp., Pimenta spp.), raw",Spice,1997,840600.0,870100.0,852,23.92,79.0,170.101,1035.1
"Chillies and peppers, dry (Capsicum spp., Pimenta spp.), raw",Spice,1998,891200.0,1043200.0,1002,24.57,83.0,170.029,1170.6
"Chillies and peppers, dry (Capsicum spp., Pimenta spp.), raw",Spice,1999,959200.0,1052800.0,823,24.46,87.0,170.125,1097.6
"Chillies and peppers, dry (Capsicum spp., Pimenta spp.), raw",Spice,2000,836500.0,983700.0,876,24.33,90.0,170.13,1176.0
"Chillies and peppers, dry (Capsicum spp., Pimenta spp.), raw",Spice,2001,880000.0,1069000.0,894,24.46,94.0,169.825,1214.8
"Chillies and peppers, dry (Capsicum spp., Pimenta spp.), raw",Spice,2002,828600.0,896900.0,705,24.8,156.38,170.032,1082.4
"Chillies and peppers, dry (Capsicum spp., Pimenta spp.), raw",Spice,2003,774300.0,1235700.0,980,24.66,164.84,169.799,1595.9
"Chillies and peppers, dry (Capsicum spp., Pimenta spp.), raw",Spice,2004,737500.0,1185500.0,822,24.54,192.35,169.891,1607.5
"Chillies and peppers, dry (Capsicum spp., Pimenta spp.), raw",Spice,2005,654900.0,1014600.0,919,24.56,208.53,169.674,1549.2
"Chillies and peppers, dry (Capsicum spp., Pimenta spp.), raw",Spice,2006,758000.0,1234100.0,903,24.64,239.93,169.462,1628.1
"Chillies and peppers, dry (Capsicum spp., Pimenta spp.), raw",Spice,2007,808170.0,1294150.0,1052,24.6,245.53,169.202,1601.3
"Chillies and peppers, dry (Capsicum spp., Pimenta spp.), raw",Spice,2008,779050.0,1269850.0,981,24.26,267.03,169.395,1630.0
"Chillies and peppers, dry (Capsicum spp., Pimenta spp.), raw",Spice,2009,767230.0,1202940.0,731,25.14,289.69,169.724,1567.9
"Chillies and peppers, dry (Capsicum spp., Pimenta spp.), raw",Spice,2010,792100.0,1223400.0,1011,25.13,305.91,169.234,1544.5
"Chillies and peppers, dry (Capsicum spp., Pimenta spp.), raw",Spice,2011,804792.0,1276301.0,1011,24.34,321.53,169.369,1585.9
"Chillies and peppers, dry (Capsicum spp., Pimenta spp.), raw",Spice,2012,793590.0,1304000.0,919,24.48,317.58,169.346,1643.2
"Chillies and peppers, dry (Capsicum spp., Pimenta spp.), raw",Spice,2013,775000.0,1492000.0,1002,24.42,306.69,169.442,1925.2
"Chillies and peppers, dry (Capsicum spp., Pimenta spp.), raw",Spice,2014,775000.0,1492000.0,882,24.52,318.21,169.463,1925.2
"Chillies and peppers, dry (Capsicum spp., Pimenta spp.), raw",Spice,2015,761000.0,1605000.0,772,24.69,329.28,169.413,2109.1
"Chillies and peppers, dry (Capsicum spp., Pimenta spp.), raw",Spice,2016,811140.0,1520390.0,973,25.07,319.47,169.317,1874.4
"Chillies and peppers, dry (Capsicum spp., Pimenta spp.), raw",Spice,2017,840000.0,2096000.0,952,24.96,325.62,168.895,2495.2
"Chillies and peppers, dry (Capsicum spp., Pimenta spp.), raw",Spice,2018,752000.0,2149000.0,913,24.88,336.43,168.778,2857.7
"Chillies and peppers, dry (Capsicum spp., Pimenta spp.), raw",Spice,2019,780000.0,1743000.0,1012,24.8,365.61,168.669,2234.6
"Chillies and peppers, dry (Capsicum spp., Pimenta spp.), raw",Spice,2020,626000.0,1835000.0,1089,24.51,472.49,168.048,2931.3
"Chillies and peppers, dry (Capsicum spp., Pimenta spp.), raw",Spice,2021,702000.0,2049000.0,870,24.73,455.66,168.14,2918.8
"Chillies and peppers, dry (Capsicum spp., Pimenta spp.), raw",Spice,2022,678000.0,1874000.0,925,24.78,450.93,168.231,2764.0
"Chillies and peppers, dry (Capsicum spp., Pimenta spp.), raw",Spice,2023,852000.0,2782000.0,820,24.9,455.08,168.323,3265.3
"Chillies and peppers, dry (Capsicum spp., Pimenta spp.), raw",Spice,2024,965612.0,2909844.0,868,25.14,455.08,168.323,3013.5
"Chillies and peppers, green (Capsicum spp. and Pimenta spp.)",Vegetable,1961,2850.0,17000.0,1013,23.82,2.0,160.986,5964.9
"Chillies and peppers, green (Capsicum spp. and Pimenta spp.)",Vegetable,1962,2870.0,17200.0,899,23.53,2.4,162.4,5993.0
"Chillies and peppers, green (Capsicum spp. and Pimenta spp.)",Vegetable,1963,2890.0,17300.0,920,23.98,2.9,162.05,5986.2
"Chillies and peppers, green (Capsicum spp. and Pimenta spp.)",Vegetable,1964,3100.0,19000.0,884,23.97,3.5,162.118,6129.0
"Chillies and peppers, green (Capsicum spp. and Pimenta spp.)",Vegetable,1965,3200.0,19200.0,788,23.93,4.1,162.434,6000.0
"Chillies and peppers, green (Capsicum spp. and Pimenta spp.)",Vegetable,1966,3200.0,19800.0,939,24.32,4.8,162.72,6187.5
"Chillies and peppers, green (Capsicum spp. and Pimenta spp.)",Vegetable,1967,3250.0,20150.0,943,23.8,5.7,163.79,6200.0
"Chillies and peppers, green (Capsicum spp. and Pimenta spp.)",Vegetable,1968,3250.0,20200.0,858,23.81,6.8,164.569,6215.4
"Chillies and peppers, green (Capsicum spp. and Pimenta spp.)",Vegetable,1969,3260.0,20800.0,999,24.35,8.0,164.476,6380.4
"Chillies and peppers, green (Capsicum spp. and Pimenta spp.)",Vegetable,1970,3270.0,20900.0,916,24.05,9.5,165.06,6391.4
"Chillies and peppers, green (Capsicum spp. and Pimenta spp.)",Vegetable,1971,3280.0,21000.0,887,23.51,11.0,164.556,6402.4
"Chillies and peppers, green (Capsicum spp. and Pimenta spp.)",Vegetable,1972,3300.0,21400.0,761,24.0,12.8,164.986,6484.8
"Chillies and peppers, green (Capsicum spp. and Pimenta spp.)",Vegetable,1973,3400.0,22500.0,990,24.3,14.0,166.044,6617.6
"Chillies and peppers, green (Capsicum spp. and Pimenta spp.)",Vegetable,1974,3500.0,23400.0,878,24.01,13.5,166.501,6685.7
"Chillies and peppers, green (Capsicum spp. and Pimenta spp.)",Vegetable,1975,3600.0,24100.0,963,23.68,15.1,166.838,6694.4
"Chillies and peppers, green (Capsicum spp. and Pimenta spp.)",Vegetable,1976,3620.0,24300.0,836,23.95,16.8,167.057,6712.7
"Chillies and peppers, green (Capsicum spp. and Pimenta spp.)",Vegetable,1977,3630.0,25400.0,912,24.13,19.0,167.059,6997.2
"Chillies and peppers, green (Capsicum spp. and Pimenta spp.)",Vegetable,1978,3650.0,25550.0,956,23.82,21.5,168.239,7000.0
"Chillies and peppers, green (Capsicum spp. and Pimenta spp.)",Vegetable,1979,3700.0,27000.0,797,24.29,23.0,168.444,7297.3
"Chillies and peppers, green (Capsicum spp. and Pimenta spp.)",Vegetable,1980,3900.0,28500.0,921,24.39,25.0,168.154,7307.7
"Chillies and peppers, green (Capsicum spp. and Pimenta spp.)",Vegetable,1981,3900.0,28600.0,912,24.06,28.0,168.412,7333.3
"Chillies and peppers, green (Capsicum spp. and Pimenta spp.)",Vegetable,1982,4000.0,30800.0,834,23.98,30.5,168.746,7700.0
"Chillies and peppers, green (Capsicum spp. and Pimenta spp.)",Vegetable,1983,4100.0,31600.0,1009,23.86,33.0,168.532,7707.3
"Chillies and peppers, green (Capsicum spp. and Pimenta spp.)",Vegetable,1984,4200.0,34500.0,854,23.88,36.0,169.418,8214.3
"Chillies and peppers, green (Capsicum spp. and Pimenta spp.)",Vegetable,1985,4400.0,36000.0,897,24.2,39.5,169.34,8181.8
"Chillies and peppers, green (Capsicum spp. and Pimenta spp.)",Vegetable,1986,4500.0,37800.0,859,24.18,42.0,169.409,8400.0
"Chillies and peppers, green (Capsicum spp. and Pimenta spp.)",Vegetable,1987,4600.0,39000.0,757,24.56,43.5,169.705,8478.3
"Chillies and peppers, green (Capsicum spp. and Pimenta spp.)",Vegetable,1988,4700.0,41400.0,1035,24.5,47.0,169.368,8808.5
"Chillies and peppers, green (Capsicum spp. and Pimenta spp.)",Vegetable,1989,4720.0,41500.0,899,23.98,50.5,169.976,8792.4
"Chillies and peppers, green (Capsicum spp. and Pimenta spp.)",Vegetable,1990,4750.0,42000.0,926,23.92,55.0,170.109,8842.1
"Chillies and peppers, green (Capsicum spp. and Pimenta spp.)",Vegetable,1991,4783.0,42230.0,921,24.18,57.5,170.182,8829.2
"Chillies and peppers, green (Capsicum spp. and Pimenta spp.)",Vegetable,1992,6224.0,56391.13,820,24.01,60.0,170.006,9060.6
"Chillies and peppers, green (Capsicum spp. and Pimenta spp.)",Vegetable,1993,10097.0,92154.71,960,24.2,63.0,170.286,9127.3
"Chillies and peppers, green (Capsicum spp. and Pimenta spp.)",Vegetable,1994,14030.0,128990.63,1010,24.08,67.0,170.325,9194.2
"Chillies and peppers, green (Capsicum spp. and Pimenta spp.)",Vegetable,1995,17999.0,166695.15,870,24.21,72.0,169.911,9261.1
"Chillies and peppers, green (Capsicum spp. and Pimenta spp.)",Vegetable,1996,22019.0,205396.06,1034,24.3,76.0,169.525,9328.2
"Chillies and peppers, green (Capsicum spp. and Pimenta spp.)",Vegetable,1997,26007.0,244349.2,852,23.92,79.0,170.101,9395.4
"Chillies and peppers, green (Capsicum spp. and Pimenta spp.)",Vegetable,1998,29974.0,283634.8,1002,24.57,83.0,170.029,9462.7
"Chillies and peppers, green (Capsicum spp. and Pimenta spp.)",Vegetable,1999,33930.0,323359.91,823,24.46,87.0,170.125,9530.2
"Chillies and peppers, green (Capsicum spp. and Pimenta spp.)",Vegetable,2000,37891.0,363673.41,876,24.33,90.0,170.13,9597.8
"Chillies and peppers, green (Capsicum spp. and Pimenta spp.)",Vegetable,2001,41880.0,404787.62,894,24.46,94.0,169.825,9665.5
"Chillies and peppers, green (Capsicum spp. and Pimenta spp.)",Vegetable,2002,45924.0,446991.02,705,24.8,156.38,170.032,9733.4
"Chillies and peppers, green (Capsicum spp. and Pimenta spp.)",Vegetable,2003,49949.0,489572.59,980,24.66,164.84,169.799,9801.4
"Chillies and peppers, green (Capsicum spp. and Pimenta spp.)",Vegetable,2004,19803.0,195457.74,822,24.54,192.35,169.891,9869.9
"Chillies and peppers, green (Capsicum spp. and Pimenta spp.)",Vegetable,2005,22120.0,219833.61,919,24.56,208.53,169.674,9938.1
"Chillies and peppers, green (Capsicum spp. and Pimenta spp.)",Vegetable,2006,24929.0,249451.71,903,24.64,239.93,169.462,10006.5
"Chillies and peppers, green (Capsicum spp. and Pimenta spp.)",Vegetable,2007,28484.0,286980.81,1052,24.6,245.53,169.202,10075.0
"Chillies and peppers, green (Capsicum spp. and Pimenta spp.)",Vegetable,2008,33165.0,336404.88,981,24.26,267.03,169.395,10143.5
"Chillies and peppers, green (Capsicum spp. and Pimenta spp.)",Vegetable,2009,39511.0,403484.72,731,25.14,289.69,169.724,10211.9
"Chillies and peppers, green (Capsicum spp. and Pimenta spp.)",Vegetable,2010,48258.0,496114.79,1011,25.13,305.91,169.234,10280.6
"Chillies and peppers, green (Capsicum spp. and Pimenta spp.)",Vegetable,2011,67157.0,695026.36,1011,24.34,321.53,169.369,10349.3
"Chillies and peppers, green (Capsicum spp. and Pimenta spp.)",Vegetable,2012,98174.0,1022798.92,919,24.48,317.58,169.346,10418.2
"Chillies and peppers, green (Capsicum spp. and Pimenta spp.)",Vegetable,2013,134363.0,1409105.49,1002,24.42,306.69,169.442,10487.3
"Chillies and peppers, green (Capsicum spp. and Pimenta spp.)",Vegetable,2014,170000.0,1854000.0,882,24.52,318.21,169.463,10905.9
"Chillies and peppers, green (Capsicum spp. and Pimenta spp.)",Vegetable,2015,213000.0,2181000.0,772,24.69,329.28,169.413,10239.4
"Chillies and peppers, green (Capsicum spp. and Pimenta spp.)",Vegetable,2016,338009.0,3243883.13,973,25.07,319.47,169.317,9597.0
"Chillies and peppers, green (Capsicum spp. and Pimenta spp.)",Vegetable,2017,340291.0,3940119.5,952,24.96,325.62,168.895,11578.7
"Chillies and peppers, green (Capsicum spp. and Pimenta spp.)",Vegetable,2018,332922.0,3917850.77,913,24.88,336.43,168.778,11768.1
"Chillies and peppers, green (Capsicum spp. and Pimenta spp.)",Vegetable,2019,410261.0,4279648.92,1012,24.8,365.61,168.669,10431.5
"Chillies and peppers, green (Capsicum spp. and Pimenta spp.)",Vegetable,2020,421239.0,4652962.58,1089,24.51,472.49,168.048,11045.9
"Chillies and peppers, green (Capsicum spp. and Pimenta spp.)",Vegetable,2021,448055.0,4926144.35,870,24.73,455.66,168.14,10994.5
"Chillies and peppers, green (Capsicum spp. and Pimenta spp.)",Vegetable,2022,464762.0,5304769.0,925,24.78,450.93,168.231,11413.9
"Chillies and peppers, green (Capsicum spp. and Pimenta spp.)",Vegetable,2023,453889.0,5158084.0,820,24.9,455.08,168.323,11364.2
"Chillies and peppers, green (Capsicum spp. and Pimenta spp.)",Vegetable,2024,479679.0,5317989.29,868,25.14,455.08,168.323,11086.6
Cocoa beans,Beverage,1977,380.0,300.0,912,24.13,19.0,167.059,789.5
Cocoa beans,Beverage,1978,630.0,500.0,956,23.82,21.5,168.239,793.7
Cocoa beans,Beverage,1979,1000.0,800.0,797,24.29,23.0,168.444,800.0
Cocoa beans,Beverage,1980,20000.0,6000.0,921,24.39,25.0,168.154,300.0
Cocoa beans,Beverage,1981,20000.0,6000.0,912,24.06,28.0,168.412,300.0
Cocoa beans,Beverage,1982,20000.0,6000.0,834,23.98,30.5,168.746,300.0
Cocoa beans,Beverage,1983,20000.0,6000.0,1009,23.86,33.0,168.532,300.0
Cocoa beans,Beverage,1984,20000.0,6000.0,854,23.88,36.0,169.418,300.0
Cocoa beans,Beverage,1985,20000.0,6000.0,897,24.2,39.5,169.34,300.0
Cocoa beans,Beverage,1986,20000.0,6000.0,859,24.18,42.0,169.409,300.0
Cocoa beans,Beverage,1987,20000.0,7000.0,757,24.56,43.5,169.705,350.0
Cocoa beans,Beverage,1988,20000.0,6000.0,1035,24.5,47.0,169.368,300.0
Cocoa beans,Beverage,1989,20000.0,6000.0,899,23.98,50.5,169.976,300.0
Cocoa beans,Beverage,1990,20000.0,6000.0,926,23.92,55.0,170.109,300.0
Cocoa beans,Beverage,1991,20000.0,6000.0,921,24.18,57.5,170.182,300.0
Cocoa beans,Beverage,1992,20000.0,6000.0,820,24.01,60.0,170.006,300.0
Cocoa beans,Beverage,1993,20000.0,6000.0,960,24.2,63.0,170.286,300.0
Cocoa beans,Beverage,1994,11883.0,6742.0,1010,24.08,67.0,170.325,567.4
Cocoa beans,Beverage,1995,10727.0,5772.0,870,24.21,72.0,169.911,538.1
Cocoa beans,Beverage,1996,11780.0,6282.0,1034,24.3,76.0,169.525,533.3
Cocoa beans,Beverage,1997,12394.0,5697.0,852,23.92,79.0,170.101,459.7
Cocoa beans,Beverage,1998,12038.0,5281.0,1002,24.57,83.0,170.029,438.7
Cocoa beans,Beverage,1999,12402.0,5198.0,823,24.46,87.0,170.125,419.1
Cocoa beans,Beverage,2000,16185.0,6361.0,876,24.33,90.0,170.13,393.0
Cocoa beans,Beverage,2001,15740.0,6540.0,894,24.46,94.0,169.825,415.5
Cocoa beans,Beverage,2002,16130.0,6780.0,705,24.8,156.38,170.032,420.3
Cocoa beans,Beverage,2003,21893.0,8397.0,980,24.66,164.84,169.799,383.5
Cocoa beans,Beverage,2004,25157.0,9230.0,822,24.54,192.35,169.891,366.9
Cocoa beans,Beverage,2005,27811.0,9250.0,919,24.56,208.53,169.674,332.6
Cocoa beans,Beverage,2006,29471.0,10175.0,903,24.64,239.93,169.462,345.3
Cocoa beans,Beverage,2007,30341.0,10180.0,1052,24.6,245.53,169.202,335.5
Cocoa beans,Beverage,2008,31885.0,10560.0,981,24.26,267.03,169.395,331.2
Cocoa beans,Beverage,2009,34049.0,11820.0,731,25.14,289.69,169.724,347.1
Cocoa beans,Beverage,2010,46300.0,12900.0,1011,25.13,305.91,169.234,278.6
Cocoa beans,Beverage,2011,56500.0,14400.0,1011,24.34,321.53,169.369,254.9
Cocoa beans,Beverage,2012,63000.0,13000.0,919,24.48,317.58,169.346,206.3
Cocoa beans,Beverage,2013,66000.0,13000.0,1002,24.42,306.69,169.442,197.0
Cocoa beans,Beverage,2014,71000.0,15000.0,882,24.52,318.21,169.463,211.3
Cocoa beans,Beverage,2015,78000.0,16000.0,772,24.69,329.28,169.413,205.1
Cocoa beans,Beverage,2016,81000.0,17000.0,973,25.07,319.47,169.317,209.9
Cocoa beans,Beverage,2017,83000.0,19000.0,952,24.96,325.62,168.895,228.9
Cocoa beans,Beverage,2018,89000.0,20000.0,913,24.88,336.43,168.778,224.7
Cocoa beans,Beverage,2019,94000.0,24000.0,1012,24.8,365.61,168.669,255.3
Cocoa beans,Beverage,2020,98000.0,26000.0,1089,24.51,472.49,168.048,265.3
Cocoa beans,Beverage,2021,103000.0,27000.0,870,24.73,455.66,168.14,262.1
Cocoa beans,Beverage,2022,106000.0,28000.0,925,24.78,450.93,168.231,264.2
Cocoa beans,Beverage,2023,109000.0,30000.0,820,24.9,455.08,168.323,275.2
Cocoa beans,Beverage,2024,111036.0,30388.0,868,25.14,455.08,168.323,273.7
"Coconuts, in shell",Tree Nut,1961,723000.0,3328000.0,1013,23.82,2.0,160.986,4603.0
"Coconuts, in shell",Tree Nut,1962,793000.0,3727631.0,899,23.53,2.4,162.4,4700.7
"Coconuts, in shell",Tree Nut,1963,798000.0,3511000.0,920,23.98,2.9,162.05,4399.7
"Coconuts, in shell",Tree Nut,1964,848000.0,3746949.0,884,23.97,3.5,162.118,4418.6
"Coconuts, in shell",Tree Nut,1965,884000.0,3741005.0,788,23.93,4.1,162.434,4231.9
"Coconuts, in shell",Tree Nut,1966,893000.0,3858000.0,939,24.32,4.8,162.72,4320.3
"Coconuts, in shell",Tree Nut,1967,923900.0,3953503.0,943,23.8,5.7,163.79,4279.1
"Coconuts, in shell",Tree Nut,1968,988100.0,4120678.0,858,23.81,6.8,164.569,4170.3
"Coconuts, in shell",Tree Nut,1969,1033300.0,4352494.0,999,24.35,8.0,164.476,4212.2
"Coconuts, in shell",Tree Nut,1970,1045600.0,4514000.0,916,24.05,9.5,165.06,4317.1
"Coconuts, in shell",Tree Nut,1971,1088400.0,4550000.0,887,23.51,11.0,164.556,4180.4
"Coconuts, in shell",Tree Nut,1972,1099200.0,4455920.0,761,24.0,12.8,164.986,4053.8
"Coconuts, in shell",Tree Nut,1973,1102000.0,4346996.0,990,24.3,14.0,166.044,3944.6
"Coconuts, in shell",Tree Nut,1974,1116300.0,4479993.0,878,24.01,13.5,166.501,4013.3
"Coconuts, in shell",Tree Nut,1975,1069900.0,4331244.0,963,23.68,15.1,166.838,4048.3
"Coconuts, in shell",Tree Nut,1976,1074500.0,4284000.0,836,23.95,16.8,167.057,3987.0
"Coconuts, in shell",Tree Nut,1977,1056500.0,4022000.0,912,24.13,19.0,167.059,3806.9
"Coconuts, in shell",Tree Nut,1978,1055000.0,4257000.0,956,23.82,21.5,168.239,4035.1
"Coconuts, in shell",Tree Nut,1979,1075800.0,4188000.0,797,24.29,23.0,168.444,3892.9
"Coconuts, in shell",Tree Nut,1980,1083300.0,4250000.0,921,24.39,25.0,168.154,3923.2
"Coconuts, in shell",Tree Nut,1981,1090800.0,4138500.0,912,24.06,28.0,168.412,3794.0
"Coconuts, in shell",Tree Nut,1982,1149200.0,4767000.0,834,23.98,30.5,168.746,4148.1
"Coconuts, in shell",Tree Nut,1983,1165600.0,4315200.0,1009,23.86,33.0,168.532,3702.1
"Coconuts, in shell",Tree Nut,1984,1183300.0,5136200.0,854,23.88,36.0,169.418,4340.6
"Coconuts, in shell",Tree Nut,1985,1225600.0,5030000.0,897,24.2,39.5,169.34,4104.1
"Coconuts, in shell",Tree Nut,1986,1231200.0,4738000.0,859,24.18,42.0,169.409,3848.3
"Coconuts, in shell",Tree Nut,1987,1346000.0,5402000.0,757,24.56,43.5,169.705,4013.4
"Coconuts, in shell",Tree Nut,1988,1425500.0,6346000.0,1035,24.5,47.0,169.368,4451.8
"Coconuts, in shell",Tree Nut,1989,1472200.0,6954000.0,899,23.98,50.5,169.976,4723.5
"Coconuts, in shell",Tree Nut,1990,1475000.0,7230000.0,926,23.92,55.0,170.109,4901.7
"Coconuts, in shell",Tree Nut,1991,1529000.0,7500000.0,921,24.18,57.5,170.182,4905.2
"Coconuts, in shell",Tree Nut,1992,1537700.0,8351000.0,820,24.01,60.0,170.006,5430.8
"Coconuts, in shell",Tree Nut,1993,1635100.0,8894000.0,960,24.2,63.0,170.286,5439.4
"Coconuts, in shell",Tree Nut,1994,1713800.0,9881900.0,1010,24.08,67.0,170.325,5766.1
"Coconuts, in shell",Tree Nut,1995,1833000.0,9622667.0,870,24.21,72.0,169.911,5249.7
"Coconuts, in shell",Tree Nut,1996,1891000.0,9700000.0,1034,24.3,76.0,169.525,5129.6
"Coconuts, in shell",Tree Nut,1997,1861000.0,8990000.0,852,23.92,79.0,170.101,4830.7
"Coconuts, in shell",Tree Nut,1998,1754500.0,8750000.0,1002,24.57,83.0,170.029,4987.2
"Coconuts, in shell",Tree Nut,1999,1768100.0,8630000.0,823,24.46,87.0,170.125,4880.9
"Coconuts, in shell",Tree Nut,2000,1770000.0,8350000.0,876,24.33,90.0,170.13,4717.5
"Coconuts, in shell",Tree Nut,2001,1840000.0,8670000.0,894,24.46,94.0,169.825,4712.0
"Coconuts, in shell",Tree Nut,2002,1930000.0,8920000.0,705,24.8,156.38,170.032,4621.8
"Coconuts, in shell",Tree Nut,2003,1921800.0,8630000.0,980,24.66,164.84,169.799,4490.6
"Coconuts, in shell",Tree Nut,2004,1933700.0,8380000.0,822,24.54,192.35,169.891,4333.7
"Coconuts, in shell",Tree Nut,2005,1935000.0,8829000.0,919,24.56,208.53,169.674,4562.8
"Coconuts, in shell",Tree Nut,2006,1946800.0,10190000.0,903,24.64,239.93,169.462,5234.2
"Coconuts, in shell",Tree Nut,2007,1940000.0,10894000.0,1052,24.6,245.53,169.202,5615.5
"Coconuts, in shell",Tree Nut,2008,1903200.0,10148300.0,981,24.26,267.03,169.395,5332.2
"Coconuts, in shell",Tree Nut,2009,1895200.0,10824300.0,731,25.14,289.69,169.724,5711.4
"Coconuts, in shell",Tree Nut,2010,1895900.0,10840000.0,1011,25.13,305.91,169.234,5717.6
"Coconuts, in shell",Tree Nut,2011,2070820.0,10280000.0,1011,24.34,321.53,169.369,4964.2
"Coconuts, in shell",Tree Nut,2012,2137000.0,10560000.0,919,24.48,317.58,169.346,4941.5
"Coconuts, in shell",Tree Nut,2013,2140000.0,11930000.0,1002,24.42,306.69,169.442,5574.8
"Coconuts, in shell",Tree Nut,2014,1975800.0,11078873.0,882,24.52,318.21,169.463,5607.3
"Coconuts, in shell",Tree Nut,2015,2088500.0,11209641.0,772,24.69,329.28,169.413,5367.3
"Coconuts, in shell",Tree Nut,2016,2082000.0,11344306.0,973,25.07,319.47,169.317,5448.8
"Coconuts, in shell",Tree Nut,2017,2081000.0,11166772.0,952,24.96,325.62,168.895,5366.1
"Coconuts, in shell",Tree Nut,2018,2097000.0,16413000.0,913,24.88,336.43,168.778,7826.9
"Coconuts, in shell",Tree Nut,2019,2151000.0,14682000.0,1012,24.8,365.61,168.669,6825.7
"Coconuts, in shell",Tree Nut,2020,2173000.0,14006000.0,1089,24.51,472.49,168.048,6445.5
"Coconuts, in shell",Tree Nut,2021,2199000.0,14301000.0,870,24.73,455.66,168.14,6503.4
"Coconuts, in shell",Tree Nut,2022,2154000.0,13317000.0,925,24.78,450.93,168.231,6182.5
"Coconuts, in shell",Tree Nut,2023,2277000.0,14163000.0,820,24.9,455.08,168.323,6220.0
"Coconuts, in shell",Tree Nut,2024,2165203.0,14707567.0,868,25.14,455.08,168.323,6792.7
"Coffee, green",Beverage,1961,96000.0,43200.0,1013,23.82,2.0,160.986,450.0
"Coffee, green",Beverage,1962,115000.0,46000.0,899,23.53,2.4,162.4,400.0
"Coffee, green",Beverage,1963,118000.0,56200.0,920,23.98,2.9,162.05,476.3
"Coffee, green",Beverage,1964,120000.0,69300.0,884,23.97,3.5,162.118,577.5
"Coffee, green",Beverage,1965,122000.0,60900.0,788,23.93,4.1,162.434,499.2
"Coffee, green",Beverage,1966,125000.0,63900.0,939,24.32,4.8,162.72,511.2
"Coffee, green",Beverage,1967,126000.0,78500.0,943,23.8,5.7,163.79,623.0
"Coffee, green",Beverage,1968,128000.0,57331.0,858,23.81,6.8,164.569,447.9
"Coffee, green",Beverage,1969,128000.0,73430.0,999,24.35,8.0,164.476,573.7
"Coffee, green",Beverage,1970,128000.0,63619.0,916,24.05,9.5,165.06,497.0
"Coffee, green",Beverage,1971,128000.0,110231.0,887,23.51,11.0,164.556,861.2
"Coffee, green",Beverage,1972,129000.0,68948.0,761,24.0,12.8,164.986,534.5
"Coffee, green",Beverage,1973,130000.0,91072.0,990,24.3,14.0,166.044,700.6
"Coffee, green",Beverage,1974,131000.0,86388.0,878,24.01,13.5,166.501,659.5
"Coffee, green",Beverage,1975,145000.0,92506.0,963,23.68,15.1,166.838,638.0
"Coffee, green",Beverage,1976,150000.0,84000.0,836,23.95,16.8,167.057,560.0
"Coffee, green",Beverage,1977,160000.0,102300.0,912,24.13,19.0,167.059,639.4
"Coffee, green",Beverage,1978,170000.0,125000.0,956,23.82,21.5,168.239,735.3
"Coffee, green",Beverage,1979,180000.0,110488.0,797,24.29,23.0,168.444,613.8
"Coffee, green",Beverage,1980,185000.0,149835.0,921,24.39,25.0,168.154,809.9
"Coffee, green",Beverage,1981,190000.0,118600.0,912,24.06,28.0,168.412,624.2
"Coffee, green",Beverage,1982,194000.0,152100.0,834,23.98,30.5,168.746,784.0
"Coffee, green",Beverage,1983,201000.0,130000.0,1009,23.86,33.0,168.532,646.8
"Coffee, green",Beverage,1984,207100.0,105029.0,854,23.88,36.0,169.418,507.1
"Coffee, green",Beverage,1985,209400.0,195100.0,897,24.2,39.5,169.34,931.7
"Coffee, green",Beverage,1986,214476.0,122400.0,859,24.18,42.0,169.409,570.7
"Coffee, green",Beverage,1987,215500.0,192100.0,757,24.56,43.5,169.705,891.4
"Coffee, green",Beverage,1988,218000.0,122700.0,1035,24.5,47.0,169.368,562.8
"Coffee, green",Beverage,1989,221000.0,214700.0,899,23.98,50.5,169.976,971.5
"Coffee, green",Beverage,1990,221000.0,118100.0,926,23.92,55.0,170.109,534.4
"Coffee, green",Beverage,1991,223500.0,170000.0,921,24.18,57.5,170.182,760.6
"Coffee, green",Beverage,1992,223500.0,180000.0,820,24.01,60.0,170.006,805.4
"Coffee, green",Beverage,1993,223500.0,162000.0,960,24.2,63.0,170.286,724.8
"Coffee, green",Beverage,1994,226500.0,208000.0,1010,24.08,67.0,170.325,918.3
"Coffee, green",Beverage,1995,228500.0,180000.0,870,24.21,72.0,169.911,787.7
"Coffee, green",Beverage,1996,242000.0,223000.0,1034,24.3,76.0,169.525,921.5
"Coffee, green",Beverage,1997,251284.0,205000.0,852,23.92,79.0,170.101,815.8
"Coffee, green",Beverage,1998,285652.0,228000.0,1002,24.57,83.0,170.029,798.2
"Coffee, green",Beverage,1999,302234.0,265000.0,823,24.46,87.0,170.125,876.8
"Coffee, green",Beverage,2000,308433.0,292000.0,876,24.33,90.0,170.13,946.7
"Coffee, green",Beverage,2001,313934.0,301000.0,894,24.46,94.0,169.825,958.8
"Coffee, green",Beverage,2002,320737.0,301000.0,705,24.8,156.38,170.032,938.5
"Coffee, green",Beverage,2003,320615.0,275275.0,980,24.66,164.84,169.799,858.6
"Coffee, green",Beverage,2004,325124.0,270500.0,822,24.54,192.35,169.891,832.0
"Coffee, green",Beverage,2005,333338.0,275500.0,919,24.56,208.53,169.674,826.5
"Coffee, green",Beverage,2006,341351.0,274000.0,903,24.64,239.93,169.462,802.7
"Coffee, green",Beverage,2007,343040.0,288000.0,1052,24.6,245.53,169.202,839.6
"Coffee, green",Beverage,2008,344508.0,262000.0,981,24.26,267.03,169.395,760.5
"Coffee, green",Beverage,2009,350500.0,262300.0,731,25.14,289.69,169.724,748.4
"Coffee, green",Beverage,2010,355502.0,289600.0,1011,25.13,305.91,169.234,814.6
"Coffee, green",Beverage,2011,360485.0,302000.0,1011,24.34,321.53,169.369,837.8
"Coffee, green",Beverage,2012,368687.0,314000.0,919,24.48,317.58,169.346,851.7
"Coffee, green",Beverage,2013,376305.0,318200.0,1002,24.42,306.69,169.442,845.6
"Coffee, green",Beverage,2014,381304.0,304500.0,882,24.52,318.21,169.463,798.6
"Coffee, green",Beverage,2015,423270.0,327000.0,772,24.69,329.28,169.413,772.6
"Coffee, green",Beverage,2016,434436.0,348000.0,973,25.07,319.47,169.317,801.0
"Coffee, green",Beverage,2017,449357.0,312000.0,952,24.96,325.62,168.895,694.3
"Coffee, green",Beverage,2018,413020.0,316000.0,913,24.88,336.43,168.778,765.1
"Coffee, green",Beverage,2019,416741.0,319500.0,1012,24.8,365.61,168.669,766.7
"Coffee, green",Beverage,2020,418167.0,298000.0,1089,24.51,472.49,168.048,712.6
"Coffee, green",Beverage,2021,422924.0,334000.0,870,24.73,455.66,168.14,789.7
"Coffee, green",Beverage,2022,479669.0,352000.0,925,24.78,450.93,168.231,733.8
"Coffee, green",Beverage,2023,489619.0,360500.0,820,24.9,455.08,168.323,736.3
"Coffee, green",Beverage,2024,491419.0,363000.0,868,25.14,455.08,168.323,738.7
Cucumbers and gherkins,Vegetable,1961,5500.0,26000.0,1013,23.82,2.0,160.986,4727.3
Cucumbers and gherkins,Vegetable,1962,5900.0,29500.0,899,23.53,2.4,162.4,5000.0
Cucumbers and gherkins,Vegetable,1963,6300.0,31500.0,920,23.98,2.9,162.05,5000.0
Cucumbers and gherkins,Vegetable,1964,6800.0,34000.0,884,23.97,3.5,162.118,5000.0
Cucumbers and gherkins,Vegetable,1965,7200.0,38000.0,788,23.93,4.1,162.434,5277.8
Cucumbers and gherkins,Vegetable,1966,7500.0,40000.0,939,24.32,4.8,162.72,5333.3
Cucumbers and gherkins,Vegetable,1967,8000.0,42000.0,943,23.8,5.7,163.79,5250.0
Cucumbers and gherkins,Vegetable,1968,8300.0,44000.0,858,23.81,6.8,164.569,5301.2
Cucumbers and gherkins,Vegetable,1969,8500.0,46000.0,999,24.35,8.0,164.476,5411.8
Cucumbers and gherkins,Vegetable,1970,9000.0,50000.0,916,24.05,9.5,165.06,5555.6
Cucumbers and gherkins,Vegetable,1971,9300.0,51000.0,887,23.51,11.0,164.556,5483.9
Cucumbers and gherkins,Vegetable,1972,9600.0,53000.0,761,24.0,12.8,164.986,5520.8
Cucumbers and gherkins,Vegetable,1973,10000.0,58000.0,990,24.3,14.0,166.044,5800.0
Cucumbers and gherkins,Vegetable,1974,10200.0,59000.0,878,24.01,13.5,166.501,5784.3
Cucumbers and gherkins,Vegetable,1975,10500.0,61000.0,963,23.68,15.1,166.838,5809.5
Cucumbers and gherkins,Vegetable,1976,10800.0,62600.0,836,23.95,16.8,167.057,5796.3
Cucumbers and gherkins,Vegetable,1977,11000.0,64000.0,912,24.13,19.0,167.059,5818.2
Cucumbers and gherkins,Vegetable,1978,11500.0,69000.0,956,23.82,21.5,168.239,6000.0
Cucumbers and gherkins,Vegetable,1979,12000.0,72000.0,797,24.29,23.0,168.444,6000.0
Cucumbers and gherkins,Vegetable,1980,12300.0,74000.0,921,24.39,25.0,168.154,6016.3
Cucumbers and gherkins,Vegetable,1981,13000.0,80500.0,912,24.06,28.0,168.412,6192.3
Cucumbers and gherkins,Vegetable,1982,13500.0,83700.0,834,23.98,30.5,168.746,6200.0
Cucumbers and gherkins,Vegetable,1983,14000.0,87000.0,1009,23.86,33.0,168.532,6214.3
Cucumbers and gherkins,Vegetable,1984,14500.0,91000.0,854,23.88,36.0,169.418,6275.9
Cucumbers and gherkins,Vegetable,1985,14500.0,91500.0,897,24.2,39.5,169.34,6310.3
Cucumbers and gherkins,Vegetable,1986,14700.0,93000.0,859,24.18,42.0,169.409,6326.5
Cucumbers and gherkins,Vegetable,1987,14800.0,93500.0,757,24.56,43.5,169.705,6317.6
Cucumbers and gherkins,Vegetable,1988,15000.0,95000.0,1035,24.5,47.0,169.368,6333.3
Cucumbers and gherkins,Vegetable,1989,15300.0,98000.0,899,23.98,50.5,169.976,6405.2
Cucumbers and gherkins,Vegetable,1990,15900.0,102000.0,926,23.92,55.0,170.109,6415.1
Cucumbers and gherkins,Vegetable,1991,16288.0,105690.0,921,24.18,57.5,170.182,6488.8
Cucumbers and gherkins,Vegetable,1992,12575.0,89207.51,820,24.01,60.0,170.006,7094.3
Cucumbers and gherkins,Vegetable,1993,15223.0,113106.53,960,24.2,63.0,170.286,7430.0
Cucumbers and gherkins,Vegetable,1994,17680.0,136231.46,1010,24.08,67.0,170.325,7705.5
Cucumbers and gherkins,Vegetable,1995,19954.0,158663.86,870,24.21,72.0,169.911,7951.5
Cucumbers and gherkins,Vegetable,1996,22084.0,180797.42,1034,24.3,76.0,169.525,8186.8
Cucumbers and gherkins,Vegetable,1997,24093.0,202838.02,852,23.92,79.0,170.101,8419.0
Cucumbers and gherkins,Vegetable,1998,25994.0,224859.84,1002,24.57,83.0,170.029,8650.5
Cucumbers and gherkins,Vegetable,1999,27796.0,246887.32,823,24.46,87.0,170.125,8882.2
Cucumbers and gherkins,Vegetable,2000,29506.0,268928.88,876,24.33,90.0,170.13,9114.3
Cucumbers and gherkins,Vegetable,2001,31131.0,290988.13,894,24.46,94.0,169.825,9347.1
Cucumbers and gherkins,Vegetable,2002,31830.0,313067.27,705,24.8,156.38,170.032,9835.6
Cucumbers and gherkins,Vegetable,2003,32462.0,335168.18,980,24.66,164.84,169.799,10324.8
Cucumbers and gherkins,Vegetable,2004,33038.0,357292.75,822,24.54,192.35,169.891,10814.8
Cucumbers and gherkins,Vegetable,2005,33563.0,379442.97,919,24.56,208.53,169.674,11305.4
Cucumbers and gherkins,Vegetable,2006,34045.0,401620.99,903,24.64,239.93,169.462,11796.7
Cucumbers and gherkins,Vegetable,2007,34489.0,423829.13,1052,24.6,245.53,169.202,12288.9
Cucumbers and gherkins,Vegetable,2008,34899.0,446069.9,981,24.26,267.03,169.395,12781.8
Cucumbers and gherkins,Vegetable,2009,35279.0,468346.03,731,25.14,289.69,169.724,13275.5
Cucumbers and gherkins,Vegetable,2010,35632.0,490660.46,1011,25.13,305.91,169.234,13770.2
Cucumbers and gherkins,Vegetable,2011,35000.0,525000.0,1011,24.34,321.53,169.369,15000.0
Cucumbers and gherkins,Vegetable,2012,40000.0,607000.0,919,24.48,317.58,169.346,15175.0
Cucumbers and gherkins,Vegetable,2013,41000.0,641000.0,1002,24.42,306.69,169.442,15634.1
Cucumbers and gherkins,Vegetable,2014,43000.0,678000.0,882,24.52,318.21,169.463,15767.4
Cucumbers and gherkins,Vegetable,2015,43000.0,678000.0,772,24.69,329.28,169.413,15767.4
Cucumbers and gherkins,Vegetable,2016,71348.0,1201839.55,973,25.07,319.47,169.317,16844.7
Cucumbers and gherkins,Vegetable,2017,73990.0,1141594.6,952,24.96,325.62,168.895,15429.0
Cucumbers and gherkins,Vegetable,2018,82042.0,1259942.65,913,24.88,336.43,168.778,15357.3
Cucumbers and gherkins,Vegetable,2019,104582.0,1588385.0,1012,24.8,365.61,168.669,15187.9
Cucumbers and gherkins,Vegetable,2020,112026.0,1655937.3,1089,24.51,472.49,168.048,14781.7
Cucumbers and gherkins,Vegetable,2021,116615.0,1651915.3,870,24.73,455.66,168.14,14165.5
Cucumbers and gherkins,Vegetable,2022,119131.0,1694209.0,925,24.78,450.93,168.231,14221.4
Cucumbers and gherkins,Vegetable,2023,127493.0,1711715.0,820,24.9,455.08,168.323,13426.0
Cucumbers and gherkins,Vegetable,2024,139486.0,2050135.0,868,25.14,455.08,168.323,14697.8
Eggplants (aubergines),Vegetable,1961,150000.0,990000.0,1013,23.82,2.0,160.986,6600.0
Eggplants (aubergines),Vegetable,1962,156000.0,1050000.0,899,23.53,2.4,162.4,6730.8
Eggplants (aubergines),Vegetable,1963,162000.0,1100000.0,920,23.98,2.9,162.05,6790.1
Eggplants (aubergines),Vegetable,1964,170000.0,1150000.0,884,23.97,3.5,162.118,6764.7
Eggplants (aubergines),Vegetable,1965,175000.0,1200000.0,788,23.93,4.1,162.434,6857.1
Eggplants (aubergines),Vegetable,1966,180000.0,1230000.0,939,24.32,4.8,162.72,6833.3
Eggplants (aubergines),Vegetable,1967,190000.0,1300000.0,943,23.8,5.7,163.79,6842.1
Eggplants (aubergines),Vegetable,1968,195000.0,1365000.0,858,23.81,6.8,164.569,7000.0
Eggplants (aubergines),Vegetable,1969,200000.0,1400000.0,999,24.35,8.0,164.476,7000.0
Eggplants (aubergines),Vegetable,1970,205000.0,1480000.0,916,24.05,9.5,165.06,7219.5
Eggplants (aubergines),Vegetable,1971,208000.0,1540000.0,887,23.51,11.0,164.556,7403.8
Eggplants (aubergines),Vegetable,1972,210000.0,1585000.0,761,24.0,12.8,164.986,7547.6
Eggplants (aubergines),Vegetable,1973,215000.0,1635000.0,990,24.3,14.0,166.044,7604.7
Eggplants (aubergines),Vegetable,1974,220000.0,1660000.0,878,24.01,13.5,166.501,7545.5
Eggplants (aubergines),Vegetable,1975,225000.0,1700000.0,963,23.68,15.1,166.838,7555.6
Eggplants (aubergines),Vegetable,1976,230000.0,1760000.0,836,23.95,16.8,167.057,7652.2
Eggplants (aubergines),Vegetable,1977,232000.0,1810000.0,912,24.13,19.0,167.059,7801.7
Eggplants (aubergines),Vegetable,1978,240000.0,1880000.0,956,23.82,21.5,168.239,7833.3
Eggplants (aubergines),Vegetable,1979,245000.0,1940000.0,797,24.29,23.0,168.444,7918.4
Eggplants (aubergines),Vegetable,1980,249000.0,2000000.0,921,24.39,25.0,168.154,8032.1
Eggplants (aubergines),Vegetable,1981,253000.0,2180000.0,912,24.06,28.0,168.412,8616.6
Eggplants (aubergines),Vegetable,1982,258000.0,2300000.0,834,23.98,30.5,168.746,8914.7
Eggplants (aubergines),Vegetable,1983,262000.0,2360000.0,1009,23.86,33.0,168.532,9007.6
Eggplants (aubergines),Vegetable,1984,270000.0,2480000.0,854,23.88,36.0,169.418,9185.2
Eggplants (aubergines),Vegetable,1985,275000.0,2550000.0,897,24.2,39.5,169.34,9272.7
Eggplants (aubergines),Vegetable,1986,280000.0,2660000.0,859,24.18,42.0,169.409,9500.0
Eggplants (aubergines),Vegetable,1987,283000.0,2775000.0,757,24.56,43.5,169.705,9805.7
Eggplants (aubergines),Vegetable,1988,287000.0,2870000.0,1035,24.5,47.0,169.368,10000.0
Eggplants (aubergines),Vegetable,1989,290000.0,2960000.0,899,23.98,50.5,169.976,10206.9
Eggplants (aubergines),Vegetable,1990,295000.0,3000000.0,926,23.92,55.0,170.109,10169.5
Eggplants (aubergines),Vegetable,1991,300000.0,3124000.0,921,24.18,57.5,170.182,10413.3
Eggplants (aubergines),Vegetable,1992,194000.0,2753000.0,820,24.01,60.0,170.006,14190.7
Eggplants (aubergines),Vegetable,1993,252000.0,5011000.0,960,24.2,63.0,170.286,19884.9
Eggplants (aubergines),Vegetable,1994,280000.0,4420000.0,1010,24.08,67.0,170.325,15785.7
Eggplants (aubergines),Vegetable,1995,420000.0,6230000.0,870,24.21,72.0,169.911,14833.3
Eggplants (aubergines),Vegetable,1996,409514.0,6000000.0,1034,24.3,76.0,169.525,14651.5
Eggplants (aubergines),Vegetable,1997,430000.0,6100000.0,852,23.92,79.0,170.101,14186.0
Eggplants (aubergines),Vegetable,1998,480000.0,7740000.0,1002,24.57,83.0,170.029,16125.0
Eggplants (aubergines),Vegetable,1999,490000.0,7880000.0,823,24.46,87.0,170.125,16081.6
Eggplants (aubergines),Vegetable,2000,500000.0,8120000.0,876,24.33,90.0,170.13,16240.0
Eggplants (aubergines),Vegetable,2001,470000.0,7700000.0,894,24.46,94.0,169.825,16383.0
Eggplants (aubergines),Vegetable,2002,500000.0,8350000.0,705,24.8,156.38,170.032,16700.0
Eggplants (aubergines),Vegetable,2003,500000.0,7830000.0,980,24.66,164.84,169.799,15660.0
Eggplants (aubergines),Vegetable,2004,516400.0,8477300.0,822,24.54,192.35,169.891,16416.2
Eggplants (aubergines),Vegetable,2005,526500.0,8600800.0,919,24.56,208.53,169.674,16335.8
Eggplants (aubergines),Vegetable,2006,559700.0,9364300.0,903,24.64,239.93,169.462,16730.9
Eggplants (aubergines),Vegetable,2007,568000.0,9453000.0,1052,24.6,245.53,169.202,16642.6
Eggplants (aubergines),Vegetable,2008,561000.0,9678000.0,981,24.26,267.03,169.395,17251.3
Eggplants (aubergines),Vegetable,2009,600300.0,10377600.0,731,25.14,289.69,169.724,17287.4
Eggplants (aubergines),Vegetable,2010,612400.0,10563000.0,1011,25.13,305.91,169.234,17248.5
Eggplants (aubergines),Vegetable,2011,680000.0,11896000.0,1011,24.34,321.53,169.369,17494.1
Eggplants (aubergines),Vegetable,2012,692000.0,12634000.0,919,24.48,317.58,169.346,18257.2
Eggplants (aubergines),Vegetable,2013,722000.0,13444000.0,1002,24.42,306.69,169.442,18620.5
Eggplants (aubergines),Vegetable,2014,711310.0,13557820.0,882,24.52,318.21,169.463,19060.4
Eggplants (aubergines),Vegetable,2015,673000.0,12589000.0,772,24.69,329.28,169.413,18705.8
Eggplants (aubergines),Vegetable,2016,663000.0,12515000.0,973,25.07,319.47,169.317,18876.3
Eggplants (aubergines),Vegetable,2017,733000.0,12510000.0,952,24.96,325.62,168.895,17066.8
Eggplants (aubergines),Vegetable,2018,730000.0,12801000.0,913,24.88,336.43,168.778,17535.6
Eggplants (aubergines),Vegetable,2019,727000.0,12680000.0,1012,24.8,365.61,168.669,17441.5
Eggplants (aubergines),Vegetable,2020,744000.0,12682000.0,1089,24.51,472.49,168.048,17045.7
Eggplants (aubergines),Vegetable,2021,749000.0,12874000.0,870,24.73,455.66,168.14,17188.3
Eggplants (aubergines),Vegetable,2022,675000.0,12765000.0,925,24.78,450.93,168.231,18911.1
Eggplants (aubergines),Vegetable,2023,681000.0,12792000.0,820,24.9,455.08,168.323,18784.1
Eggplants (aubergines),Vegetable,2024,683138.0,12998367.0,868,25.14,455.08,168.323,19027.4
Figs,Fruit,1961,900.0,2000.0,1013,23.82,2.0,160.986,2222.2
Figs,Fruit,1962,900.0,2000.0,899,23.53,2.4,162.4,2222.2
Figs,Fruit,1963,900.0,2000.0,920,23.98,2.9,162.05,2222.2
Figs,Fruit,1964,900.0,2000.0,884,23.97,3.5,162.118,2222.2
Figs,Fruit,1965,900.0,2000.0,788,23.93,4.1,162.434,2222.2
Figs,Fruit,1966,900.0,2000.0,939,24.32,4.8,162.72,2222.2
Figs,Fruit,1967,900.0,2000.0,943,23.8,5.7,163.79,2222.2
Figs,Fruit,1968,900.0,2000.0,858,23.81,6.8,164.569,2222.2
Figs,Fruit,1969,900.0,2000.0,999,24.35,8.0,164.476,2222.2
Figs,Fruit,1970,900.0,2000.0,916,24.05,9.5,165.06,2222.2
Figs,Fruit,1971,900.0,2000.0,887,23.51,11.0,164.556,2222.2
Figs,Fruit,1972,900.0,2000.0,761,24.0,12.8,164.986,2222.2
Figs,Fruit,1973,900.0,2000.0,990,24.3,14.0,166.044,2222.2
Figs,Fruit,1974,900.0,2000.0,878,24.01,13.5,166.501,2222.2
Figs,Fruit,1975,900.0,2000.0,963,23.68,15.1,166.838,2222.2
Figs,Fruit,1976,890.0,2000.0,836,23.95,16.8,167.057,2247.2
Figs,Fruit,1977,880.0,2000.0,912,24.13,19.0,167.059,2272.7
Figs,Fruit,1978,870.0,2000.0,956,23.82,21.5,168.239,2298.9
Figs,Fruit,1979,870.0,2000.0,797,24.29,23.0,168.444,2298.9
Figs,Fruit,1980,870.0,2000.0,921,24.39,25.0,168.154,2298.9
Figs,Fruit,1981,870.0,2000.0,912,24.06,28.0,168.412,2298.9
Figs,Fruit,1982,870.0,2000.0,834,23.98,30.5,168.746,2298.9
Figs,Fruit,1983,870.0,2000.0,1009,23.86,33.0,168.532,2298.9
Figs,Fruit,1984,870.0,2000.0,854,23.88,36.0,169.418,2298.9
Figs,Fruit,1985,1300.0,3000.0,897,24.2,39.5,169.34,2307.7
Figs,Fruit,1986,870.0,2000.0,859,24.18,42.0,169.409,2298.9
Figs,Fruit,1987,1700.0,4000.0,757,24.56,43.5,169.705,2352.9
Figs,Fruit,1988,2200.0,5000.0,1035,24.5,47.0,169.368,2272.7
Figs,Fruit,1989,2000.0,4500.0,899,23.98,50.5,169.976,2250.0
Figs,Fruit,1990,2100.0,4800.0,926,23.92,55.0,170.109,2285.7
Figs,Fruit,1991,2200.0,5000.0,921,24.18,57.5,170.182,2272.7
Figs,Fruit,1992,2400.0,5500.0,820,24.01,60.0,170.006,2291.7
Figs,Fruit,1993,2600.0,6000.0,960,24.2,63.0,170.286,2307.7
Figs,Fruit,1994,2974.0,6838.06,1010,24.08,67.0,170.325,2299.5
Figs,Fruit,1995,3349.0,7700.0,870,24.21,72.0,169.911,2299.1
Figs,Fruit,1996,3613.0,8300.0,1034,24.3,76.0,169.525,2297.4
Figs,Fruit,1997,3694.0,8500.0,852,23.92,79.0,170.101,2300.9
Figs,Fruit,1998,3819.0,8800.0,1002,24.57,83.0,170.029,2304.4
Figs,Fruit,1999,4290.0,9900.0,823,24.46,87.0,170.125,2307.8
Figs,Fruit,2000,4543.0,10500.0,876,24.33,90.0,170.13,2311.3
Figs,Fruit,2001,4751.0,10998.28,894,24.46,94.0,169.825,2314.8
Figs,Fruit,2002,4955.0,11486.72,705,24.8,156.38,170.032,2318.3
Figs,Fruit,2003,5153.0,11964.75,980,24.66,164.84,169.799,2321.7
Figs,Fruit,2004,5328.0,12434.12,822,24.54,192.35,169.891,2333.7
Figs,Fruit,2005,5366.0,12632.59,919,24.56,208.53,169.674,2354.2
Figs,Fruit,2006,5154.0,12239.24,903,24.64,239.93,169.462,2374.7
Figs,Fruit,2007,5356.0,12829.44,1052,24.6,245.53,169.202,2395.2
Figs,Fruit,2008,5323.0,12859.59,981,24.26,267.03,169.395,2415.7
Figs,Fruit,2009,5361.0,13061.16,731,25.14,289.69,169.724,2436.2
Figs,Fruit,2010,5407.0,13282.88,1011,25.13,305.91,169.234,2456.7
Figs,Fruit,2011,5451.0,13502.7,1011,24.34,321.53,169.369,2477.2
Figs,Fruit,2012,5500.0,13737.36,919,24.48,317.58,169.346,2497.7
Figs,Fruit,2013,5500.0,13850.09,1002,24.42,306.69,169.442,2518.2
Figs,Fruit,2014,5600.0,14144.94,882,24.52,318.21,169.463,2525.9
Figs,Fruit,2015,5649.0,14295.15,772,24.69,329.28,169.413,2530.3
Figs,Fruit,2016,5650.0,14354.24,973,25.07,319.47,169.317,2540.7
Figs,Fruit,2017,5667.0,14462.78,952,24.96,325.62,168.895,2552.3
Figs,Fruit,2018,5691.0,14574.59,913,24.88,336.43,168.778,2560.8
Figs,Fruit,2019,5716.0,14683.16,1012,24.8,365.61,168.669,2568.9
Figs,Fruit,2020,5758.0,14833.44,1089,24.51,472.49,168.048,2576.1
Figs,Fruit,2021,5900.0,14697.07,870,24.73,455.66,168.14,2491.1
Figs,Fruit,2022,5944.0,14737.89,925,24.78,450.93,168.231,2479.5
Figs,Fruit,2023,5867.0,14756.13,820,24.9,455.08,168.323,2515.0
Figs,Fruit,2024,5904.0,14730.36,868,25.14,455.08,168.323,2495.2
"Ginger, raw",Spice,1961,21000.0,19000.0,1013,23.82,2.0,160.986,904.8
"Ginger, raw",Spice,1962,21000.0,20000.0,899,23.53,2.4,162.4,952.4
"Ginger, raw",Spice,1963,23000.0,21000.0,920,23.98,2.9,162.05,913.0
"Ginger, raw",Spice,1964,23000.0,21000.0,884,23.97,3.5,162.118,913.0
"Ginger, raw",Spice,1965,23000.0,22000.0,788,23.93,4.1,162.434,956.5
"Ginger, raw",Spice,1966,23000.0,21000.0,939,24.32,4.8,162.72,913.0
"Ginger, raw",Spice,1967,21000.0,20000.0,943,23.8,5.7,163.79,952.4
"Ginger, raw",Spice,1968,20000.0,18000.0,858,23.81,6.8,164.569,900.0
"Ginger, raw",Spice,1969,21000.0,21000.0,999,24.35,8.0,164.476,1000.0
"Ginger, raw",Spice,1970,22000.0,30000.0,916,24.05,9.5,165.06,1363.6
"Ginger, raw",Spice,1971,24590.0,34710.0,887,23.51,11.0,164.556,1411.5
"Ginger, raw",Spice,1972,22880.0,33630.0,761,24.0,12.8,164.986,1469.8
"Ginger, raw",Spice,1973,24860.0,38460.0,990,24.3,14.0,166.044,1547.1
"Ginger, raw",Spice,1974,24140.0,37910.0,878,24.01,13.5,166.501,1570.4
"Ginger, raw",Spice,1975,27200.0,45150.0,963,23.68,15.1,166.838,1659.9
"Ginger, raw",Spice,1976,25650.0,43390.0,836,23.95,16.8,167.057,1691.6
"Ginger, raw",Spice,1977,36020.0,71700.0,912,24.13,19.0,167.059,1990.6
"Ginger, raw",Spice,1978,34330.0,67170.0,956,23.82,21.5,168.239,1956.6
"Ginger, raw",Spice,1979,40350.0,72960.0,797,24.29,23.0,168.444,1808.2
"Ginger, raw",Spice,1980,40450.0,82440.0,921,24.39,25.0,168.154,2038.1
"Ginger, raw",Spice,1981,40710.0,86980.0,912,24.06,28.0,168.412,2136.6
"Ginger, raw",Spice,1982,43830.0,94170.0,834,23.98,30.5,168.746,2148.5
"Ginger, raw",Spice,1983,48960.0,121310.0,1009,23.86,33.0,168.532,2477.7
"Ginger, raw",Spice,1984,55510.0,133860.0,854,23.88,36.0,169.418,2411.5
"Ginger, raw",Spice,1985,53520.0,138020.0,897,24.2,39.5,169.34,2578.8
"Ginger, raw",Spice,1986,52650.0,136010.0,859,24.18,42.0,169.409,2583.3
"Ginger, raw",Spice,1987,54240.0,142840.0,757,24.56,43.5,169.705,2633.5
"Ginger, raw",Spice,1988,52000.0,152000.0,1035,24.5,47.0,169.368,2923.1
"Ginger, raw",Spice,1989,54000.0,156120.0,899,23.98,50.5,169.976,2891.1
"Ginger, raw",Spice,1990,54000.0,154000.0,926,23.92,55.0,170.109,2851.9
"Ginger, raw",Spice,1991,60000.0,183000.0,921,24.18,57.5,170.182,3050.0
"Ginger, raw",Spice,1992,59900.0,201600.0,820,24.01,60.0,170.006,3365.6
"Ginger, raw",Spice,1993,60580.0,186200.0,960,24.2,63.0,170.286,3073.6
"Ginger, raw",Spice,1994,87500.0,171200.0,1010,24.08,67.0,170.325,1956.6
"Ginger, raw",Spice,1995,90000.0,171000.0,870,24.21,72.0,169.911,1900.0
"Ginger, raw",Spice,1996,70300.0,232500.0,1034,24.3,76.0,169.525,3307.3
"Ginger, raw",Spice,1997,76000.0,252000.0,852,23.92,79.0,170.101,3315.8
"Ginger, raw",Spice,1998,78000.0,263000.0,1002,24.57,83.0,170.029,3371.8
"Ginger, raw",Spice,1999,77600.0,263200.0,823,24.46,87.0,170.125,3391.8
"Ginger, raw",Spice,2000,70000.0,235000.0,876,24.33,90.0,170.13,3357.1
"Ginger, raw",Spice,2001,70446.0,230000.0,894,24.46,94.0,169.825,3264.9
"Ginger, raw",Spice,2002,83847.0,268447.28,705,24.8,156.38,170.032,3201.6
"Ginger, raw",Spice,2003,88200.0,280200.0,980,24.66,164.84,169.799,3176.9
"Ginger, raw",Spice,2004,85100.0,301900.0,822,24.54,192.35,169.891,3547.6
"Ginger, raw",Spice,2005,95300.0,359000.0,919,24.56,208.53,169.674,3767.1
"Ginger, raw",Spice,2006,110600.0,391200.0,903,24.64,239.93,169.462,3537.1
"Ginger, raw",Spice,2007,106100.0,393400.0,1052,24.6,245.53,169.202,3707.8
"Ginger, raw",Spice,2008,104360.0,390080.0,981,24.26,267.03,169.395,3737.8
"Ginger, raw",Spice,2009,108640.0,380100.0,731,25.14,289.69,169.724,3498.7
"Ginger, raw",Spice,2010,107540.0,385330.0,1011,25.13,305.91,169.234,3583.1
"Ginger, raw",Spice,2011,149100.0,702000.0,1011,24.34,321.53,169.369,4708.2
"Ginger, raw",Spice,2012,155000.0,756000.0,919,24.48,317.58,169.346,4877.4
"Ginger, raw",Spice,2013,136000.0,683000.0,1002,24.42,306.69,169.442,5022.1
"Ginger, raw",Spice,2014,133000.0,655000.0,882,24.52,318.21,169.463,4924.8
"Ginger, raw",Spice,2015,142000.0,760000.0,772,24.69,329.28,169.413,5352.1
"Ginger, raw",Spice,2016,165000.0,1109000.0,973,25.07,319.47,169.317,6721.2
"Ginger, raw",Spice,2017,168000.0,1070000.0,952,24.96,325.62,168.895,6369.0
"Ginger, raw",Spice,2018,165000.0,1762000.0,913,24.88,336.43,168.778,10678.8
"Ginger, raw",Spice,2019,164000.0,1788000.0,1012,24.8,365.61,168.669,10902.4
"Ginger, raw",Spice,2020,178000.0,1868000.0,1089,24.51,472.49,168.048,10494.4
"Ginger, raw",Spice,2021,205000.0,2225000.0,870,24.73,455.66,168.14,10853.7
"Ginger, raw",Spice,2022,210000.0,2503000.0,925,24.78,450.93,168.231,11919.0
"Ginger, raw",Spice,2023,191000.0,2201000.0,820,24.9,455.08,168.323,11523.6
"Ginger, raw",Spice,2024,194243.0,2333000.0,868,25.14,455.08,168.323,12010.7
Grapes,Fruit,1961,4400.0,70000.0,1013,23.82,2.0,160.986,15909.1
Grapes,Fruit,1962,4600.0,75000.0,899,23.53,2.4,162.4,16304.3
Grapes,Fruit,1963,5000.0,80000.0,920,23.98,2.9,162.05,16000.0
Grapes,Fruit,1964,5600.0,90000.0,884,23.97,3.5,162.118,16071.4
Grapes,Fruit,1965,6200.0,100000.0,788,23.93,4.1,162.434,16129.0
Grapes,Fruit,1966,6800.0,110000.0,939,24.32,4.8,162.72,16176.5
Grapes,Fruit,1967,7100.0,115000.0,943,23.8,5.7,163.79,16197.2
Grapes,Fruit,1968,7400.0,120000.0,858,23.81,6.8,164.569,16216.2
Grapes,Fruit,1969,7800.0,125000.0,999,24.35,8.0,164.476,16025.6
Grapes,Fruit,1970,8000.0,130000.0,916,24.05,9.5,165.06,16250.0
Grapes,Fruit,1971,8400.0,135000.0,887,23.51,11.0,164.556,16071.4
Grapes,Fruit,1972,8600.0,138000.0,761,24.0,12.8,164.986,16046.5
Grapes,Fruit,1973,8700.0,140000.0,990,24.3,14.0,166.044,16092.0
Grapes,Fruit,1974,5200.0,90000.0,878,24.01,13.5,166.501,17307.7
Grapes,Fruit,1975,5700.0,95000.0,963,23.68,15.1,166.838,16666.7
Grapes,Fruit,1976,5100.0,95400.0,836,23.95,16.8,167.057,18705.9
Grapes,Fruit,1977,9350.0,150630.0,912,24.13,19.0,167.059,16110.2
Grapes,Fruit,1978,8960.0,166000.0,956,23.82,21.5,168.239,18526.8
Grapes,Fruit,1979,9560.0,182160.0,797,24.29,23.0,168.444,19054.4
Grapes,Fruit,1980,10230.0,195850.0,921,24.39,25.0,168.154,19144.7
Grapes,Fruit,1981,10830.0,208000.0,912,24.06,28.0,168.412,19205.9
Grapes,Fruit,1982,11430.0,250000.0,834,23.98,30.5,168.746,21872.3
Grapes,Fruit,1983,12050.0,237020.0,1009,23.86,33.0,168.532,19669.7
Grapes,Fruit,1984,12390.0,270390.0,854,23.88,36.0,169.418,21823.2
Grapes,Fruit,1985,12530.0,275660.0,897,24.2,39.5,169.34,22000.0
Grapes,Fruit,1986,12500.0,260000.0,859,24.18,42.0,169.409,20800.0
Grapes,Fruit,1987,15389.0,251035.0,757,24.56,43.5,169.705,16312.6
Grapes,Fruit,1988,21355.0,416253.0,1035,24.5,47.0,169.368,19492.1
Grapes,Fruit,1989,24878.0,374535.0,899,23.98,50.5,169.976,15054.9
Grapes,Fruit,1990,25102.0,408170.0,926,23.92,55.0,170.109,16260.5
Grapes,Fruit,1991,24822.0,412530.0,921,24.18,57.5,170.182,16619.5
Grapes,Fruit,1992,34010.0,653163.0,820,24.01,60.0,170.006,19205.0
Grapes,Fruit,1993,35000.0,700000.0,960,24.2,63.0,170.286,20000.0
Grapes,Fruit,1994,40000.0,700000.0,1010,24.08,67.0,170.325,17500.0
Grapes,Fruit,1995,40000.0,700000.0,870,24.21,72.0,169.911,17500.0
Grapes,Fruit,1996,39970.0,800000.0,1034,24.3,76.0,169.525,20014.9
Grapes,Fruit,1997,37235.0,810000.0,852,23.92,79.0,170.101,21754.0
Grapes,Fruit,1998,40000.0,970000.0,1002,24.57,83.0,170.029,24250.0
Grapes,Fruit,1999,42600.0,1083000.0,823,24.46,87.0,170.125,25422.5
Grapes,Fruit,2000,40000.0,1130000.0,876,24.33,90.0,170.13,28250.0
Grapes,Fruit,2001,50000.0,1060000.0,894,24.46,94.0,169.825,21200.0
Grapes,Fruit,2002,47500.0,1184200.0,705,24.8,156.38,170.032,24930.5
Grapes,Fruit,2003,52100.0,1247800.0,980,24.66,164.84,169.799,23950.1
Grapes,Fruit,2004,57800.0,1474800.0,822,24.54,192.35,169.891,25515.6
Grapes,Fruit,2005,60500.0,1564700.0,919,24.56,208.53,169.674,25862.8
Grapes,Fruit,2006,66000.0,1649600.0,903,24.64,239.93,169.462,24993.9
Grapes,Fruit,2007,65000.0,1685300.0,1052,24.6,245.53,169.202,25927.7
Grapes,Fruit,2008,68000.0,1735000.0,981,24.26,267.03,169.395,25514.7
Grapes,Fruit,2009,80000.0,1878000.0,731,25.14,289.69,169.724,23475.0
Grapes,Fruit,2010,106400.0,880700.0,1011,25.13,305.91,169.234,8277.3
Grapes,Fruit,2011,111000.0,1235000.0,1011,24.34,321.53,169.369,11126.1
Grapes,Fruit,2012,116000.0,2221000.0,919,24.48,317.58,169.346,19146.6
Grapes,Fruit,2013,118000.0,2483000.0,1002,24.42,306.69,169.442,21042.4
Grapes,Fruit,2014,118740.0,2585340.0,882,24.52,318.21,169.463,21773.1
Grapes,Fruit,2015,120000.0,2602000.0,772,24.69,329.28,169.413,21683.3
Grapes,Fruit,2016,122000.0,2590000.0,973,25.07,319.47,169.317,21229.5
Grapes,Fruit,2017,137000.0,2922000.0,952,24.96,325.62,168.895,21328.5
Grapes,Fruit,2018,139000.0,2920000.0,913,24.88,336.43,168.778,21007.2
Grapes,Fruit,2019,140000.0,3041000.0,1012,24.8,365.61,168.669,21721.4
Grapes,Fruit,2020,150000.0,3181000.0,1089,24.51,472.49,168.048,21206.7
Grapes,Fruit,2021,155000.0,3358000.0,870,24.73,455.66,168.14,21664.5
Grapes,Fruit,2022,163000.0,3401000.0,925,24.78,450.93,168.231,20865.0
Grapes,Fruit,2023,169000.0,3740000.0,820,24.9,455.08,168.323,22130.2
Grapes,Fruit,2024,179629.0,3904287.0,868,25.14,455.08,168.323,21735.3
Green garlic,Vegetable,1961,35000.0,130000.0,1013,23.82,2.0,160.986,3714.3
Green garlic,Vegetable,1962,38000.0,137000.0,899,23.53,2.4,162.4,3605.3
Green garlic,Vegetable,1963,40000.0,144000.0,920,23.98,2.9,162.05,3600.0
Green garlic,Vegetable,1964,35000.0,126000.0,884,23.97,3.5,162.118,3600.0
Green garlic,Vegetable,1965,30000.0,108000.0,788,23.93,4.1,162.434,3600.0
Green garlic,Vegetable,1966,27000.0,100000.0,939,24.32,4.8,162.72,3703.7
Green garlic,Vegetable,1967,27000.0,100000.0,943,23.8,5.7,163.79,3703.7
Green garlic,Vegetable,1968,27000.0,100000.0,858,23.81,6.8,164.569,3703.7
Green garlic,Vegetable,1969,27000.0,100000.0,999,24.35,8.0,164.476,3703.7
Green garlic,Vegetable,1970,27000.0,100000.0,916,24.05,9.5,165.06,3703.7
Green garlic,Vegetable,1971,30000.0,110000.0,887,23.51,11.0,164.556,3666.7
Green garlic,Vegetable,1972,30000.0,110000.0,761,24.0,12.8,164.986,3666.7
Green garlic,Vegetable,1973,33000.0,120000.0,990,24.3,14.0,166.044,3636.4
Green garlic,Vegetable,1974,28100.0,83600.0,878,24.01,13.5,166.501,2975.1
Green garlic,Vegetable,1975,39800.0,140600.0,963,23.68,15.1,166.838,3532.7
Green garlic,Vegetable,1976,35900.0,129600.0,836,23.95,16.8,167.057,3610.0
Green garlic,Vegetable,1977,41500.0,133300.0,912,24.13,19.0,167.059,3212.0
Green garlic,Vegetable,1978,49200.0,167200.0,956,23.82,21.5,168.239,3398.4
Green garlic,Vegetable,1979,59700.0,205600.0,797,24.29,23.0,168.444,3443.9
Green garlic,Vegetable,1980,59300.0,216000.0,921,24.39,25.0,168.154,3642.5
Green garlic,Vegetable,1981,60500.0,229700.0,912,24.06,28.0,168.412,3796.7
Green garlic,Vegetable,1982,63400.0,245000.0,834,23.98,30.5,168.746,3864.4
Green garlic,Vegetable,1983,80700.0,311000.0,1009,23.86,33.0,168.532,3853.8
Green garlic,Vegetable,1984,72600.0,268700.0,854,23.88,36.0,169.418,3701.1
Green garlic,Vegetable,1985,57700.0,189600.0,897,24.2,39.5,169.34,3286.0
Green garlic,Vegetable,1986,59600.0,208200.0,859,24.18,42.0,169.409,3493.3
Green garlic,Vegetable,1987,93700.0,318600.0,757,24.56,43.5,169.705,3400.2
Green garlic,Vegetable,1988,85600.0,313600.0,1035,24.5,47.0,169.368,3663.6
Green garlic,Vegetable,1989,85400.0,332700.0,899,23.98,50.5,169.976,3895.8
Green garlic,Vegetable,1990,90100.0,350400.0,926,23.92,55.0,170.109,3889.0
Green garlic,Vegetable,1991,94300.0,370700.0,921,24.18,57.5,170.182,3931.1
Green garlic,Vegetable,1992,85500.0,355800.0,820,24.01,60.0,170.006,4161.4
Green garlic,Vegetable,1993,76200.0,306000.0,960,24.2,63.0,170.286,4015.7
Green garlic,Vegetable,1994,98900.0,403200.0,1010,24.08,67.0,170.325,4076.8
Green garlic,Vegetable,1995,111900.0,475300.0,870,24.21,72.0,169.911,4247.5
Green garlic,Vegetable,1996,94300.0,437900.0,1034,24.3,76.0,169.525,4643.7
Green garlic,Vegetable,1997,108800.0,484400.0,852,23.92,79.0,170.101,4452.2
Green garlic,Vegetable,1998,123200.0,570700.0,1002,24.57,83.0,170.029,4632.3
Green garlic,Vegetable,1999,118800.0,495300.0,823,24.46,87.0,170.125,4169.2
Green garlic,Vegetable,2000,124600.0,524600.0,876,24.33,90.0,170.13,4210.3
Green garlic,Vegetable,2001,120000.0,496800.0,894,24.46,94.0,169.825,4140.0
Green garlic,Vegetable,2002,113954.0,500000.0,705,24.8,156.38,170.032,4387.7
Green garlic,Vegetable,2003,111500.0,457000.0,980,24.66,164.84,169.799,4098.7
Green garlic,Vegetable,2004,138900.0,691100.0,822,24.54,192.35,169.891,4975.5
Green garlic,Vegetable,2005,144100.0,646600.0,919,24.56,208.53,169.674,4487.2
Green garlic,Vegetable,2006,134900.0,598200.0,903,24.64,239.93,169.462,4434.4
Green garlic,Vegetable,2007,159200.0,776300.0,1052,24.6,245.53,169.202,4876.3
Green garlic,Vegetable,2008,206120.0,1068500.0,981,24.26,267.03,169.395,5183.9
Green garlic,Vegetable,2009,166210.0,831100.0,731,25.14,289.69,169.724,5000.3
Green garlic,Vegetable,2010,164860.0,833970.0,1011,25.13,305.91,169.234,5058.7
Green garlic,Vegetable,2011,200600.0,1057800.0,1011,24.34,321.53,169.369,5273.2
Green garlic,Vegetable,2012,242000.0,1228000.0,919,24.48,317.58,169.346,5074.4
Green garlic,Vegetable,2013,248000.0,1259000.0,1002,24.42,306.69,169.442,5076.6
Green garlic,Vegetable,2014,231000.0,1252000.0,882,24.52,318.21,169.463,5419.9
Green garlic,Vegetable,2015,262000.0,1425000.0,772,24.69,329.28,169.413,5438.9
Green garlic,Vegetable,2016,281000.0,1617000.0,973,25.07,319.47,169.317,5754.4
Green garlic,Vegetable,2017,321000.0,1693000.0,952,24.96,325.62,168.895,5274.1
Green garlic,Vegetable,2018,317000.0,1611000.0,913,24.88,336.43,168.778,5082.0
Green garlic,Vegetable,2019,358000.0,2910000.0,1012,24.8,365.61,168.669,8128.5
Green garlic,Vegetable,2020,352000.0,2925000.0,1089,24.51,472.49,168.048,8309.7
Green garlic,Vegetable,2021,392000.0,3190000.0,870,24.73,455.66,168.14,8137.8
Green garlic,Vegetable,2022,393000.0,3208000.0,925,24.78,450.93,168.231,8162.8
Green garlic,Vegetable,2023,389000.0,3316000.0,820,24.9,455.08,168.323,8524.4
Green garlic,Vegetable,2024,387000.0,3239000.0,868,25.14,455.08,168.323,8369.5
"Groundnuts, excluding shelled",Oilseed,1961,6889000.0,4994000.0,1013,23.82,2.0,160.986,724.9
"Groundnuts, excluding shelled",Oilseed,1962,7283000.0,5064000.0,899,23.53,2.4,162.4,695.3
"Groundnuts, excluding shelled",Oilseed,1963,6886000.0,5298000.0,920,23.98,2.9,162.05,769.4
"Groundnuts, excluding shelled",Oilseed,1964,7376000.0,6004000.0,884,23.97,3.5,162.118,814.0
"Groundnuts, excluding shelled",Oilseed,1965,7698000.0,4263000.0,788,23.93,4.1,162.434,553.8
"Groundnuts, excluding shelled",Oilseed,1966,7299000.0,4411000.0,939,24.32,4.8,162.72,604.3
"Groundnuts, excluding shelled",Oilseed,1967,7552700.0,5730900.0,943,23.8,5.7,163.79,758.8
"Groundnuts, excluding shelled",Oilseed,1968,7088100.0,4630700.0,858,23.81,6.8,164.569,653.3
"Groundnuts, excluding shelled",Oilseed,1969,7125400.0,5130100.0,999,24.35,8.0,164.476,720.0
"Groundnuts, excluding shelled",Oilseed,1970,7326200.0,6111100.0,916,24.05,9.5,165.06,834.1
"Groundnuts, excluding shelled",Oilseed,1971,7510200.0,6180500.0,887,23.51,11.0,164.556,822.9
"Groundnuts, excluding shelled",Oilseed,1972,6990000.0,4091600.0,761,24.0,12.8,164.986,585.4
"Groundnuts, excluding shelled",Oilseed,1973,7023700.0,5932000.0,990,24.3,14.0,166.044,844.6
"Groundnuts, excluding shelled",Oilseed,1974,7170000.0,5111000.0,878,24.01,13.5,166.501,712.8
"Groundnuts, excluding shelled",Oilseed,1975,7221500.0,6754700.0,963,23.68,15.1,166.838,935.4
"Groundnuts, excluding shelled",Oilseed,1976,7042800.0,5263900.0,836,23.95,16.8,167.057,747.4
"Groundnuts, excluding shelled",Oilseed,1977,7028500.0,6087100.0,912,24.13,19.0,167.059,866.1
"Groundnuts, excluding shelled",Oilseed,1978,7433300.0,6208200.0,956,23.82,21.5,168.239,835.2
"Groundnuts, excluding shelled",Oilseed,1979,7164800.0,5768000.0,797,24.29,23.0,168.444,805.0
"Groundnuts, excluding shelled",Oilseed,1980,6801300.0,5005000.0,921,24.39,25.0,168.154,735.9
"Groundnuts, excluding shelled",Oilseed,1981,7428700.0,7223000.0,912,24.06,28.0,168.412,972.3
"Groundnuts, excluding shelled",Oilseed,1982,7215300.0,5282300.0,834,23.98,30.5,168.746,732.1
"Groundnuts, excluding shelled",Oilseed,1983,7539000.0,7085000.0,1009,23.86,33.0,168.532,939.8
"Groundnuts, excluding shelled",Oilseed,1984,7168000.0,6436000.0,854,23.88,36.0,169.418,897.9
"Groundnuts, excluding shelled",Oilseed,1985,7124800.0,5121300.0,897,24.2,39.5,169.34,718.8
"Groundnuts, excluding shelled",Oilseed,1986,6982100.0,5875400.0,859,24.18,42.0,169.409,841.5
"Groundnuts, excluding shelled",Oilseed,1987,6844000.0,5853600.0,757,24.56,43.5,169.705,855.3
"Groundnuts, excluding shelled",Oilseed,1988,8529000.0,9658000.0,1035,24.5,47.0,169.368,1132.4
"Groundnuts, excluding shelled",Oilseed,1989,8710200.0,8100000.0,899,23.98,50.5,169.976,929.9
"Groundnuts, excluding shelled",Oilseed,1990,8309000.0,7514700.0,926,23.92,55.0,170.109,904.4
"Groundnuts, excluding shelled",Oilseed,1991,8754600.0,7387300.0,921,24.18,57.5,170.182,843.8
"Groundnuts, excluding shelled",Oilseed,1992,8271800.0,8759600.0,820,24.01,60.0,170.006,1059.0
"Groundnuts, excluding shelled",Oilseed,1993,8308300.0,7611100.0,960,24.2,63.0,170.286,916.1
"Groundnuts, excluding shelled",Oilseed,1994,7942200.0,8182000.0,1010,24.08,67.0,170.325,1030.2
"Groundnuts, excluding shelled",Oilseed,1995,7738400.0,8054800.0,870,24.21,72.0,169.911,1040.9
"Groundnuts, excluding shelled",Oilseed,1996,7456800.0,7731080.0,1034,24.3,76.0,169.525,1036.8
"Groundnuts, excluding shelled",Oilseed,1997,7203500.0,7287230.0,852,23.92,79.0,170.101,1011.6
"Groundnuts, excluding shelled",Oilseed,1998,6909500.0,8380000.0,1002,24.57,83.0,170.029,1212.8
"Groundnuts, excluding shelled",Oilseed,1999,7318600.0,5870000.0,823,24.46,87.0,170.125,802.1
"Groundnuts, excluding shelled",Oilseed,2000,6763700.0,6360000.0,876,24.33,90.0,170.13,940.3
"Groundnuts, excluding shelled",Oilseed,2001,6314402.0,7122251.46,894,24.46,94.0,169.825,1127.9
"Groundnuts, excluding shelled",Oilseed,2002,6049498.0,4500048.54,705,24.8,156.38,170.032,743.9
"Groundnuts, excluding shelled",Oilseed,2003,5859300.0,7885800.0,980,24.66,164.84,169.799,1345.9
"Groundnuts, excluding shelled",Oilseed,2004,6577100.0,6529100.0,822,24.54,192.35,169.891,992.7
"Groundnuts, excluding shelled",Oilseed,2005,6593800.0,7810200.0,919,24.56,208.53,169.674,1184.5
"Groundnuts, excluding shelled",Oilseed,2006,5776600.0,4989600.0,903,24.64,239.93,169.462,863.8
"Groundnuts, excluding shelled",Oilseed,2007,6146900.0,8931700.0,1052,24.6,245.53,169.202,1453.0
"Groundnuts, excluding shelled",Oilseed,2008,6265700.0,7437200.0,981,24.26,267.03,169.395,1187.0
"Groundnuts, excluding shelled",Oilseed,2009,5495102.0,5403216.0,731,25.14,289.69,169.724,983.3
"Groundnuts, excluding shelled",Oilseed,2010,5838926.0,8220044.0,1011,25.13,305.91,169.234,1407.8
"Groundnuts, excluding shelled",Oilseed,2011,5194787.0,6748930.0,1011,24.34,321.53,169.369,1299.2
"Groundnuts, excluding shelled",Oilseed,2012,4878786.0,5024979.0,919,24.48,317.58,169.346,1030.0
"Groundnuts, excluding shelled",Oilseed,2013,5435277.0,9565085.0,1002,24.42,306.69,169.442,1759.8
"Groundnuts, excluding shelled",Oilseed,2014,4873290.0,7586420.0,882,24.52,318.21,169.463,1556.7
"Groundnuts, excluding shelled",Oilseed,2015,4592970.0,6838734.6,772,24.69,329.28,169.413,1489.0
"Groundnuts, excluding shelled",Oilseed,2016,5336989.0,7413461.75,973,25.07,319.47,169.317,1389.1
"Groundnuts, excluding shelled",Oilseed,2017,4901613.0,9009250.45,952,24.96,325.62,168.895,1838.0
"Groundnuts, excluding shelled",Oilseed,2018,4877613.0,7044182.42,913,24.88,336.43,168.778,1444.2
"Groundnuts, excluding shelled",Oilseed,2019,4759309.0,9729153.53,1012,24.8,365.61,168.669,2044.2
"Groundnuts, excluding shelled",Oilseed,2020,5836201.0,10091481.06,1089,24.51,472.49,168.048,1729.1
"Groundnuts, excluding shelled",Oilseed,2021,5756262.0,10150062.65,870,24.73,455.66,168.14,1763.3
"Groundnuts, excluding shelled",Oilseed,2022,5054547.0,10262311.03,925,24.78,450.93,168.231,2030.3
"Groundnuts, excluding shelled",Oilseed,2023,4742079.0,10395061.13,820,24.9,455.08,168.323,2192.1
"Groundnuts, excluding shelled",Oilseed,2024,5656278.0,11945539.43,868,25.14,455.08,168.323,2111.9
"Jute, raw or retted",Fibre,1961,917000.0,1144400.0,1013,23.82,2.0,160.986,1248.0
"Jute, raw or retted",Fibre,1962,847000.0,979600.0,899,23.53,2.4,162.4,1156.6
"Jute, raw or retted",Fibre,1963,869000.0,1094220.0,920,23.98,2.9,162.05,1259.2
"Jute, raw or retted",Fibre,1964,845100.0,1091484.0,884,23.97,3.5,162.118,1291.5
"Jute, raw or retted",Fibre,1965,758400.0,805608.0,788,23.93,4.1,162.434,1062.2
"Jute, raw or retted",Fibre,1966,796800.0,964422.0,939,24.32,4.8,162.72,1210.4
"Jute, raw or retted",Fibre,1967,880100.0,1137654.0,943,23.8,5.7,163.79,1292.6
"Jute, raw or retted",Fibre,1968,526700.0,527600.0,858,23.81,6.8,164.569,1001.7
"Jute, raw or retted",Fibre,1969,767600.0,1017864.0,999,24.35,8.0,164.476,1326.0
"Jute, raw or retted",Fibre,1970,749300.0,888840.0,916,24.05,9.5,165.06,1186.2
"Jute, raw or retted",Fibre,1971,815300.0,1023174.0,887,23.51,11.0,164.556,1255.0
"Jute, raw or retted",Fibre,1972,700200.0,896094.0,761,24.0,12.8,164.986,1279.8
"Jute, raw or retted",Fibre,1973,792800.0,1119654.0,990,24.3,14.0,166.044,1412.3
"Jute, raw or retted",Fibre,1974,664300.0,804690.0,878,24.01,13.5,166.501,1211.3
"Jute, raw or retted",Fibre,1975,584500.0,799128.0,963,23.68,15.1,166.838,1367.2
"Jute, raw or retted",Fibre,1976,737400.0,963612.0,836,23.95,16.8,167.057,1306.8
"Jute, raw or retted",Fibre,1977,797400.0,965034.0,912,24.13,19.0,167.059,1210.2
"Jute, raw or retted",Fibre,1978,884400.0,1164654.0,956,23.82,21.5,168.239,1316.9
"Jute, raw or retted",Fibre,1979,834300.0,1092870.0,797,24.29,23.0,168.444,1309.9
"Jute, raw or retted",Fibre,1980,940700.0,1171400.0,921,24.39,25.0,168.154,1245.2
"Jute, raw or retted",Fibre,1981,825700.0,1221800.0,912,24.06,28.0,168.412,1479.7
"Jute, raw or retted",Fibre,1982,734200.0,1070200.0,834,23.98,30.5,168.746,1457.6
"Jute, raw or retted",Fibre,1983,759800.0,1138500.0,1009,23.86,33.0,168.532,1498.4
"Jute, raw or retted",Fibre,1984,833000.0,1175600.0,854,23.88,36.0,169.418,1411.3
"Jute, raw or retted",Fibre,1985,1145700.0,1959390.0,897,24.2,39.5,169.34,1710.2
"Jute, raw or retted",Fibre,1986,802700.0,1323500.0,859,24.18,42.0,169.409,1648.8
"Jute, raw or retted",Fibre,1987,697200.0,1042700.0,757,24.56,43.5,169.705,1495.6
"Jute, raw or retted",Fibre,1988,690900.0,1207800.0,1035,24.5,47.0,169.368,1748.2
"Jute, raw or retted",Fibre,1989,677400.0,1272900.0,899,23.98,50.5,169.976,1879.1
"Jute, raw or retted",Fibre,1990,777600.0,1425000.0,926,23.92,55.0,170.109,1832.6
"Jute, raw or retted",Fibre,1991,875400.0,1608500.0,921,24.18,57.5,170.182,1837.4
"Jute, raw or retted",Fibre,1992,726500.0,1349100.0,820,24.01,60.0,170.006,1857.0
"Jute, raw or retted",Fibre,1993,694700.0,1324800.0,960,24.2,63.0,170.286,1907.0
"Jute, raw or retted",Fibre,1994,738700.0,1439500.0,1010,24.08,67.0,170.325,1948.7
"Jute, raw or retted",Fibre,1995,737000.0,1381500.0,870,24.21,72.0,169.911,1874.5
"Jute, raw or retted",Fibre,1996,897000.0,1793000.0,1034,24.3,76.0,169.525,1998.9
"Jute, raw or retted",Fibre,1997,906000.0,1793000.0,852,23.92,79.0,170.101,1979.0
"Jute, raw or retted",Fibre,1998,848300.0,1590570.0,1002,24.57,83.0,170.029,1875.0
"Jute, raw or retted",Fibre,1999,847000.0,1695834.0,823,24.46,87.0,170.125,2002.2
"Jute, raw or retted",Fibre,2000,827900.0,1677060.0,876,24.33,90.0,170.13,2025.7
"Jute, raw or retted",Fibre,2001,873100.0,1905102.0,894,24.46,94.0,169.825,2182.0
"Jute, raw or retted",Fibre,2002,864500.0,1853838.0,705,24.8,156.38,170.032,2144.4
"Jute, raw or retted",Fibre,2003,849000.0,1845000.0,980,24.66,164.84,169.799,2173.1
"Jute, raw or retted",Fibre,2004,773900.0,1692000.0,822,24.54,192.35,169.891,2186.3
"Jute, raw or retted",Fibre,2005,759800.0,1795000.0,919,24.56,208.53,169.674,2362.5
"Jute, raw or retted",Fibre,2006,791000.0,1857000.0,903,24.64,239.93,169.462,2347.7
"Jute, raw or retted",Fibre,2007,816000.0,1840000.0,1052,24.6,245.53,169.202,2254.9
"Jute, raw or retted",Fibre,2008,785600.0,1734000.0,981,24.26,267.03,169.395,2207.2
"Jute, raw or retted",Fibre,2009,811200.0,2021500.0,731,25.14,289.69,169.724,2492.0
"Jute, raw or retted",Fibre,2010,767630.0,1799100.0,1011,25.13,305.91,169.234,2343.7
"Jute, raw or retted",Fibre,2011,800000.0,1960380.0,1011,24.34,321.53,169.369,2450.5
"Jute, raw or retted",Fibre,2012,800000.0,1912000.0,919,24.48,317.58,169.346,2390.0
"Jute, raw or retted",Fibre,2013,800000.0,1944000.0,1002,24.42,306.69,169.442,2430.0
"Jute, raw or retted",Fibre,2014,741000.0,1968000.0,882,24.52,318.21,169.463,2655.9
"Jute, raw or retted",Fibre,2015,773000.0,1789200.0,772,24.69,329.28,169.413,2314.6
"Jute, raw or retted",Fibre,2016,735827.0,1853749.2,973,25.07,319.47,169.317,2519.3
"Jute, raw or retted",Fibre,2017,706070.0,1877760.0,952,24.96,325.62,168.895,2659.5
"Jute, raw or retted",Fibre,2018,685750.0,1726380.0,913,24.88,336.43,168.778,2517.5
"Jute, raw or retted",Fibre,2019,665300.0,1709460.0,1012,24.8,365.61,168.669,2569.5
"Jute, raw or retted",Fibre,2020,628390.0,1700820.0,1089,24.51,472.49,168.048,2706.6
"Jute, raw or retted",Fibre,2021,621860.0,1611540.0,870,24.73,455.66,168.14,2591.5
"Jute, raw or retted",Fibre,2022,619083.0,1528140.63,925,24.78,450.93,168.231,2468.4
"Jute, raw or retted",Fibre,2023,598478.0,1572800.93,820,24.9,455.08,168.323,2628.0
"Jute, raw or retted",Fibre,2024,538458.0,1412390.45,868,25.14,455.08,168.323,2623.0
"Kenaf, and other textile bast fibres, raw or retted",Fibre,1961,629515.0,416200.0,1013,23.82,2.0,160.986,661.1
"Kenaf, and other textile bast fibres, raw or retted",Fibre,1962,612000.0,392700.0,899,23.53,2.4,162.4,641.7
"Kenaf, and other textile bast fibres, raw or retted",Fibre,1963,685000.0,417460.0,920,23.98,2.9,162.05,609.4
"Kenaf, and other textile bast fibres, raw or retted",Fibre,1964,564000.0,367640.0,884,23.97,3.5,162.118,651.8
"Kenaf, and other textile bast fibres, raw or retted",Fibre,1965,526000.0,290780.0,788,23.93,4.1,162.434,552.8
"Kenaf, and other textile bast fibres, raw or retted",Fibre,1966,501700.0,277044.0,939,24.32,4.8,162.72,552.2
"Kenaf, and other textile bast fibres, raw or retted",Fibre,1967,494600.0,300360.0,943,23.8,5.7,163.79,607.3
"Kenaf, and other textile bast fibres, raw or retted",Fibre,1968,445800.0,230562.0,858,23.81,6.8,164.569,517.2
"Kenaf, and other textile bast fibres, raw or retted",Fibre,1969,486400.0,270454.0,999,24.35,8.0,164.476,556.0
"Kenaf, and other textile bast fibres, raw or retted",Fibre,1970,492400.0,290800.0,916,24.05,9.5,165.06,590.6
"Kenaf, and other textile bast fibres, raw or retted",Fibre,1971,436900.0,261872.0,887,23.51,11.0,164.556,599.4
"Kenaf, and other textile bast fibres, raw or retted",Fibre,1972,421300.0,249288.0,761,24.0,12.8,164.986,591.7
"Kenaf, and other textile bast fibres, raw or retted",Fibre,1973,506300.0,315252.0,990,24.3,14.0,166.044,622.7
"Kenaf, and other textile bast fibres, raw or retted",Fibre,1974,461700.0,303050.0,878,24.01,13.5,166.501,656.4
"Kenaf, and other textile bast fibres, raw or retted",Fibre,1975,475700.0,327802.0,963,23.68,15.1,166.838,689.1
"Kenaf, and other textile bast fibres, raw or retted",Fibre,1976,486100.0,369608.0,836,23.95,16.8,167.057,760.4
"Kenaf, and other textile bast fibres, raw or retted",Fibre,1977,486100.0,376668.0,912,24.13,19.0,167.059,774.9
"Kenaf, and other textile bast fibres, raw or retted",Fibre,1978,506600.0,389694.0,956,23.82,21.5,168.239,769.2
"Kenaf, and other textile bast fibres, raw or retted",Fibre,1979,518700.0,386610.0,797,24.29,23.0,168.444,745.3
"Kenaf, and other textile bast fibres, raw or retted",Fibre,1980,488100.0,350906.0,921,24.39,25.0,168.154,718.9
"Kenaf, and other textile bast fibres, raw or retted",Fibre,1981,454900.0,341240.0,912,24.06,28.0,168.412,750.1
"Kenaf, and other textile bast fibres, raw or retted",Fibre,1982,394300.0,262200.0,834,23.98,30.5,168.746,665.0
"Kenaf, and other textile bast fibres, raw or retted",Fibre,1983,395000.0,298000.0,1009,23.86,33.0,168.532,754.4
"Kenaf, and other textile bast fibres, raw or retted",Fibre,1984,395500.0,281700.0,854,23.88,36.0,169.418,712.3
"Kenaf, and other textile bast fibres, raw or retted",Fibre,1985,450200.0,373800.0,897,24.2,39.5,169.34,830.3
"Kenaf, and other textile bast fibres, raw or retted",Fibre,1986,361500.0,280000.0,859,24.18,42.0,169.409,774.6
"Kenaf, and other textile bast fibres, raw or retted",Fibre,1987,342400.0,221500.0,757,24.56,43.5,169.705,646.9
"Kenaf, and other textile bast fibres, raw or retted",Fibre,1988,306500.0,249200.0,1035,24.5,47.0,169.368,813.1
"Kenaf, and other textile bast fibres, raw or retted",Fibre,1989,304700.0,258500.0,899,23.98,50.5,169.976,848.4
"Kenaf, and other textile bast fibres, raw or retted",Fibre,1990,311200.0,277300.0,926,23.92,55.0,170.109,891.1
"Kenaf, and other textile bast fibres, raw or retted",Fibre,1991,301600.0,286900.0,921,24.18,57.5,170.182,951.3
"Kenaf, and other textile bast fibres, raw or retted",Fibre,1992,263800.0,231400.0,820,24.01,60.0,170.006,877.2
"Kenaf, and other textile bast fibres, raw or retted",Fibre,1993,254200.0,230100.0,960,24.2,63.0,170.286,905.2
"Kenaf, and other textile bast fibres, raw or retted",Fibre,1994,252800.0,235600.0,1010,24.08,67.0,170.325,932.0
"Kenaf, and other textile bast fibres, raw or retted",Fibre,1995,249300.0,235300.0,870,24.21,72.0,169.911,943.8
"Kenaf, and other textile bast fibres, raw or retted",Fibre,1996,203000.0,282600.0,1034,24.3,76.0,169.525,1392.1
"Kenaf, and other textile bast fibres, raw or retted",Fibre,1997,190000.0,190800.0,852,23.92,79.0,170.101,1004.2
"Kenaf, and other textile bast fibres, raw or retted",Fibre,1998,177100.0,175392.0,1002,24.57,83.0,170.029,990.4
"Kenaf, and other textile bast fibres, raw or retted",Fibre,1999,185800.0,200250.0,823,24.46,87.0,170.125,1077.8
"Kenaf, and other textile bast fibres, raw or retted",Fibre,2000,188700.0,203364.0,876,24.33,90.0,170.13,1077.7
"Kenaf, and other textile bast fibres, raw or retted",Fibre,2001,189700.0,223074.0,894,24.46,94.0,169.825,1175.9
"Kenaf, and other textile bast fibres, raw or retted",Fibre,2002,174100.0,196992.0,705,24.8,156.38,170.032,1131.5
"Kenaf, and other textile bast fibres, raw or retted",Fibre,2003,170800.0,180306.0,980,24.66,164.84,169.799,1055.7
"Kenaf, and other textile bast fibres, raw or retted",Fibre,2004,152500.0,165834.0,822,24.54,192.35,169.891,1087.4
"Kenaf, and other textile bast fibres, raw or retted",Fibre,2005,141800.0,157140.0,919,24.56,208.53,169.674,1108.2
"Kenaf, and other textile bast fibres, raw or retted",Fibre,2006,137900.0,156618.0,903,24.64,239.93,169.462,1135.7
"Kenaf, and other textile bast fibres, raw or retted",Fibre,2007,144000.0,172080.0,1052,24.6,245.53,169.202,1195.0
"Kenaf, and other textile bast fibres, raw or retted",Fibre,2008,135000.0,178200.0,981,24.26,267.03,169.395,1320.0
"Kenaf, and other textile bast fibres, raw or retted",Fibre,2009,120000.0,131580.0,731,25.14,289.69,169.724,1096.5
"Kenaf, and other textile bast fibres, raw or retted",Fibre,2010,87000.0,106400.0,1011,25.13,305.91,169.234,1223.0
"Kenaf, and other textile bast fibres, raw or retted",Fibre,2011,91000.0,115700.0,1011,24.34,321.53,169.369,1271.4
"Kenaf, and other textile bast fibres, raw or retted",Fibre,2012,87000.0,113000.0,919,24.48,317.58,169.346,1298.9
"Kenaf, and other textile bast fibres, raw or retted",Fibre,2013,100000.0,108000.0,1002,24.42,306.69,169.442,1080.0
"Kenaf, and other textile bast fibres, raw or retted",Fibre,2014,88325.0,103933.65,882,24.52,318.21,169.463,1176.7
"Kenaf, and other textile bast fibres, raw or retted",Fibre,2015,81031.0,98542.99,772,24.69,329.28,169.413,1216.1
"Kenaf, and other textile bast fibres, raw or retted",Fibre,2016,89785.0,103492.21,973,25.07,319.47,169.317,1152.7
"Kenaf, and other textile bast fibres, raw or retted",Fibre,2017,86381.0,101989.62,952,24.96,325.62,168.895,1180.7
"Kenaf, and other textile bast fibres, raw or retted",Fibre,2018,85732.0,101341.61,913,24.88,336.43,168.778,1182.1
"Kenaf, and other textile bast fibres, raw or retted",Fibre,2019,87299.0,102274.48,1012,24.8,365.61,168.669,1171.5
"Kenaf, and other textile bast fibres, raw or retted",Fibre,2020,86471.0,101868.57,1089,24.51,472.49,168.048,1178.1
"Kenaf, and other textile bast fibres, raw or retted",Fibre,2021,86501.0,101828.22,870,24.73,455.66,168.14,1177.2
"Kenaf, and other textile bast fibres, raw or retted",Fibre,2022,86757.0,101990.42,925,24.78,450.93,168.231,1175.6
"Kenaf, and other textile bast fibres, raw or retted",Fibre,2023,86576.0,101895.74,820,24.9,455.08,168.323,1176.9
"Kenaf, and other textile bast fibres, raw or retted",Fibre,2024,86611.0,101904.79,868,25.14,455.08,168.323,1176.6
Kiwi fruit,Fruit,2011,500.0,1000.0,1011,24.34,321.53,169.369,2000.0
Kiwi fruit,Fruit,2012,3000.0,6000.0,919,24.48,317.58,169.346,2000.0
Kiwi fruit,Fruit,2013,4000.0,7000.0,1002,24.42,306.69,169.442,1750.0
Kiwi fruit,Fruit,2014,5000.0,8000.0,882,24.52,318.21,169.463,1600.0
Kiwi fruit,Fruit,2015,5000.0,8000.0,772,24.69,329.28,169.413,1600.0
Kiwi fruit,Fruit,2016,4249.0,10646.34,973,25.07,319.47,169.317,2505.6
Kiwi fruit,Fruit,2017,4189.0,11991.0,952,24.96,325.62,168.895,2862.5
Kiwi fruit,Fruit,2018,4322.0,12037.0,913,24.88,336.43,168.778,2785.1
Kiwi fruit,Fruit,2019,4514.0,12524.61,1012,24.8,365.61,168.669,2774.9
Kiwi fruit,Fruit,2020,4646.0,13781.11,1089,24.51,472.49,168.048,2966.5
Kiwi fruit,Fruit,2021,4874.0,15946.0,870,24.73,455.66,168.14,3271.6
Kiwi fruit,Fruit,2022,5094.0,15840.0,925,24.78,450.93,168.231,3109.5
Kiwi fruit,Fruit,2023,5442.0,18014.0,820,24.9,455.08,168.323,3310.2
Kiwi fruit,Fruit,2024,4342.0,17330.07,868,25.14,455.08,168.323,3991.3
Lemons and limes,Fruit,1961,36000.0,415000.0,1013,23.82,2.0,160.986,11527.8
Lemons and limes,Fruit,1962,47000.0,450000.0,899,23.53,2.4,162.4,9574.5
Lemons and limes,Fruit,1963,47000.0,450000.0,920,23.98,2.9,162.05,9574.5
Lemons and limes,Fruit,1964,48000.0,450000.0,884,23.97,3.5,162.118,9375.0
Lemons and limes,Fruit,1965,50000.0,450000.0,788,23.93,4.1,162.434,9000.0
Lemons and limes,Fruit,1966,50000.0,450000.0,939,24.32,4.8,162.72,9000.0
Lemons and limes,Fruit,1967,52000.0,450000.0,943,23.8,5.7,163.79,8653.8
Lemons and limes,Fruit,1968,45000.0,370000.0,858,23.81,6.8,164.569,8222.2
Lemons and limes,Fruit,1969,45000.0,400000.0,999,24.35,8.0,164.476,8888.9
Lemons and limes,Fruit,1970,50000.0,450000.0,916,24.05,9.5,165.06,9000.0
Lemons and limes,Fruit,1971,50000.0,450000.0,887,23.51,11.0,164.556,9000.0
Lemons and limes,Fruit,1972,50000.0,450000.0,761,24.0,12.8,164.986,9000.0
Lemons and limes,Fruit,1973,50000.0,450000.0,990,24.3,14.0,166.044,9000.0
Lemons and limes,Fruit,1974,50000.0,450000.0,878,24.01,13.5,166.501,9000.0
Lemons and limes,Fruit,1975,52000.0,500000.0,963,23.68,15.1,166.838,9615.4
Lemons and limes,Fruit,1976,53000.0,600000.0,836,23.95,16.8,167.057,11320.8
Lemons and limes,Fruit,1977,45000.0,400000.0,912,24.13,19.0,167.059,8888.9
Lemons and limes,Fruit,1978,50000.0,500000.0,956,23.82,21.5,168.239,10000.0
Lemons and limes,Fruit,1979,50000.0,480000.0,797,24.29,23.0,168.444,9600.0
Lemons and limes,Fruit,1980,50000.0,485000.0,921,24.39,25.0,168.154,9700.0
Lemons and limes,Fruit,1981,52000.0,500000.0,912,24.06,28.0,168.412,9615.4
Lemons and limes,Fruit,1982,53000.0,500000.0,834,23.98,30.5,168.746,9434.0
Lemons and limes,Fruit,1983,50000.0,500000.0,1009,23.86,33.0,168.532,10000.0
Lemons and limes,Fruit,1984,53000.0,550000.0,854,23.88,36.0,169.418,10377.4
Lemons and limes,Fruit,1985,50000.0,450000.0,897,24.2,39.5,169.34,9000.0
Lemons and limes,Fruit,1986,55000.0,600000.0,859,24.18,42.0,169.409,10909.1
Lemons and limes,Fruit,1987,56000.0,600000.0,757,24.56,43.5,169.705,10714.3
Lemons and limes,Fruit,1988,59000.0,600000.0,1035,24.5,47.0,169.368,10169.5
Lemons and limes,Fruit,1989,60000.0,690000.0,899,23.98,50.5,169.976,11500.0
Lemons and limes,Fruit,1990,65000.0,752000.0,926,23.92,55.0,170.109,11569.2
Lemons and limes,Fruit,1991,68000.0,800000.0,921,24.18,57.5,170.182,11764.7
Lemons and limes,Fruit,1992,74000.0,700000.0,820,24.01,60.0,170.006,9459.5
Lemons and limes,Fruit,1993,80000.0,930000.0,960,24.2,63.0,170.286,11625.0
Lemons and limes,Fruit,1994,91400.0,923700.0,1010,24.08,67.0,170.325,10106.1
Lemons and limes,Fruit,1995,95900.0,970100.0,870,24.21,72.0,169.911,10115.7
Lemons and limes,Fruit,1996,106000.0,920000.0,1034,24.3,76.0,169.525,8679.2
Lemons and limes,Fruit,1997,123700.0,1048400.0,852,23.92,79.0,170.101,8475.3
Lemons and limes,Fruit,1998,129800.0,1101300.0,1002,24.57,83.0,170.029,8484.6
Lemons and limes,Fruit,1999,139500.0,1259800.0,823,24.46,87.0,170.125,9030.8
Lemons and limes,Fruit,2000,169300.0,1491500.0,876,24.33,90.0,170.13,8809.8
Lemons and limes,Fruit,2001,164200.0,1377200.0,894,24.46,94.0,169.825,8387.3
Lemons and limes,Fruit,2002,161300.0,1413700.0,705,24.8,156.38,170.032,8764.4
Lemons and limes,Fruit,2003,146200.0,1439600.0,980,24.66,164.84,169.799,9846.8
Lemons and limes,Fruit,2004,167800.0,1493300.0,822,24.54,192.35,169.891,8899.3
Lemons and limes,Fruit,2005,78900.0,1033100.0,919,24.56,208.53,169.674,13093.8
Lemons and limes,Fruit,2006,268700.0,2159000.0,903,24.64,239.93,169.462,8035.0
Lemons and limes,Fruit,2007,294900.0,2310200.0,1052,24.6,245.53,169.202,7833.8
Lemons and limes,Fruit,2008,302800.0,2501700.0,981,24.26,267.03,169.395,8261.9
Lemons and limes,Fruit,2009,316050.0,2571530.0,731,25.14,289.69,169.724,8136.5
Lemons and limes,Fruit,2010,295600.0,2629200.0,1011,25.13,305.91,169.234,8894.5
Lemons and limes,Fruit,2011,219000.0,2108000.0,1011,24.34,321.53,169.369,9625.6
Lemons and limes,Fruit,2012,234000.0,2272100.0,919,24.48,317.58,169.346,9709.8
Lemons and limes,Fruit,2013,255200.0,2523500.0,1002,24.42,306.69,169.442,9888.3
Lemons and limes,Fruit,2014,286410.0,2835020.0,882,24.52,318.21,169.463,9898.5
Lemons and limes,Fruit,2015,268000.0,2950000.0,772,24.69,329.28,169.413,11007.5
Lemons and limes,Fruit,2016,245000.0,2438000.0,973,25.07,319.47,169.317,9951.0
Lemons and limes,Fruit,2017,248000.0,2364000.0,952,24.96,325.62,168.895,9532.3
Lemons and limes,Fruit,2018,286000.0,3148000.0,913,24.88,336.43,168.778,11007.0
Lemons and limes,Fruit,2019,305000.0,3482000.0,1012,24.8,365.61,168.669,11416.4
Lemons and limes,Fruit,2020,322000.0,3687000.0,1089,24.51,472.49,168.048,11450.3
Lemons and limes,Fruit,2021,327000.0,3548000.0,870,24.73,455.66,168.14,10850.2
Lemons and limes,Fruit,2022,313000.0,3776000.0,925,24.78,450.93,168.231,12063.9
Lemons and limes,Fruit,2023,312000.0,3787000.0,820,24.9,455.08,168.323,12137.8
Lemons and limes,Fruit,2024,319043.0,3835727.0,868,25.14,455.08,168.323,12022.6
"Lentils, dry",Pulse,1961,791149.0,358666.0,1013,23.82,2.0,160.986,453.3
"Lentils, dry",Pulse,1962,770915.0,340377.0,899,23.53,2.4,162.4,441.5
"Lentils, dry",Pulse,1963,767273.0,349521.0,920,23.98,2.9,162.05,455.5
"Lentils, dry",Pulse,1964,785300.0,289000.0,884,23.97,3.5,162.118,368.0
"Lentils, dry",Pulse,1965,840100.0,400000.0,788,23.93,4.1,162.434,476.1
"Lentils, dry",Pulse,1966,843400.0,368900.0,939,24.32,4.8,162.72,437.4
"Lentils, dry",Pulse,1967,829100.0,287900.0,943,23.8,5.7,163.79,347.2
"Lentils, dry",Pulse,1968,751700.0,383600.0,858,23.81,6.8,164.569,510.3
"Lentils, dry",Pulse,1969,776800.0,400000.0,999,24.35,8.0,164.476,514.9
"Lentils, dry",Pulse,1970,762800.0,382900.0,916,24.05,9.5,165.06,502.0
"Lentils, dry",Pulse,1971,744000.0,371000.0,887,23.51,11.0,164.556,498.7
"Lentils, dry",Pulse,1972,800100.0,415700.0,761,24.0,12.8,164.986,519.6
"Lentils, dry",Pulse,1973,833600.0,372500.0,990,24.3,14.0,166.044,446.9
"Lentils, dry",Pulse,1974,925100.0,406600.0,878,24.01,13.5,166.501,439.5
"Lentils, dry",Pulse,1975,952700.0,457100.0,963,23.68,15.1,166.838,479.8
"Lentils, dry",Pulse,1976,936600.0,460700.0,836,23.95,16.8,167.057,491.9
"Lentils, dry",Pulse,1977,853300.0,393500.0,912,24.13,19.0,167.059,461.2
"Lentils, dry",Pulse,1978,880700.0,384000.0,956,23.82,21.5,168.239,436.0
"Lentils, dry",Pulse,1979,1018100.0,447200.0,797,24.29,23.0,168.444,439.2
"Lentils, dry",Pulse,1980,848800.0,320300.0,921,24.39,25.0,168.154,377.4
"Lentils, dry",Pulse,1981,934900.0,465200.0,912,24.06,28.0,168.412,497.6
"Lentils, dry",Pulse,1982,945200.0,496500.0,834,23.98,30.5,168.746,525.3
"Lentils, dry",Pulse,1983,996400.0,488700.0,1009,23.86,33.0,168.532,490.5
"Lentils, dry",Pulse,1984,943100.0,533700.0,854,23.88,36.0,169.418,565.9
"Lentils, dry",Pulse,1985,982500.0,547100.0,897,24.2,39.5,169.34,556.8
"Lentils, dry",Pulse,1986,1090700.0,662500.0,859,24.18,42.0,169.409,607.4
"Lentils, dry",Pulse,1987,1087000.0,659300.0,757,24.56,43.5,169.705,606.5
"Lentils, dry",Pulse,1988,1040300.0,660300.0,1035,24.5,47.0,169.368,634.7
"Lentils, dry",Pulse,1989,1081100.0,733600.0,899,23.98,50.5,169.976,678.6
"Lentils, dry",Pulse,1990,1111800.0,706200.0,926,23.92,55.0,170.109,635.2
"Lentils, dry",Pulse,1991,1187800.0,851400.0,921,24.18,57.5,170.182,716.8
"Lentils, dry",Pulse,1992,1189100.0,801700.0,820,24.01,60.0,170.006,674.2
"Lentils, dry",Pulse,1993,1203900.0,790800.0,960,24.2,63.0,170.286,656.9
"Lentils, dry",Pulse,1994,1183400.0,748000.0,1010,24.08,67.0,170.325,632.1
"Lentils, dry",Pulse,1995,1155900.0,783800.0,870,24.21,72.0,169.911,678.1
"Lentils, dry",Pulse,1996,1255400.0,713700.0,1034,24.3,76.0,169.525,568.5
"Lentils, dry",Pulse,1997,1369400.0,962000.0,852,23.92,79.0,170.101,702.5
"Lentils, dry",Pulse,1998,1288300.0,803900.0,1002,24.57,83.0,170.029,624.0
"Lentils, dry",Pulse,1999,1388500.0,937800.0,823,24.46,87.0,170.125,675.4
"Lentils, dry",Pulse,2000,1461600.0,1078900.0,876,24.33,90.0,170.13,738.2
"Lentils, dry",Pulse,2001,1477800.0,915200.0,894,24.46,94.0,169.825,619.3
"Lentils, dry",Pulse,2002,1470000.0,974400.0,705,24.8,156.38,170.032,662.9
"Lentils, dry",Pulse,2003,1380000.0,873200.0,980,24.66,164.84,169.799,632.8
"Lentils, dry",Pulse,2004,1400000.0,1037800.0,822,24.54,192.35,169.891,741.3
"Lentils, dry",Pulse,2005,1470000.0,994200.0,919,24.56,208.53,169.674,676.3
"Lentils, dry",Pulse,2006,1510000.0,946200.0,903,24.64,239.93,169.462,626.6
"Lentils, dry",Pulse,2007,1470000.0,910000.0,1052,24.6,245.53,169.202,619.0
"Lentils, dry",Pulse,2008,1310000.0,810000.0,981,24.26,267.03,169.395,618.3
"Lentils, dry",Pulse,2009,1375900.0,953300.0,731,25.14,289.69,169.724,692.9
"Lentils, dry",Pulse,2010,1479400.0,1031600.0,1011,25.13,305.91,169.234,697.3
"Lentils, dry",Pulse,2011,1597400.0,943800.0,1011,24.34,321.53,169.369,590.8
"Lentils, dry",Pulse,2012,1562000.0,1058700.0,919,24.48,317.58,169.346,677.8
"Lentils, dry",Pulse,2013,1423000.0,1134000.0,1002,24.42,306.69,169.442,796.9
"Lentils, dry",Pulse,2014,1341000.0,1017000.0,882,24.52,318.21,169.463,758.4
"Lentils, dry",Pulse,2015,1469000.0,1035000.0,772,24.69,329.28,169.413,704.6
"Lentils, dry",Pulse,2016,1276000.0,976000.0,973,25.07,319.47,169.317,764.9
"Lentils, dry",Pulse,2017,1461140.0,1223850.0,952,24.96,325.62,168.895,837.6
"Lentils, dry",Pulse,2018,1549210.0,1621810.0,913,24.88,336.43,168.778,1046.9
"Lentils, dry",Pulse,2019,1362720.0,1227820.0,1012,24.8,365.61,168.669,901.0
"Lentils, dry",Pulse,2020,1302690.0,1103030.0,1089,24.51,472.49,168.048,846.7
"Lentils, dry",Pulse,2021,1468310.0,1493850.0,870,24.73,455.66,168.14,1017.4
"Lentils, dry",Pulse,2022,1411920.0,1268830.0,925,24.78,450.93,168.231,898.7
"Lentils, dry",Pulse,2023,1636781.0,1558636.62,820,24.9,455.08,168.323,952.3
"Lentils, dry",Pulse,2024,1742671.0,1791435.76,868,25.14,455.08,168.323,1028.0
Lettuce and chicory,Vegetable,1961,55000.0,250000.0,1013,23.82,2.0,160.986,4545.5
Lettuce and chicory,Vegetable,1962,58000.0,265000.0,899,23.53,2.4,162.4,4569.0
Lettuce and chicory,Vegetable,1963,59000.0,271000.0,920,23.98,2.9,162.05,4593.2
Lettuce and chicory,Vegetable,1964,61000.0,280000.0,884,23.97,3.5,162.118,4590.2
Lettuce and chicory,Vegetable,1965,62000.0,295000.0,788,23.93,4.1,162.434,4758.1
Lettuce and chicory,Vegetable,1966,64000.0,305000.0,939,24.32,4.8,162.72,4765.6
Lettuce and chicory,Vegetable,1967,65000.0,312000.0,943,23.8,5.7,163.79,4800.0
Lettuce and chicory,Vegetable,1968,67000.0,321000.0,858,23.81,6.8,164.569,4791.0
Lettuce and chicory,Vegetable,1969,70000.0,350000.0,999,24.35,8.0,164.476,5000.0
Lettuce and chicory,Vegetable,1970,71000.0,355000.0,916,24.05,9.5,165.06,5000.0
Lettuce and chicory,Vegetable,1971,72000.0,360000.0,887,23.51,11.0,164.556,5000.0
Lettuce and chicory,Vegetable,1972,74000.0,385000.0,761,24.0,12.8,164.986,5202.7
Lettuce and chicory,Vegetable,1973,75000.0,390000.0,990,24.3,14.0,166.044,5200.0
Lettuce and chicory,Vegetable,1974,78000.0,405000.0,878,24.01,13.5,166.501,5192.3
Lettuce and chicory,Vegetable,1975,80000.0,415000.0,963,23.68,15.1,166.838,5187.5
Lettuce and chicory,Vegetable,1976,84000.0,460000.0,836,23.95,16.8,167.057,5476.2
Lettuce and chicory,Vegetable,1977,88000.0,484000.0,912,24.13,19.0,167.059,5500.0
Lettuce and chicory,Vegetable,1978,90000.0,495000.0,956,23.82,21.5,168.239,5500.0
Lettuce and chicory,Vegetable,1979,95000.0,540000.0,797,24.29,23.0,168.444,5684.2
Lettuce and chicory,Vegetable,1980,97000.0,550000.0,921,24.39,25.0,168.154,5670.1
Lettuce and chicory,Vegetable,1981,100000.0,570000.0,912,24.06,28.0,168.412,5700.0
Lettuce and chicory,Vegetable,1982,100000.0,600000.0,834,23.98,30.5,168.746,6000.0
Lettuce and chicory,Vegetable,1983,102000.0,612000.0,1009,23.86,33.0,168.532,6000.0
Lettuce and chicory,Vegetable,1984,103000.0,618000.0,854,23.88,36.0,169.418,6000.0
Lettuce and chicory,Vegetable,1985,105000.0,650000.0,897,24.2,39.5,169.34,6190.5
Lettuce and chicory,Vegetable,1986,105000.0,660000.0,859,24.18,42.0,169.409,6285.7
Lettuce and chicory,Vegetable,1987,106000.0,678000.0,757,24.56,43.5,169.705,6396.2
Lettuce and chicory,Vegetable,1988,107000.0,692000.0,1035,24.5,47.0,169.368,6467.3
Lettuce and chicory,Vegetable,1989,109000.0,707000.0,899,23.98,50.5,169.976,6486.2
Lettuce and chicory,Vegetable,1990,111000.0,717000.0,926,23.92,55.0,170.109,6459.5
Lettuce and chicory,Vegetable,1991,111840.0,731158.0,921,24.18,57.5,170.182,6537.5
Lettuce and chicory,Vegetable,1992,112000.0,732000.0,820,24.01,60.0,170.006,6535.7
Lettuce and chicory,Vegetable,1993,113000.0,735000.0,960,24.2,63.0,170.286,6504.4
Lettuce and chicory,Vegetable,1994,115000.0,755000.0,1010,24.08,67.0,170.325,6565.2
Lettuce and chicory,Vegetable,1995,115862.0,760000.0,870,24.21,72.0,169.911,6559.5
Lettuce and chicory,Vegetable,1996,116000.0,765000.0,1034,24.3,76.0,169.525,6594.8
Lettuce and chicory,Vegetable,1997,116985.0,767215.45,852,23.92,79.0,170.101,6558.3
Lettuce and chicory,Vegetable,1998,117000.0,770000.0,1002,24.57,83.0,170.029,6581.2
Lettuce and chicory,Vegetable,1999,118000.0,780000.0,823,24.46,87.0,170.125,6610.2
Lettuce and chicory,Vegetable,2000,120000.0,785000.0,876,24.33,90.0,170.13,6541.7
Lettuce and chicory,Vegetable,2001,121337.0,790000.0,894,24.46,94.0,169.825,6510.8
Lettuce and chicory,Vegetable,2002,123834.0,803791.73,705,24.8,156.38,170.032,6490.9
Lettuce and chicory,Vegetable,2003,126563.0,819184.52,980,24.66,164.84,169.799,6472.6
Lettuce and chicory,Vegetable,2004,129464.0,835702.28,822,24.54,192.35,169.891,6455.1
Lettuce and chicory,Vegetable,2005,132998.0,852975.95,919,24.56,208.53,169.674,6413.5
Lettuce and chicory,Vegetable,2006,142547.0,917027.66,903,24.64,239.93,169.462,6433.2
Lettuce and chicory,Vegetable,2007,146840.0,942979.67,1052,24.6,245.53,169.202,6421.8
Lettuce and chicory,Vegetable,2008,151361.0,970325.63,981,24.26,267.03,169.395,6410.7
Lettuce and chicory,Vegetable,2009,155837.0,997489.83,731,25.14,289.69,169.724,6400.9
Lettuce and chicory,Vegetable,2010,160078.0,1023292.85,1011,25.13,305.91,169.234,6392.5
Lettuce and chicory,Vegetable,2011,164054.0,1047525.57,1011,24.34,321.53,169.369,6385.2
Lettuce and chicory,Vegetable,2012,170000.0,1075000.0,919,24.48,317.58,169.346,6323.5
Lettuce and chicory,Vegetable,2013,170000.0,1080000.0,1002,24.42,306.69,169.442,6352.9
Lettuce and chicory,Vegetable,2014,172439.0,1095119.75,882,24.52,318.21,169.463,6350.8
Lettuce and chicory,Vegetable,2015,181630.0,1152478.67,772,24.69,329.28,169.413,6345.2
Lettuce and chicory,Vegetable,2016,174690.0,1109199.48,973,25.07,319.47,169.317,6349.5
Lettuce and chicory,Vegetable,2017,179113.0,1134650.53,952,24.96,325.62,168.895,6334.8
Lettuce and chicory,Vegetable,2018,181124.0,1144583.0,913,24.88,336.43,168.778,6319.3
Lettuce and chicory,Vegetable,2019,182759.0,1152790.6,1012,24.8,365.61,168.669,6307.7
Lettuce and chicory,Vegetable,2020,184619.0,1162290.76,1089,24.51,472.49,168.048,6295.6
Lettuce and chicory,Vegetable,2021,188255.0,1185708.24,870,24.73,455.66,168.14,6298.4
Lettuce and chicory,Vegetable,2022,185211.0,1166929.86,925,24.78,450.93,168.231,6300.5
Lettuce and chicory,Vegetable,2023,186028.0,1171642.95,820,24.9,455.08,168.323,6298.2
Lettuce and chicory,Vegetable,2024,186498.0,1174760.35,868,25.14,455.08,168.323,6299.0
Linseed,Oilseed,1961,1789000.0,398000.0,1013,23.82,2.0,160.986,222.5
Linseed,Oilseed,1962,1977000.0,463000.0,899,23.53,2.4,162.4,234.2
Linseed,Oilseed,1963,1904000.0,430000.0,920,23.98,2.9,162.05,225.8
Linseed,Oilseed,1964,1995000.0,378700.0,884,23.97,3.5,162.118,189.8
Linseed,Oilseed,1965,2042000.0,494000.0,788,23.93,4.1,162.434,241.9
Linseed,Oilseed,1966,1723000.0,331000.0,939,24.32,4.8,162.72,192.1
Linseed,Oilseed,1967,1495400.0,259900.0,943,23.8,5.7,163.79,173.8
Linseed,Oilseed,1968,1776700.0,438000.0,858,23.81,6.8,164.569,246.5
Linseed,Oilseed,1969,1696900.0,329200.0,999,24.35,8.0,164.476,194.0
Linseed,Oilseed,1970,1802800.0,469300.0,916,24.05,9.5,165.06,260.3
Linseed,Oilseed,1971,1896800.0,473800.0,887,23.51,11.0,164.556,249.8
Linseed,Oilseed,1972,2064400.0,529500.0,761,24.0,12.8,164.986,256.5
Linseed,Oilseed,1973,1725600.0,428100.0,990,24.3,14.0,166.044,248.1
Linseed,Oilseed,1974,2038200.0,503900.0,878,24.01,13.5,166.501,247.2
Linseed,Oilseed,1975,2070700.0,563800.0,963,23.68,15.1,166.838,272.3
Linseed,Oilseed,1976,2118700.0,597800.0,836,23.95,16.8,167.057,282.2
Linseed,Oilseed,1977,1888400.0,418800.0,912,24.13,19.0,167.059,221.8
Linseed,Oilseed,1978,2009900.0,526800.0,956,23.82,21.5,168.239,262.1
Linseed,Oilseed,1979,2091500.0,535100.0,797,24.29,23.0,168.444,255.8
Linseed,Oilseed,1980,1613600.0,269300.0,921,24.39,25.0,168.154,166.9
Linseed,Oilseed,1981,1673300.0,423000.0,912,24.06,28.0,168.412,252.8
Linseed,Oilseed,1982,1820200.0,482500.0,834,23.98,30.5,168.746,265.1
Linseed,Oilseed,1983,1404000.0,375400.0,1009,23.86,33.0,168.532,267.4
Linseed,Oilseed,1984,1487000.0,444000.0,854,23.88,36.0,169.418,298.6
Linseed,Oilseed,1985,1395200.0,389000.0,897,24.2,39.5,169.34,278.8
Linseed,Oilseed,1986,1423700.0,376200.0,859,24.18,42.0,169.409,264.2
Linseed,Oilseed,1987,1155300.0,316600.0,757,24.56,43.5,169.705,274.0
Linseed,Oilseed,1988,1150700.0,393300.0,1035,24.5,47.0,169.368,341.8
Linseed,Oilseed,1989,1198900.0,360800.0,899,23.98,50.5,169.976,300.9
Linseed,Oilseed,1990,1124400.0,325600.0,926,23.92,55.0,170.109,289.6
Linseed,Oilseed,1991,1099100.0,332000.0,921,24.18,57.5,170.182,302.1
Linseed,Oilseed,1992,886200.0,292000.0,820,24.01,60.0,170.006,329.5
Linseed,Oilseed,1993,895000.0,278000.0,960,24.2,63.0,170.286,310.6
Linseed,Oilseed,1994,953000.0,330000.0,1010,24.08,67.0,170.325,346.3
Linseed,Oilseed,1995,948000.0,322600.0,870,24.21,72.0,169.911,340.3
Linseed,Oilseed,1996,843000.0,291900.0,1034,24.3,76.0,169.525,346.3
Linseed,Oilseed,1997,827000.0,308600.0,852,23.92,79.0,170.101,373.2
Linseed,Oilseed,1998,819000.0,237400.0,1002,24.57,83.0,170.029,289.9
Linseed,Oilseed,1999,749400.0,264900.0,823,24.46,87.0,170.125,353.5
Linseed,Oilseed,2000,593100.0,240800.0,876,24.33,90.0,170.13,406.0
Linseed,Oilseed,2001,579900.0,203500.0,894,24.46,94.0,169.825,350.9
Linseed,Oilseed,2002,535800.0,209100.0,705,24.8,156.38,170.032,390.3
Linseed,Oilseed,2003,450100.0,176700.0,980,24.66,164.84,169.799,392.6
Linseed,Oilseed,2004,476500.0,196500.0,822,24.54,192.35,169.891,412.4
Linseed,Oilseed,2005,448700.0,169700.0,919,24.56,208.53,169.674,378.2
Linseed,Oilseed,2006,436800.0,172500.0,903,24.64,239.93,169.462,394.9
Linseed,Oilseed,2007,426000.0,167900.0,1052,24.6,245.53,169.202,394.1
Linseed,Oilseed,2008,468000.0,163000.0,981,24.26,267.03,169.395,348.3
Linseed,Oilseed,2009,407900.0,169200.0,731,25.14,289.69,169.724,414.8
Linseed,Oilseed,2010,342000.0,153700.0,1011,25.13,305.91,169.234,449.4
Linseed,Oilseed,2011,359000.0,147000.0,1011,24.34,321.53,169.369,409.5
Linseed,Oilseed,2012,323000.0,152000.0,919,24.48,317.58,169.346,470.6
Linseed,Oilseed,2013,296000.0,147000.0,1002,24.42,306.69,169.442,496.6
Linseed,Oilseed,2014,293070.0,141730.0,882,24.52,318.21,169.463,483.6
Linseed,Oilseed,2015,285000.0,155000.0,772,24.69,329.28,169.413,543.9
Linseed,Oilseed,2016,298000.0,125000.0,973,25.07,319.47,169.317,419.5
Linseed,Oilseed,2017,325220.0,184250.0,952,24.96,325.62,168.895,566.5
Linseed,Oilseed,2018,326180.0,173760.0,913,24.88,336.43,168.778,532.7
Linseed,Oilseed,2019,172710.0,99070.0,1012,24.8,365.61,168.669,573.6
Linseed,Oilseed,2020,179900.0,120670.0,1089,24.51,472.49,168.048,670.8
Linseed,Oilseed,2021,174870.0,111360.0,870,24.73,455.66,168.14,636.8
Linseed,Oilseed,2022,196900.0,126420.0,925,24.78,450.93,168.231,642.1
Linseed,Oilseed,2023,238731.0,166753.17,820,24.9,455.08,168.323,698.5
Linseed,Oilseed,2024,174975.0,112692.61,868,25.14,455.08,168.323,644.0
Maize (corn),Cereal,1961,4507000.0,4312000.0,1013,23.82,2.0,160.986,956.7
Maize (corn),Cereal,1962,4643000.0,4607000.0,899,23.53,2.4,162.4,992.2
Maize (corn),Cereal,1963,4582000.0,4561000.0,920,23.98,2.9,162.05,995.4
Maize (corn),Cereal,1964,4618000.0,4664000.0,884,23.97,3.5,162.118,1010.0
Maize (corn),Cereal,1965,4799000.0,4823000.0,788,23.93,4.1,162.434,1005.0
Maize (corn),Cereal,1966,5073800.0,4893600.0,939,24.32,4.8,162.72,964.5
Maize (corn),Cereal,1967,5583400.0,6269300.0,943,23.8,5.7,163.79,1122.8
Maize (corn),Cereal,1968,5715800.0,5701100.0,858,23.81,6.8,164.569,997.4
Maize (corn),Cereal,1969,5862200.0,5674300.0,999,24.35,8.0,164.476,967.9
Maize (corn),Cereal,1970,5852300.0,7485600.0,916,24.05,9.5,165.06,1279.1
Maize (corn),Cereal,1971,5667600.0,5100500.0,887,23.51,11.0,164.556,899.9
Maize (corn),Cereal,1972,5837800.0,6388500.0,761,24.0,12.8,164.986,1094.3
Maize (corn),Cereal,1973,6015400.0,5803500.0,990,24.3,14.0,166.044,964.8
Maize (corn),Cereal,1974,5863100.0,5558900.0,878,24.01,13.5,166.501,948.1
Maize (corn),Cereal,1975,6030700.0,7255800.0,963,23.68,15.1,166.838,1203.1
Maize (corn),Cereal,1976,6000300.0,6361200.0,836,23.95,16.8,167.057,1060.1
Maize (corn),Cereal,1977,5682700.0,5973300.0,912,24.13,19.0,167.059,1051.1
Maize (corn),Cereal,1978,5760000.0,6199000.0,956,23.82,21.5,168.239,1076.2
Maize (corn),Cereal,1979,5720600.0,5602900.0,797,24.29,23.0,168.444,979.4
Maize (corn),Cereal,1980,6004800.0,6957000.0,921,24.39,25.0,168.154,1158.6
Maize (corn),Cereal,1981,5934700.0,6897100.0,912,24.06,28.0,168.412,1162.2
Maize (corn),Cereal,1982,5720300.0,6548500.0,834,23.98,30.5,168.746,1144.8
Maize (corn),Cereal,1983,5859000.0,7922000.0,1009,23.86,33.0,168.532,1352.1
Maize (corn),Cereal,1984,5799500.0,8441800.0,854,23.88,36.0,169.418,1455.6
Maize (corn),Cereal,1985,5797200.0,6643700.0,897,24.2,39.5,169.34,1146.0
Maize (corn),Cereal,1986,5923100.0,7592800.0,859,24.18,42.0,169.409,1281.9
Maize (corn),Cereal,1987,5560900.0,5721300.0,757,24.56,43.5,169.705,1028.8
Maize (corn),Cereal,1988,5896700.0,8228700.0,1035,24.5,47.0,169.368,1395.5
Maize (corn),Cereal,1989,5915100.0,9651300.0,899,23.98,50.5,169.976,1631.6
Maize (corn),Cereal,1990,5904300.0,8961700.0,926,23.92,55.0,170.109,1517.8
Maize (corn),Cereal,1991,5859400.0,8064400.0,921,24.18,57.5,170.182,1376.3
Maize (corn),Cereal,1992,5511000.0,8942900.0,820,24.01,60.0,170.006,1622.7
Maize (corn),Cereal,1993,6037800.0,9579500.0,960,24.2,63.0,170.286,1586.6
Maize (corn),Cereal,1994,5922800.0,8716100.0,1010,24.08,67.0,170.325,1471.6
Maize (corn),Cereal,1995,6141300.0,9521100.0,870,24.21,72.0,169.911,1550.3
Maize (corn),Cereal,1996,6172700.0,10358020.0,1034,24.3,76.0,169.525,1678.0
Maize (corn),Cereal,1997,6308500.0,11025180.0,852,23.92,79.0,170.101,1747.7
Maize (corn),Cereal,1998,6150700.0,10928100.0,1002,24.57,83.0,170.029,1776.7
Maize (corn),Cereal,1999,6339600.0,11315200.0,823,24.46,87.0,170.125,1784.8
Maize (corn),Cereal,2000,6682300.0,12023000.0,876,24.33,90.0,170.13,1799.2
Maize (corn),Cereal,2001,6558000.0,13071900.0,894,24.46,94.0,169.825,1993.3
Maize (corn),Cereal,2002,6623800.0,11184300.0,705,24.8,156.38,170.032,1688.5
Maize (corn),Cereal,2003,7249200.0,14613700.0,980,24.66,164.84,169.799,2015.9
Maize (corn),Cereal,2004,7347500.0,13726300.0,822,24.54,192.35,169.891,1868.2
Maize (corn),Cereal,2005,7594100.0,14851500.0,919,24.56,208.53,169.674,1955.7
Maize (corn),Cereal,2006,7790800.0,14110300.0,903,24.64,239.93,169.462,1811.1
Maize (corn),Cereal,2007,8052300.0,18647400.0,1052,24.6,245.53,169.202,2315.8
Maize (corn),Cereal,2008,7893300.0,17969200.0,981,24.26,267.03,169.395,2276.5
Maize (corn),Cereal,2009,8342492.0,17904191.0,731,25.14,289.69,169.724,2146.1
Maize (corn),Cereal,2010,8480267.0,21063550.6,1011,25.13,305.91,169.234,2483.8
Maize (corn),Cereal,2011,8652320.0,21574657.4,1011,24.34,321.53,169.369,2493.5
Maize (corn),Cereal,2012,8615188.0,21477569.0,919,24.48,317.58,169.346,2493.0
Maize (corn),Cereal,2013,8767898.0,23198940.44,1002,24.42,306.69,169.442,2645.9
Maize (corn),Cereal,2014,9319980.0,24127852.08,882,24.52,318.21,169.463,2588.8
Maize (corn),Cereal,2015,8801813.0,23212166.9,772,24.69,329.28,169.413,2637.2
Maize (corn),Cereal,2016,9467938.0,25433487.4,973,25.07,319.47,169.317,2686.3
Maize (corn),Cereal,2017,9225196.0,27099085.11,952,24.96,325.62,168.895,2937.5
Maize (corn),Cereal,2018,9276951.0,28048097.7,913,24.88,336.43,168.778,3023.4
Maize (corn),Cereal,2019,9249478.0,27730830.78,1012,24.8,365.61,168.669,2998.1
Maize (corn),Cereal,2020,9771598.0,30891725.28,1089,24.51,472.49,168.048,3161.4
Maize (corn),Cereal,2021,9921097.0,32772407.24,870,24.73,455.66,168.14,3303.3
Maize (corn),Cereal,2022,10226318.0,34722657.26,925,24.78,450.93,168.231,3395.4
Maize (corn),Cereal,2023,11019656.0,36656692.78,820,24.9,455.08,168.323,3326.5
Maize (corn),Cereal,2024,11349065.0,40230572.74,868,25.14,455.08,168.323,3544.8
"Mangoes, guavas and mangosteens",Fruit,1961,850000.0,6988000.0,1013,23.82,2.0,160.986,8221.2
"Mangoes, guavas and mangosteens",Fruit,1962,850000.0,6988000.0,899,23.53,2.4,162.4,8221.2
"Mangoes, guavas and mangosteens",Fruit,1963,850000.0,7000000.0,920,23.98,2.9,162.05,8235.3
"Mangoes, guavas and mangosteens",Fruit,1964,850000.0,7000000.0,884,23.97,3.5,162.118,8235.3
"Mangoes, guavas and mangosteens",Fruit,1965,850000.0,7000000.0,788,23.93,4.1,162.434,8235.3
"Mangoes, guavas and mangosteens",Fruit,1966,850000.0,7000000.0,939,24.32,4.8,162.72,8235.3
"Mangoes, guavas and mangosteens",Fruit,1967,862000.0,7100000.0,943,23.8,5.7,163.79,8236.7
"Mangoes, guavas and mangosteens",Fruit,1968,862000.0,7100000.0,858,23.81,6.8,164.569,8236.7
"Mangoes, guavas and mangosteens",Fruit,1969,862000.0,7100000.0,999,24.35,8.0,164.476,8236.7
"Mangoes, guavas and mangosteens",Fruit,1970,862000.0,7100000.0,916,24.05,9.5,165.06,8236.7
"Mangoes, guavas and mangosteens",Fruit,1971,862000.0,7100000.0,887,23.51,11.0,164.556,8236.7
"Mangoes, guavas and mangosteens",Fruit,1972,874100.0,7200000.0,761,24.0,12.8,164.986,8237.0
"Mangoes, guavas and mangosteens",Fruit,1973,874100.0,7200000.0,990,24.3,14.0,166.044,8237.0
"Mangoes, guavas and mangosteens",Fruit,1974,886200.0,7300000.0,878,24.01,13.5,166.501,8237.4
"Mangoes, guavas and mangosteens",Fruit,1975,886200.0,7300000.0,963,23.68,15.1,166.838,8237.4
"Mangoes, guavas and mangosteens",Fruit,1976,898400.0,7400000.0,836,23.95,16.8,167.057,8236.9
"Mangoes, guavas and mangosteens",Fruit,1977,905350.0,7456340.0,912,24.13,19.0,167.059,8235.9
"Mangoes, guavas and mangosteens",Fruit,1978,925480.0,7527200.0,956,23.82,21.5,168.239,8133.3
"Mangoes, guavas and mangosteens",Fruit,1979,942560.0,8216510.0,797,24.29,23.0,168.444,8717.2
"Mangoes, guavas and mangosteens",Fruit,1980,958430.0,8363300.0,921,24.39,25.0,168.154,8726.0
"Mangoes, guavas and mangosteens",Fruit,1981,979640.0,8515710.0,912,24.06,28.0,168.412,8692.7
"Mangoes, guavas and mangosteens",Fruit,1982,1001540.0,8662810.0,834,23.98,30.5,168.746,8649.5
"Mangoes, guavas and mangosteens",Fruit,1983,1022220.0,8833800.0,1009,23.86,33.0,168.532,8641.8
"Mangoes, guavas and mangosteens",Fruit,1984,1042660.0,9154460.0,854,23.88,36.0,169.418,8779.9
"Mangoes, guavas and mangosteens",Fruit,1985,795000.0,9337520.0,897,24.2,39.5,169.34,11745.3
"Mangoes, guavas and mangosteens",Fruit,1986,805000.0,9871000.0,859,24.18,42.0,169.409,12262.1
"Mangoes, guavas and mangosteens",Fruit,1987,834000.0,10113330.0,757,24.56,43.5,169.705,12126.3
"Mangoes, guavas and mangosteens",Fruit,1988,852000.0,7927000.0,1035,24.5,47.0,169.368,9304.0
"Mangoes, guavas and mangosteens",Fruit,1989,860000.0,8504000.0,899,23.98,50.5,169.976,9888.4
"Mangoes, guavas and mangosteens",Fruit,1990,846292.0,8645405.0,926,23.92,55.0,170.109,10215.6
"Mangoes, guavas and mangosteens",Fruit,1991,1077621.0,8752134.0,921,24.18,57.5,170.182,8121.7
"Mangoes, guavas and mangosteens",Fruit,1992,1230700.0,10318400.0,820,24.01,60.0,170.006,8384.2
"Mangoes, guavas and mangosteens",Fruit,1993,1329200.0,11317600.0,960,24.2,63.0,170.286,8514.6
"Mangoes, guavas and mangosteens",Fruit,1994,1346300.0,12266600.0,1010,24.08,67.0,170.325,9111.3
"Mangoes, guavas and mangosteens",Fruit,1995,1407000.0,12198500.0,870,24.21,72.0,169.911,8669.9
"Mangoes, guavas and mangosteens",Fruit,1996,1476500.0,11482500.0,1034,24.3,76.0,169.525,7776.8
"Mangoes, guavas and mangosteens",Fruit,1997,1535800.0,11835400.0,852,23.92,79.0,170.101,7706.3
"Mangoes, guavas and mangosteens",Fruit,1998,1552900.0,11396100.0,1002,24.57,83.0,170.029,7338.6
"Mangoes, guavas and mangosteens",Fruit,1999,1638200.0,12304000.0,823,24.46,87.0,170.125,7510.7
"Mangoes, guavas and mangosteens",Fruit,2000,1669900.0,11767300.0,876,24.33,90.0,170.13,7046.7
"Mangoes, guavas and mangosteens",Fruit,2001,1724000.0,11651700.0,894,24.46,94.0,169.825,6758.5
"Mangoes, guavas and mangosteens",Fruit,2002,1778000.0,14448700.0,705,24.8,156.38,170.032,8126.4
"Mangoes, guavas and mangosteens",Fruit,2003,2061300.0,13283000.0,980,24.66,164.84,169.799,6444.0
"Mangoes, guavas and mangosteens",Fruit,2004,2136800.0,13660400.0,822,24.54,192.35,169.891,6392.9
"Mangoes, guavas and mangosteens",Fruit,2005,2241700.0,14345900.0,919,24.56,208.53,169.674,6399.6
"Mangoes, guavas and mangosteens",Fruit,2006,2320500.0,15470600.0,903,24.64,239.93,169.462,6666.9
"Mangoes, guavas and mangosteens",Fruit,2007,2377000.0,15828000.0,1052,24.6,245.53,169.202,6658.8
"Mangoes, guavas and mangosteens",Fruit,2008,2488000.0,14731000.0,981,24.26,267.03,169.395,5920.8
"Mangoes, guavas and mangosteens",Fruit,2009,2516300.0,17296700.0,731,25.14,289.69,169.724,6873.9
"Mangoes, guavas and mangosteens",Fruit,2010,2516700.0,17759500.0,1011,25.13,305.91,169.234,7056.7
"Mangoes, guavas and mangosteens",Fruit,2011,2502000.0,17650000.0,1011,24.34,321.53,169.369,7054.4
"Mangoes, guavas and mangosteens",Fruit,2012,2598000.0,18706000.0,919,24.48,317.58,169.346,7200.2
"Mangoes, guavas and mangosteens",Fruit,2013,2736000.0,21200000.0,1002,24.42,306.69,169.442,7748.5
"Mangoes, guavas and mangosteens",Fruit,2014,2784000.0,22099000.0,882,24.52,318.21,169.463,7937.9
"Mangoes, guavas and mangosteens",Fruit,2015,2409000.0,22521000.0,772,24.69,329.28,169.413,9348.7
"Mangoes, guavas and mangosteens",Fruit,2016,2463430.0,22690327.08,973,25.07,319.47,169.317,9210.9
"Mangoes, guavas and mangosteens",Fruit,2017,2472308.0,23332591.0,952,24.96,325.62,168.895,9437.6
"Mangoes, guavas and mangosteens",Fruit,2018,2527152.0,24965999.18,913,24.88,336.43,168.778,9879.1
"Mangoes, guavas and mangosteens",Fruit,2019,2572056.0,25630690.5,1012,24.8,365.61,168.669,9965.1
"Mangoes, guavas and mangosteens",Fruit,2020,2586382.0,24677842.12,1089,24.51,472.49,168.048,9541.5
"Mangoes, guavas and mangosteens",Fruit,2021,2624906.0,24968289.83,870,24.73,455.66,168.14,9512.1
"Mangoes, guavas and mangosteens",Fruit,2022,2704000.0,26299000.0,925,24.78,450.93,168.231,9726.0
"Mangoes, guavas and mangosteens",Fruit,2023,2698000.0,26236000.0,820,24.9,455.08,168.323,9724.2
"Mangoes, guavas and mangosteens",Fruit,2024,2757664.0,27766261.0,868,25.14,455.08,168.323,10068.8
Millet,Cereal,1961,18657008.0,7725000.0,1013,23.82,2.0,160.986,414.1
Millet,Cereal,1962,18218000.0,7855000.0,899,23.53,2.4,162.4,431.2
Millet,Cereal,1963,18195008.0,7921000.0,920,23.98,2.9,162.05,435.3
Millet,Cereal,1964,18897008.0,8506000.0,884,23.97,3.5,162.118,450.1
Millet,Cereal,1965,19225008.0,6634000.0,788,23.93,4.1,162.434,345.1
Millet,Cereal,1966,19139008.0,7587000.0,939,24.32,4.8,162.72,396.4
Millet,Cereal,1967,19955904.0,8976300.0,943,23.8,5.7,163.79,449.8
Millet,Cereal,1968,19036208.0,7253500.0,858,23.81,6.8,164.569,381.0
Millet,Cereal,1969,20008896.0,9176000.0,999,24.35,8.0,164.476,458.6
Millet,Cereal,1970,20168704.0,12171600.0,916,24.05,9.5,165.06,603.5
Millet,Cereal,1971,18675600.0,9197000.0,887,23.51,11.0,164.556,492.5
Millet,Cereal,1972,18411200.0,7404500.0,761,24.0,12.8,164.986,402.2
Millet,Cereal,1973,20860000.0,11557000.0,990,24.3,14.0,166.044,554.0
Millet,Cereal,1974,18215008.0,7020900.0,878,24.01,13.5,166.501,385.4
Millet,Cereal,1975,18873296.0,10456600.0,963,23.68,15.1,166.838,554.0
Millet,Cereal,1976,17926608.0,9649700.0,836,23.95,16.8,167.057,538.3
Millet,Cereal,1977,18277408.0,9666000.0,912,24.13,19.0,167.059,528.8
Millet,Cereal,1978,18494800.0,10660700.0,956,23.82,21.5,168.239,576.4
Millet,Cereal,1979,17195808.0,8094200.0,797,24.29,23.0,168.444,470.7
Millet,Cereal,1980,18158400.0,9336900.0,921,24.39,25.0,168.154,514.2
Millet,Cereal,1981,18180400.0,10136200.0,912,24.06,28.0,168.412,557.5
Millet,Cereal,1982,16853296.0,8583400.0,834,23.98,30.5,168.746,509.3
Millet,Cereal,1983,18028000.0,12232000.0,1009,23.86,33.0,168.532,678.5
Millet,Cereal,1984,16219900.0,9770700.0,854,23.88,36.0,169.418,602.4
Millet,Cereal,1985,16207200.0,7399100.0,897,24.2,39.5,169.34,456.5
Millet,Cereal,1986,16645300.0,8383300.0,859,24.18,42.0,169.409,503.6
Millet,Cereal,1987,13851100.0,6865900.0,757,24.56,43.5,169.705,495.7
Millet,Cereal,1988,17105504.0,11352900.0,1035,24.5,47.0,169.368,663.7
Millet,Cereal,1989,15945600.0,10721100.0,899,23.98,50.5,169.976,672.4
Millet,Cereal,1990,15095100.0,10423800.0,926,23.92,55.0,170.109,690.5
Millet,Cereal,1991,14245000.0,8128900.0,921,24.18,57.5,170.182,570.6
Millet,Cereal,1992,14505200.0,12280600.0,820,24.01,60.0,170.006,846.6
Millet,Cereal,1993,13677800.0,8488300.0,960,24.2,63.0,170.286,620.6
Millet,Cereal,1994,13778100.0,10299700.0,1010,24.08,67.0,170.325,747.5
Millet,Cereal,1995,12755000.0,8661000.0,870,24.21,72.0,169.911,679.0
Millet,Cereal,1996,13163200.0,10581400.0,1034,24.3,76.0,169.525,803.9
Millet,Cereal,1997,13053800.0,10277700.0,852,23.92,79.0,170.101,787.3
Millet,Cereal,1998,12543500.0,10185300.0,1002,24.57,83.0,170.029,812.0
Millet,Cereal,1999,11924000.0,8730400.0,823,24.46,87.0,170.125,732.2
Millet,Cereal,2000,13076000.0,10218800.0,876,24.33,90.0,170.13,781.5
Millet,Cereal,2001,12478300.0,11237700.0,894,24.46,94.0,169.825,900.6
Millet,Cereal,2002,10317300.0,6511500.0,705,24.8,156.38,170.032,631.1
Millet,Cereal,2003,13447400.0,14542200.0,980,24.66,164.84,169.799,1081.4
Millet,Cereal,2004,11918900.0,10888720.0,822,24.54,192.35,169.891,913.6
Millet,Cereal,2005,12184600.0,10448400.0,919,24.56,208.53,169.674,857.5
Millet,Cereal,2006,11681200.0,10375400.0,903,24.64,239.93,169.462,888.2
Millet,Cereal,2007,11970600.0,12508300.0,1052,24.6,245.53,169.202,1044.9
Millet,Cereal,2008,11066300.0,11412000.0,981,24.26,267.03,169.395,1031.2
Millet,Cereal,2009,11007792.0,8815796.0,731,25.14,289.69,169.724,800.9
Millet,Cereal,2010,11482354.0,12693410.4,1011,25.13,305.91,169.234,1105.5
Millet,Cereal,2011,10805223.0,12656823.46,1011,24.34,321.53,169.369,1171.4
Millet,Cereal,2012,9567895.0,11529157.59,919,24.48,317.58,169.346,1205.0
Millet,Cereal,2013,9686646.0,11662927.1,1002,24.42,306.69,169.442,1204.0
Millet,Cereal,2014,9115600.0,11631000.0,882,24.52,318.21,169.463,1275.9
Millet,Cereal,2015,8916754.0,10279447.33,772,24.69,329.28,169.413,1152.8
Millet,Cereal,2016,9093724.0,11556916.27,973,25.07,319.47,169.317,1270.9
Millet,Cereal,2017,9221160.0,11633068.43,952,24.96,325.62,168.895,1261.6
Millet,Cereal,2018,8449723.0,10235828.75,913,24.88,336.43,168.778,1211.4
Millet,Cereal,2019,9005493.0,12488468.03,1012,24.8,365.61,168.669,1386.8
Millet,Cereal,2020,9255542.0,13208479.58,1089,24.51,472.49,168.048,1427.1
Millet,Cereal,2021,8488147.0,11849184.52,870,24.73,455.66,168.14,1396.0
Millet,Cereal,2022,8763589.0,12424565.34,925,24.78,450.93,168.231,1417.7
Millet,Cereal,2023,9060986.0,12864089.9,820,24.9,455.08,168.323,1419.7
Millet,Cereal,2024,8816931.0,12620812.83,868,25.14,455.08,168.323,1431.4
Natural rubber in primary forms,Industrial,1961,45000.0,26992.0,1013,23.82,2.0,160.986,599.8
Natural rubber in primary forms,Industrial,1962,52000.0,31357.0,899,23.53,2.4,162.4,603.0
Natural rubber in primary forms,Industrial,1963,60000.0,37200.0,920,23.98,2.9,162.05,620.0
Natural rubber in primary forms,Industrial,1964,74000.0,44248.0,884,23.97,3.5,162.118,597.9
Natural rubber in primary forms,Industrial,1965,82000.0,49387.0,788,23.93,4.1,162.434,602.3
Natural rubber in primary forms,Industrial,1966,88000.0,53195.0,939,24.32,4.8,162.72,604.5
Natural rubber in primary forms,Industrial,1967,102000.0,62502.0,943,23.8,5.7,163.79,612.8
Natural rubber in primary forms,Industrial,1968,110000.0,68844.0,858,23.81,6.8,164.569,625.9
Natural rubber in primary forms,Industrial,1969,120000.0,79951.0,999,24.35,8.0,164.476,666.3
Natural rubber in primary forms,Industrial,1970,138000.0,89905.0,916,24.05,9.5,165.06,651.5
Natural rubber in primary forms,Industrial,1971,141000.0,92200.0,887,23.51,11.0,164.556,653.9
Natural rubber in primary forms,Industrial,1972,149000.0,101200.0,761,24.0,12.8,164.986,679.2
Natural rubber in primary forms,Industrial,1973,155000.0,112400.0,990,24.3,14.0,166.044,725.2
Natural rubber in primary forms,Industrial,1974,166000.0,125200.0,878,24.01,13.5,166.501,754.2
Natural rubber in primary forms,Industrial,1975,171000.0,130100.0,963,23.68,15.1,166.838,760.8
Natural rubber in primary forms,Industrial,1976,178000.0,137800.0,836,23.95,16.8,167.057,774.2
Natural rubber in primary forms,Industrial,1977,186000.0,149600.0,912,24.13,19.0,167.059,804.3
Natural rubber in primary forms,Industrial,1978,191000.0,147000.0,956,23.82,21.5,168.239,769.6
Natural rubber in primary forms,Industrial,1979,190300.0,135400.0,797,24.29,23.0,168.444,711.5
Natural rubber in primary forms,Industrial,1980,192500.0,148400.0,921,24.39,25.0,168.154,770.9
Natural rubber in primary forms,Industrial,1981,194200.0,153100.0,912,24.06,28.0,168.412,788.4
Natural rubber in primary forms,Industrial,1982,196200.0,152900.0,834,23.98,30.5,168.746,779.3
Natural rubber in primary forms,Industrial,1983,199700.0,165900.0,1009,23.86,33.0,168.532,830.7
Natural rubber in primary forms,Industrial,1984,204500.0,175300.0,854,23.88,36.0,169.418,857.2
Natural rubber in primary forms,Industrial,1985,210500.0,186500.0,897,24.2,39.5,169.34,886.0
Natural rubber in primary forms,Industrial,1986,223300.0,200500.0,859,24.18,42.0,169.409,897.9
Natural rubber in primary forms,Industrial,1987,237100.0,219500.0,757,24.56,43.5,169.705,925.8
Natural rubber in primary forms,Industrial,1988,249100.0,235200.0,1035,24.5,47.0,169.368,944.2
Natural rubber in primary forms,Industrial,1989,266100.0,259200.0,899,23.98,50.5,169.976,974.1
Natural rubber in primary forms,Industrial,1990,289100.0,297300.0,926,23.92,55.0,170.109,1028.4
Natural rubber in primary forms,Industrial,1991,306400.0,329600.0,921,24.18,57.5,170.182,1075.7
Natural rubber in primary forms,Industrial,1992,323000.0,366700.0,820,24.01,60.0,170.006,1135.3
Natural rubber in primary forms,Industrial,1993,331000.0,367000.0,960,24.2,63.0,170.286,1108.8
Natural rubber in primary forms,Industrial,1994,339000.0,394000.0,1010,24.08,67.0,170.325,1162.2
Natural rubber in primary forms,Industrial,1995,356000.0,472000.0,870,24.21,72.0,169.911,1325.8
Natural rubber in primary forms,Industrial,1996,366000.0,507000.0,1034,24.3,76.0,169.525,1385.2
Natural rubber in primary forms,Industrial,1997,377000.0,550000.0,852,23.92,79.0,170.101,1458.9
Natural rubber in primary forms,Industrial,1998,387000.0,605000.0,1002,24.57,83.0,170.029,1563.3
Natural rubber in primary forms,Industrial,1999,395000.0,622000.0,823,24.46,87.0,170.125,1574.7
Natural rubber in primary forms,Industrial,2000,400000.0,630000.0,876,24.33,90.0,170.13,1575.0
Natural rubber in primary forms,Industrial,2001,401000.0,631000.0,894,24.46,94.0,169.825,1573.6
Natural rubber in primary forms,Industrial,2002,408000.0,649435.0,705,24.8,156.38,170.032,1591.8
Natural rubber in primary forms,Industrial,2003,428000.0,711650.0,980,24.66,164.84,169.799,1662.7
Natural rubber in primary forms,Industrial,2004,440000.0,749665.0,822,24.54,192.35,169.891,1703.8
Natural rubber in primary forms,Industrial,2005,447000.0,802625.0,919,24.56,208.53,169.674,1795.6
Natural rubber in primary forms,Industrial,2006,454000.0,852895.0,903,24.64,239.93,169.462,1878.6
Natural rubber in primary forms,Industrial,2007,459000.0,825345.0,1052,24.6,245.53,169.202,1798.1
Natural rubber in primary forms,Industrial,2008,463000.0,864500.0,981,24.26,267.03,169.395,1867.2
Natural rubber in primary forms,Industrial,2009,468000.0,831400.0,731,25.14,289.69,169.724,1776.5
Natural rubber in primary forms,Industrial,2010,477000.0,862000.0,1011,25.13,305.91,169.234,1807.1
Natural rubber in primary forms,Industrial,2011,440000.0,800000.0,1011,24.34,321.53,169.369,1818.2
Natural rubber in primary forms,Industrial,2012,442000.0,900000.0,919,24.48,317.58,169.346,2036.2
Natural rubber in primary forms,Industrial,2013,450000.0,900000.0,1002,24.42,306.69,169.442,2000.0
Natural rubber in primary forms,Industrial,2014,455000.0,940000.0,882,24.52,318.21,169.463,2065.9
Natural rubber in primary forms,Industrial,2015,455991.0,944504.26,772,24.69,329.28,169.413,2071.3
Natural rubber in primary forms,Industrial,2016,457422.0,950600.4,973,25.07,319.47,169.317,2078.2
Natural rubber in primary forms,Industrial,2017,340833.0,713000.0,952,24.96,325.62,168.895,2091.9
Natural rubber in primary forms,Industrial,2018,312390.0,660000.0,913,24.88,336.43,168.778,2112.7
Natural rubber in primary forms,Industrial,2019,327932.0,702000.0,1012,24.8,365.61,168.669,2140.7
Natural rubber in primary forms,Industrial,2020,316014.0,685000.0,1089,24.51,472.49,168.048,2167.6
Natural rubber in primary forms,Industrial,2021,337396.0,749000.0,870,24.73,455.66,168.14,2219.9
Natural rubber in primary forms,Industrial,2022,377915.0,843000.0,925,24.78,450.93,168.231,2230.7
Natural rubber in primary forms,Industrial,2023,376335.0,849000.0,820,24.9,455.08,168.323,2256.0
Natural rubber in primary forms,Industrial,2024,383995.0,876000.0,868,25.14,455.08,168.323,2281.3
"Nutmeg, mace, cardamoms, raw",Spice,1961,50000.0,3000.0,1013,23.82,2.0,160.986,60.0
"Nutmeg, mace, cardamoms, raw",Spice,1962,56000.0,4000.0,899,23.53,2.4,162.4,71.4
"Nutmeg, mace, cardamoms, raw",Spice,1963,57000.0,4000.0,920,23.98,2.9,162.05,70.2
"Nutmeg, mace, cardamoms, raw",Spice,1964,55000.0,4000.0,884,23.97,3.5,162.118,72.7
"Nutmeg, mace, cardamoms, raw",Spice,1965,57000.0,4000.0,788,23.93,4.1,162.434,70.2
"Nutmeg, mace, cardamoms, raw",Spice,1966,75000.0,4000.0,939,24.32,4.8,162.72,53.3
"Nutmeg, mace, cardamoms, raw",Spice,1967,73000.0,3000.0,943,23.8,5.7,163.79,41.1
"Nutmeg, mace, cardamoms, raw",Spice,1968,75000.0,3000.0,858,23.81,6.8,164.569,40.0
"Nutmeg, mace, cardamoms, raw",Spice,1969,74000.0,3000.0,999,24.35,8.0,164.476,40.5
"Nutmeg, mace, cardamoms, raw",Spice,1970,75000.0,3000.0,916,24.05,9.5,165.06,40.0
"Nutmeg, mace, cardamoms, raw",Spice,1971,76800.0,3600.0,887,23.51,11.0,164.556,46.9
"Nutmeg, mace, cardamoms, raw",Spice,1972,75900.0,2900.0,761,24.0,12.8,164.986,38.2
"Nutmeg, mace, cardamoms, raw",Spice,1973,75900.0,3200.0,990,24.3,14.0,166.044,42.2
"Nutmeg, mace, cardamoms, raw",Spice,1974,89200.0,4800.0,878,24.01,13.5,166.501,53.8
"Nutmeg, mace, cardamoms, raw",Spice,1975,99900.0,5200.0,963,23.68,15.1,166.838,52.1
"Nutmeg, mace, cardamoms, raw",Spice,1976,96900.0,4400.0,836,23.95,16.8,167.057,45.4
"Nutmeg, mace, cardamoms, raw",Spice,1977,95600.0,4500.0,912,24.13,19.0,167.059,47.1
"Nutmeg, mace, cardamoms, raw",Spice,1978,81900.0,5100.0,956,23.82,21.5,168.239,62.3
"Nutmeg, mace, cardamoms, raw",Spice,1979,89000.0,5300.0,797,24.29,23.0,168.444,59.6
"Nutmeg, mace, cardamoms, raw",Spice,1980,87700.0,5500.0,921,24.39,25.0,168.154,62.7
"Nutmeg, mace, cardamoms, raw",Spice,1981,100600.0,9400.0,912,24.06,28.0,168.412,93.4
"Nutmeg, mace, cardamoms, raw",Spice,1982,103300.0,8050.0,834,23.98,30.5,168.746,77.9
"Nutmeg, mace, cardamoms, raw",Spice,1983,112600.0,8900.0,1009,23.86,33.0,168.532,79.0
"Nutmeg, mace, cardamoms, raw",Spice,1984,114400.0,9300.0,854,23.88,36.0,169.418,81.3
"Nutmeg, mace, cardamoms, raw",Spice,1985,117740.0,10020.0,897,24.2,39.5,169.34,85.1
"Nutmeg, mace, cardamoms, raw",Spice,1986,116270.0,9710.0,859,24.18,42.0,169.409,83.5
"Nutmeg, mace, cardamoms, raw",Spice,1987,118790.0,9270.0,757,24.56,43.5,169.705,78.0
"Nutmeg, mace, cardamoms, raw",Spice,1988,118340.0,8560.0,1035,24.5,47.0,169.368,72.3
"Nutmeg, mace, cardamoms, raw",Spice,1989,121210.0,10120.0,899,23.98,50.5,169.976,83.5
"Nutmeg, mace, cardamoms, raw",Spice,1990,118160.0,9560.0,926,23.92,55.0,170.109,80.9
"Nutmeg, mace, cardamoms, raw",Spice,1991,117720.0,9520.0,921,24.18,57.5,170.182,80.9
"Nutmeg, mace, cardamoms, raw",Spice,1992,96680.0,9210.0,820,24.01,60.0,170.006,95.3
"Nutmeg, mace, cardamoms, raw",Spice,1993,101110.0,10870.0,960,24.2,63.0,170.286,107.5
"Nutmeg, mace, cardamoms, raw",Spice,1994,100400.0,10700.0,1010,24.08,67.0,170.325,106.6
"Nutmeg, mace, cardamoms, raw",Spice,1995,101500.0,11700.0,870,24.21,72.0,169.911,115.3
"Nutmeg, mace, cardamoms, raw",Spice,1996,99000.0,12600.0,1034,24.3,76.0,169.525,127.3
"Nutmeg, mace, cardamoms, raw",Spice,1997,94300.0,11700.0,852,23.92,79.0,170.101,124.1
"Nutmeg, mace, cardamoms, raw",Spice,1998,85000.0,9000.0,1002,24.57,83.0,170.029,105.9
"Nutmeg, mace, cardamoms, raw",Spice,1999,84800.0,10700.0,823,24.46,87.0,170.125,126.2
"Nutmeg, mace, cardamoms, raw",Spice,2000,92400.0,14500.0,876,24.33,90.0,170.13,156.9
"Nutmeg, mace, cardamoms, raw",Spice,2001,91600.0,15200.0,894,24.46,94.0,169.825,165.9
"Nutmeg, mace, cardamoms, raw",Spice,2002,88500.0,15400.0,705,24.8,156.38,170.032,174.0
"Nutmeg, mace, cardamoms, raw",Spice,2003,95600.0,16700.0,980,24.66,164.84,169.799,174.7
"Nutmeg, mace, cardamoms, raw",Spice,2004,95200.0,16900.0,822,24.54,192.35,169.891,177.5
"Nutmeg, mace, cardamoms, raw",Spice,2005,95800.0,17800.0,919,24.56,208.53,169.674,185.8
"Nutmeg, mace, cardamoms, raw",Spice,2006,104000.0,17000.0,903,24.64,239.93,169.462,163.5
"Nutmeg, mace, cardamoms, raw",Spice,2007,81930.0,13650.0,1052,24.6,245.53,169.202,166.6
"Nutmeg, mace, cardamoms, raw",Spice,2008,91990.0,15450.0,981,24.26,267.03,169.395,168.0
"Nutmeg, mace, cardamoms, raw",Spice,2009,90200.0,15720.0,731,25.14,289.69,169.724,174.3
"Nutmeg, mace, cardamoms, raw",Spice,2010,86700.0,15700.0,1011,25.13,305.91,169.234,181.1
"Nutmeg, mace, cardamoms, raw",Spice,2011,89006.0,15816.0,1011,24.34,321.53,169.369,177.7
"Nutmeg, mace, cardamoms, raw",Spice,2012,92000.0,18070.0,919,24.48,317.58,169.346,196.4
"Nutmeg, mace, cardamoms, raw",Spice,2013,95930.0,16565.0,1002,24.42,306.69,169.442,172.7
"Nutmeg, mace, cardamoms, raw",Spice,2014,93000.0,21000.0,882,24.52,318.21,169.463,225.8
"Nutmeg, mace, cardamoms, raw",Spice,2015,92000.0,22000.0,772,24.69,329.28,169.413,239.1
"Nutmeg, mace, cardamoms, raw",Spice,2016,107000.0,38000.0,973,25.07,319.47,169.317,355.1
"Nutmeg, mace, cardamoms, raw",Spice,2017,108000.0,43000.0,952,24.96,325.62,168.895,398.1
"Nutmeg, mace, cardamoms, raw",Spice,2018,108000.0,43000.0,913,24.88,336.43,168.778,398.1
"Nutmeg, mace, cardamoms, raw",Spice,2019,105000.0,38000.0,1012,24.8,365.61,168.669,361.9
"Nutmeg, mace, cardamoms, raw",Spice,2020,109000.0,37000.0,1089,24.51,472.49,168.048,339.4
"Nutmeg, mace, cardamoms, raw",Spice,2021,109000.0,50000.0,870,24.73,455.66,168.14,458.7
"Nutmeg, mace, cardamoms, raw",Spice,2022,109000.0,55000.0,925,24.78,450.93,168.231,504.6
"Nutmeg, mace, cardamoms, raw",Spice,2023,111000.0,54000.0,820,24.9,455.08,168.323,486.5
"Nutmeg, mace, cardamoms, raw",Spice,2024,108805.0,54031.0,868,25.14,455.08,168.323,496.6
Okra,Vegetable,1961,150000.0,775000.0,1013,23.82,2.0,160.986,5166.7
Okra,Vegetable,1962,158000.0,790000.0,899,23.53,2.4,162.4,5000.0
Okra,Vegetable,1963,165000.0,825000.0,920,23.98,2.9,162.05,5000.0
Okra,Vegetable,1964,170000.0,845000.0,884,23.97,3.5,162.118,4970.6
Okra,Vegetable,1965,180000.0,900000.0,788,23.93,4.1,162.434,5000.0
Okra,Vegetable,1966,185000.0,940000.0,939,24.32,4.8,162.72,5081.1
Okra,Vegetable,1967,190000.0,970000.0,943,23.8,5.7,163.79,5105.3
Okra,Vegetable,1968,198000.0,1000000.0,858,23.81,6.8,164.569,5050.5
Okra,Vegetable,1969,210000.0,1050000.0,999,24.35,8.0,164.476,5000.0
Okra,Vegetable,1970,218000.0,1150000.0,916,24.05,9.5,165.06,5275.2
Okra,Vegetable,1971,225000.0,1190000.0,887,23.51,11.0,164.556,5288.9
Okra,Vegetable,1972,234000.0,1240000.0,761,24.0,12.8,164.986,5299.1
Okra,Vegetable,1973,244000.0,1340000.0,990,24.3,14.0,166.044,5491.8
Okra,Vegetable,1974,250000.0,1375000.0,878,24.01,13.5,166.501,5500.0
Okra,Vegetable,1975,260000.0,1430000.0,963,23.68,15.1,166.838,5500.0
Okra,Vegetable,1976,265000.0,1480000.0,836,23.95,16.8,167.057,5584.9
Okra,Vegetable,1977,275000.0,1530000.0,912,24.13,19.0,167.059,5563.6
Okra,Vegetable,1978,280000.0,1550000.0,956,23.82,21.5,168.239,5535.7
Okra,Vegetable,1979,290000.0,1625000.0,797,24.29,23.0,168.444,5603.4
Okra,Vegetable,1980,295000.0,1700000.0,921,24.39,25.0,168.154,5762.7
Okra,Vegetable,1981,300000.0,1740000.0,912,24.06,28.0,168.412,5800.0
Okra,Vegetable,1982,305000.0,1770000.0,834,23.98,30.5,168.746,5803.3
Okra,Vegetable,1983,315000.0,1850000.0,1009,23.86,33.0,168.532,5873.0
Okra,Vegetable,1984,320000.0,1900000.0,854,23.88,36.0,169.418,5937.5
Okra,Vegetable,1985,330000.0,1950000.0,897,24.2,39.5,169.34,5909.1
Okra,Vegetable,1986,340000.0,2050000.0,859,24.18,42.0,169.409,6029.4
Okra,Vegetable,1987,346000.0,2110000.0,757,24.56,43.5,169.705,6098.3
Okra,Vegetable,1988,353000.0,2190000.0,1035,24.5,47.0,169.368,6204.0
Okra,Vegetable,1989,360000.0,2250000.0,899,23.98,50.5,169.976,6250.0
Okra,Vegetable,1990,365000.0,2280000.0,926,23.92,55.0,170.109,6246.6
Okra,Vegetable,1991,370000.0,2327000.0,921,24.18,57.5,170.182,6289.2
Okra,Vegetable,1992,375000.0,2400000.0,820,24.01,60.0,170.006,6400.0
Okra,Vegetable,1993,376000.0,2405000.0,960,24.2,63.0,170.286,6396.3
Okra,Vegetable,1994,300000.0,3030000.0,1010,24.08,67.0,170.325,10100.0
Okra,Vegetable,1995,420000.0,3900000.0,870,24.21,72.0,169.911,9285.7
Okra,Vegetable,1996,380000.0,3800000.0,1034,24.3,76.0,169.525,10000.0
Okra,Vegetable,1997,370000.0,3700000.0,852,23.92,79.0,170.101,10000.0
Okra,Vegetable,1998,320000.0,3210000.0,1002,24.57,83.0,170.029,10031.3
Okra,Vegetable,1999,330000.0,3380000.0,823,24.46,87.0,170.125,10242.4
Okra,Vegetable,2000,350000.0,3420000.0,876,24.33,90.0,170.13,9771.4
Okra,Vegetable,2001,350000.0,3340000.0,894,24.46,94.0,169.825,9542.9
Okra,Vegetable,2002,350000.0,3320000.0,705,24.8,156.38,170.032,9485.7
Okra,Vegetable,2003,370000.0,3530000.0,980,24.66,164.84,169.799,9540.5
Okra,Vegetable,2004,353100.0,3631400.0,822,24.54,192.35,169.891,10284.3
Okra,Vegetable,2005,357300.0,3512400.0,919,24.56,208.53,169.674,9830.4
Okra,Vegetable,2006,391800.0,3974600.0,903,24.64,239.93,169.462,10144.5
Okra,Vegetable,2007,396000.0,4070000.0,1052,24.6,245.53,169.202,10277.8
Okra,Vegetable,2008,407000.0,4179000.0,981,24.26,267.03,169.395,10267.8
Okra,Vegetable,2009,432000.0,4528000.0,731,25.14,289.69,169.724,10481.5
Okra,Vegetable,2010,452000.0,4803000.0,1011,25.13,305.91,169.234,10626.1
Okra,Vegetable,2011,498000.0,5784000.0,1011,24.34,321.53,169.369,11614.5
Okra,Vegetable,2012,518000.0,6259000.0,919,24.48,317.58,169.346,12083.0
Okra,Vegetable,2013,530790.0,6350000.0,1002,24.42,306.69,169.442,11963.3
Okra,Vegetable,2014,532660.0,6346370.0,882,24.52,318.21,169.463,11914.5
Okra,Vegetable,2015,504000.0,5709000.0,772,24.69,329.28,169.413,11327.4
Okra,Vegetable,2016,511000.0,5849000.0,973,25.07,319.47,169.317,11446.2
Okra,Vegetable,2017,507000.0,6003000.0,952,24.96,325.62,168.895,11840.2
Okra,Vegetable,2018,509000.0,6095000.0,913,24.88,336.43,168.778,11974.5
Okra,Vegetable,2019,513000.0,6176000.0,1012,24.8,365.61,168.669,12039.0
Okra,Vegetable,2020,521000.0,6355000.0,1089,24.51,472.49,168.048,12197.7
Okra,Vegetable,2021,531000.0,6466000.0,870,24.73,455.66,168.14,12177.0
Okra,Vegetable,2022,550000.0,6873000.0,925,24.78,450.93,168.231,12496.4
Okra,Vegetable,2023,549000.0,7158000.0,820,24.9,455.08,168.323,13038.3
Okra,Vegetable,2024,557001.0,7305410.0,868,25.14,455.08,168.323,13115.6
"Onions and shallots, dry (excluding dehydrated)",Vegetable,1961,120000.0,1200000.0,1013,23.82,2.0,160.986,10000.0
"Onions and shallots, dry (excluding dehydrated)",Vegetable,1962,120000.0,1230000.0,899,23.53,2.4,162.4,10250.0
"Onions and shallots, dry (excluding dehydrated)",Vegetable,1963,120000.0,1260000.0,920,23.98,2.9,162.05,10500.0
"Onions and shallots, dry (excluding dehydrated)",Vegetable,1964,120000.0,1290000.0,884,23.97,3.5,162.118,10750.0
"Onions and shallots, dry (excluding dehydrated)",Vegetable,1965,125000.0,1320000.0,788,23.93,4.1,162.434,10560.0
"Onions and shallots, dry (excluding dehydrated)",Vegetable,1966,125000.0,1350000.0,939,24.32,4.8,162.72,10800.0
"Onions and shallots, dry (excluding dehydrated)",Vegetable,1967,150000.0,1629000.0,943,23.8,5.7,163.79,10860.0
"Onions and shallots, dry (excluding dehydrated)",Vegetable,1968,150000.0,1700000.0,858,23.81,6.8,164.569,11333.3
"Onions and shallots, dry (excluding dehydrated)",Vegetable,1969,160000.0,1750000.0,999,24.35,8.0,164.476,10937.5
"Onions and shallots, dry (excluding dehydrated)",Vegetable,1970,165000.0,1800000.0,916,24.05,9.5,165.06,10909.1
"Onions and shallots, dry (excluding dehydrated)",Vegetable,1971,177000.0,1900000.0,887,23.51,11.0,164.556,10734.5
"Onions and shallots, dry (excluding dehydrated)",Vegetable,1972,177000.0,1920000.0,761,24.0,12.8,164.986,10847.5
"Onions and shallots, dry (excluding dehydrated)",Vegetable,1973,182000.0,1980000.0,990,24.3,14.0,166.044,10879.1
"Onions and shallots, dry (excluding dehydrated)",Vegetable,1974,183400.0,2000000.0,878,24.01,13.5,166.501,10905.1
"Onions and shallots, dry (excluding dehydrated)",Vegetable,1975,194000.0,2100000.0,963,23.68,15.1,166.838,10824.7
"Onions and shallots, dry (excluding dehydrated)",Vegetable,1976,164100.0,1950000.0,836,23.95,16.8,167.057,11883.0
"Onions and shallots, dry (excluding dehydrated)",Vegetable,1977,187900.0,2230000.0,912,24.13,19.0,167.059,11868.0
"Onions and shallots, dry (excluding dehydrated)",Vegetable,1978,213800.0,2200000.0,956,23.82,21.5,168.239,10290.0
"Onions and shallots, dry (excluding dehydrated)",Vegetable,1979,244300.0,2499700.0,797,24.29,23.0,168.444,10232.1
"Onions and shallots, dry (excluding dehydrated)",Vegetable,1980,251400.0,2504300.0,921,24.39,25.0,168.154,9961.4
"Onions and shallots, dry (excluding dehydrated)",Vegetable,1981,250700.0,2647900.0,912,24.06,28.0,168.412,10562.0
"Onions and shallots, dry (excluding dehydrated)",Vegetable,1982,234900.0,2426600.0,834,23.98,30.5,168.746,10330.4
"Onions and shallots, dry (excluding dehydrated)",Vegetable,1983,270400.0,2699100.0,1009,23.86,33.0,168.532,9981.9
"Onions and shallots, dry (excluding dehydrated)",Vegetable,1984,278200.0,3098900.0,854,23.88,36.0,169.418,11139.1
"Onions and shallots, dry (excluding dehydrated)",Vegetable,1985,280600.0,2862700.0,897,24.2,39.5,169.34,10202.1
"Onions and shallots, dry (excluding dehydrated)",Vegetable,1986,262200.0,2532600.0,859,24.18,42.0,169.409,9659.0
"Onions and shallots, dry (excluding dehydrated)",Vegetable,1987,274000.0,2700700.0,757,24.56,43.5,169.705,9856.6
"Onions and shallots, dry (excluding dehydrated)",Vegetable,1988,315200.0,3347300.0,1035,24.5,47.0,169.368,10619.6
"Onions and shallots, dry (excluding dehydrated)",Vegetable,1989,301200.0,3065100.0,899,23.98,50.5,169.976,10176.3
"Onions and shallots, dry (excluding dehydrated)",Vegetable,1990,301900.0,3226200.0,926,23.92,55.0,170.109,10686.3
"Onions and shallots, dry (excluding dehydrated)",Vegetable,1991,323300.0,3584700.0,921,24.18,57.5,170.182,11087.8
"Onions and shallots, dry (excluding dehydrated)",Vegetable,1992,323500.0,3490000.0,820,24.01,60.0,170.006,10788.3
"Onions and shallots, dry (excluding dehydrated)",Vegetable,1993,367500.0,4010000.0,960,24.2,63.0,170.286,10911.6
"Onions and shallots, dry (excluding dehydrated)",Vegetable,1994,378600.0,4040000.0,1010,24.08,67.0,170.325,10670.9
"Onions and shallots, dry (excluding dehydrated)",Vegetable,1995,384600.0,4080000.0,870,24.21,72.0,169.911,10608.4
"Onions and shallots, dry (excluding dehydrated)",Vegetable,1996,404000.0,4180000.0,1034,24.3,76.0,169.525,10346.5
"Onions and shallots, dry (excluding dehydrated)",Vegetable,1997,355000.0,3200000.0,852,23.92,79.0,170.101,9014.1
"Onions and shallots, dry (excluding dehydrated)",Vegetable,1998,468100.0,5331900.0,1002,24.57,83.0,170.029,11390.5
"Onions and shallots, dry (excluding dehydrated)",Vegetable,1999,493300.0,4899500.0,823,24.46,87.0,170.125,9932.1
"Onions and shallots, dry (excluding dehydrated)",Vegetable,2000,450000.0,4721100.0,876,24.33,90.0,170.13,10491.3
"Onions and shallots, dry (excluding dehydrated)",Vegetable,2001,495800.0,5252100.0,894,24.46,94.0,169.825,10593.2
"Onions and shallots, dry (excluding dehydrated)",Vegetable,2002,424700.0,4209500.0,705,24.8,156.38,170.032,9911.7
"Onions and shallots, dry (excluding dehydrated)",Vegetable,2003,553800.0,6267600.0,980,24.66,164.84,169.799,11317.4
"Onions and shallots, dry (excluding dehydrated)",Vegetable,2004,613800.0,7760600.0,822,24.54,192.35,169.891,12643.5
"Onions and shallots, dry (excluding dehydrated)",Vegetable,2005,703600.0,9432500.0,919,24.56,208.53,169.674,13406.1
"Onions and shallots, dry (excluding dehydrated)",Vegetable,2006,768000.0,10847000.0,903,24.64,239.93,169.462,14123.7
"Onions and shallots, dry (excluding dehydrated)",Vegetable,2007,821000.0,13900000.0,1052,24.6,245.53,169.202,16930.6
"Onions and shallots, dry (excluding dehydrated)",Vegetable,2008,834000.0,13565000.0,981,24.26,267.03,169.395,16265.0
"Onions and shallots, dry (excluding dehydrated)",Vegetable,2009,756200.0,12158800.0,731,25.14,289.69,169.724,16078.8
"Onions and shallots, dry (excluding dehydrated)",Vegetable,2010,1064000.0,15118000.0,1011,25.13,305.91,169.234,14208.6
"Onions and shallots, dry (excluding dehydrated)",Vegetable,2011,1087230.0,17511090.0,1011,24.34,321.53,169.369,16106.2
"Onions and shallots, dry (excluding dehydrated)",Vegetable,2012,1052000.0,16813000.0,919,24.48,317.58,169.346,15981.9
"Onions and shallots, dry (excluding dehydrated)",Vegetable,2013,1217000.0,19299000.0,1002,24.42,306.69,169.442,15857.8
"Onions and shallots, dry (excluding dehydrated)",Vegetable,2014,1203570.0,19401680.0,882,24.52,318.21,169.463,16120.1
"Onions and shallots, dry (excluding dehydrated)",Vegetable,2015,1173000.0,18927000.0,772,24.69,329.28,169.413,16135.5
"Onions and shallots, dry (excluding dehydrated)",Vegetable,2016,1320000.0,20931000.0,973,25.07,319.47,169.317,15856.8
"Onions and shallots, dry (excluding dehydrated)",Vegetable,2017,1306000.0,22427000.0,952,24.96,325.62,168.895,17172.3
"Onions and shallots, dry (excluding dehydrated)",Vegetable,2018,1285000.0,23262000.0,913,24.88,336.43,168.778,18102.7
"Onions and shallots, dry (excluding dehydrated)",Vegetable,2019,1220000.0,22819000.0,1012,24.8,365.61,168.669,18704.1
"Onions and shallots, dry (excluding dehydrated)",Vegetable,2020,1431000.0,26091000.0,1089,24.51,472.49,168.048,18232.7
"Onions and shallots, dry (excluding dehydrated)",Vegetable,2021,1624000.0,26641000.0,870,24.73,455.66,168.14,16404.6
"Onions and shallots, dry (excluding dehydrated)",Vegetable,2022,1941000.0,31687000.0,925,24.78,450.93,168.231,16325.1
"Onions and shallots, dry (excluding dehydrated)",Vegetable,2023,1740000.0,30208000.0,820,24.9,455.08,168.323,17360.9
"Onions and shallots, dry (excluding dehydrated)",Vegetable,2024,1540642.0,24266712.0,868,25.14,455.08,168.323,15751.0
Oranges,Fruit,1961,54000.0,752000.0,1013,23.82,2.0,160.986,13925.9
Oranges,Fruit,1962,54000.0,670000.0,899,23.53,2.4,162.4,12407.4
Oranges,Fruit,1963,55000.0,670000.0,920,23.98,2.9,162.05,12181.8
Oranges,Fruit,1964,56000.0,691000.0,884,23.97,3.5,162.118,12339.3
Oranges,Fruit,1965,59000.0,780000.0,788,23.93,4.1,162.434,13220.3
Oranges,Fruit,1966,70000.0,900000.0,939,24.32,4.8,162.72,12857.1
Oranges,Fruit,1967,75000.0,1000000.0,943,23.8,5.7,163.79,13333.3
Oranges,Fruit,1968,95000.0,1213000.0,858,23.81,6.8,164.569,12768.4
Oranges,Fruit,1969,88000.0,1100000.0,999,24.35,8.0,164.476,12500.0
Oranges,Fruit,1970,93000.0,1200000.0,916,24.05,9.5,165.06,12903.2
Oranges,Fruit,1971,98000.0,1250000.0,887,23.51,11.0,164.556,12755.1
Oranges,Fruit,1972,100000.0,1300000.0,761,24.0,12.8,164.986,13000.0
Oranges,Fruit,1973,100000.0,1200000.0,990,24.3,14.0,166.044,12000.0
Oranges,Fruit,1974,102000.0,1300000.0,878,24.01,13.5,166.501,12745.1
Oranges,Fruit,1975,98000.0,1150000.0,963,23.68,15.1,166.838,11734.7
Oranges,Fruit,1976,102000.0,1400000.0,836,23.95,16.8,167.057,13725.5
Oranges,Fruit,1977,95000.0,1138000.0,912,24.13,19.0,167.059,11978.9
Oranges,Fruit,1978,92000.0,1070000.0,956,23.82,21.5,168.239,11630.4
Oranges,Fruit,1979,91000.0,1130000.0,797,24.29,23.0,168.444,12417.6
Oranges,Fruit,1980,95000.0,1171000.0,921,24.39,25.0,168.154,12326.3
Oranges,Fruit,1981,103000.0,1209000.0,912,24.06,28.0,168.412,11737.9
Oranges,Fruit,1982,107000.0,1258000.0,834,23.98,30.5,168.746,11757.0
Oranges,Fruit,1983,125000.0,1358000.0,1009,23.86,33.0,168.532,10864.0
Oranges,Fruit,1984,115000.0,1347000.0,854,23.88,36.0,169.418,11713.0
Oranges,Fruit,1985,115000.0,1350000.0,897,24.2,39.5,169.34,11739.1
Oranges,Fruit,1986,105000.0,1346000.0,859,24.18,42.0,169.409,12819.0
Oranges,Fruit,1987,112000.0,1500000.0,757,24.56,43.5,169.705,13392.9
Oranges,Fruit,1988,120000.0,1400000.0,1035,24.5,47.0,169.368,11666.7
Oranges,Fruit,1989,131000.0,1920000.0,899,23.98,50.5,169.976,14656.5
Oranges,Fruit,1990,138000.0,2010000.0,926,23.92,55.0,170.109,14565.2
Oranges,Fruit,1991,130000.0,1890000.0,921,24.18,57.5,170.182,14538.5
Oranges,Fruit,1992,112000.0,1330000.0,820,24.01,60.0,170.006,11875.0
Oranges,Fruit,1993,127000.0,1895000.0,960,24.2,63.0,170.286,14921.3
Oranges,Fruit,1994,71500.0,825400.0,1010,24.08,67.0,170.325,11544.1
Oranges,Fruit,1995,77700.0,886700.0,870,24.21,72.0,169.911,11411.8
Oranges,Fruit,1996,83000.0,879600.0,1034,24.3,76.0,169.525,10597.6
Oranges,Fruit,1997,65600.0,843900.0,852,23.92,79.0,170.101,12864.3
Oranges,Fruit,1998,67400.0,881800.0,1002,24.57,83.0,170.029,13083.1
Oranges,Fruit,1999,62200.0,772800.0,823,24.46,87.0,170.125,12424.4
Oranges,Fruit,2000,75200.0,1017000.0,876,24.33,90.0,170.13,13523.9
Oranges,Fruit,2001,80600.0,1160400.0,894,24.46,94.0,169.825,14397.0
Oranges,Fruit,2002,126400.0,1210400.0,705,24.8,156.38,170.032,9575.9
Oranges,Fruit,2003,146100.0,785300.0,980,24.66,164.84,169.799,5375.1
Oranges,Fruit,2004,194500.0,2019100.0,822,24.54,192.35,169.891,10381.0
Oranges,Fruit,2005,194400.0,2078700.0,919,24.56,208.53,169.674,10692.9
Oranges,Fruit,2006,230300.0,2138600.0,903,24.64,239.93,169.462,9286.1
Oranges,Fruit,2007,268800.0,2909400.0,1052,24.6,245.53,169.202,10823.7
Oranges,Fruit,2008,300200.0,3398600.0,981,24.26,267.03,169.395,11321.1
Oranges,Fruit,2009,317830.0,3567350.0,731,25.14,289.69,169.724,11224.1
Oranges,Fruit,2010,346300.0,3882400.0,1011,25.13,305.91,169.234,11211.1
Oranges,Fruit,2011,157000.0,1316000.0,1011,24.34,321.53,169.369,8382.2
Oranges,Fruit,2012,162000.0,1232000.0,919,24.48,317.58,169.346,7604.9
Oranges,Fruit,2013,323000.0,3520000.0,1002,24.42,306.69,169.442,10897.8
Oranges,Fruit,2014,335000.0,3886000.0,882,24.52,318.21,169.463,11600.0
Oranges,Fruit,2015,275000.0,4229000.0,772,24.69,329.28,169.413,15378.2
Oranges,Fruit,2016,243762.0,3468137.0,973,25.07,319.47,169.317,14227.6
Oranges,Fruit,2017,191232.0,3209401.0,952,24.96,325.62,168.895,16782.8
Oranges,Fruit,2018,184617.0,3265833.72,913,24.88,336.43,168.778,17689.8
Oranges,Fruit,2019,187076.0,3266171.0,1012,24.8,365.61,168.669,17459.1
Oranges,Fruit,2020,217429.0,4040126.25,1089,24.51,472.49,168.048,18581.4
Oranges,Fruit,2021,216528.0,3987913.0,870,24.73,455.66,168.14,18417.5
Oranges,Fruit,2022,228000.0,3895000.0,925,24.78,450.93,168.231,17083.3
Oranges,Fruit,2023,231000.0,3927000.0,820,24.9,455.08,168.323,17000.0
Oranges,Fruit,2024,240170.0,3851837.0,868,25.14,455.08,168.323,16038.0
"Other beans, green",Pulse,1961,80000.0,185000.0,1013,23.82,2.0,160.986,2312.5
"Other beans, green",Pulse,1962,81000.0,186000.0,899,23.53,2.4,162.4,2296.3
"Other beans, green",Pulse,1963,83000.0,190000.0,920,23.98,2.9,162.05,2289.2
"Other beans, green",Pulse,1964,85000.0,200000.0,884,23.97,3.5,162.118,2352.9
"Other beans, green",Pulse,1965,88000.0,210000.0,788,23.93,4.1,162.434,2386.4
"Other beans, green",Pulse,1966,87000.0,205000.0,939,24.32,4.8,162.72,2356.3
"Other beans, green",Pulse,1967,90000.0,210000.0,943,23.8,5.7,163.79,2333.3
"Other beans, green",Pulse,1968,94000.0,220000.0,858,23.81,6.8,164.569,2340.4
"Other beans, green",Pulse,1969,96000.0,230000.0,999,24.35,8.0,164.476,2395.8
"Other beans, green",Pulse,1970,100000.0,240000.0,916,24.05,9.5,165.06,2400.0
"Other beans, green",Pulse,1971,105000.0,250000.0,887,23.51,11.0,164.556,2381.0
"Other beans, green",Pulse,1972,106000.0,260000.0,761,24.0,12.8,164.986,2452.8
"Other beans, green",Pulse,1973,107000.0,270000.0,990,24.3,14.0,166.044,2523.4
"Other beans, green",Pulse,1974,110000.0,277000.0,878,24.01,13.5,166.501,2518.2
"Other beans, green",Pulse,1975,112000.0,280000.0,963,23.68,15.1,166.838,2500.0
"Other beans, green",Pulse,1976,114000.0,283000.0,836,23.95,16.8,167.057,2482.5
"Other beans, green",Pulse,1977,115000.0,285000.0,912,24.13,19.0,167.059,2478.3
"Other beans, green",Pulse,1978,118000.0,295000.0,956,23.82,21.5,168.239,2500.0
"Other beans, green",Pulse,1979,121000.0,305000.0,797,24.29,23.0,168.444,2520.7
"Other beans, green",Pulse,1980,125000.0,320000.0,921,24.39,25.0,168.154,2560.0
"Other beans, green",Pulse,1981,125000.0,330000.0,912,24.06,28.0,168.412,2640.0
"Other beans, green",Pulse,1982,130000.0,350000.0,834,23.98,30.5,168.746,2692.3
"Other beans, green",Pulse,1983,132000.0,355000.0,1009,23.86,33.0,168.532,2689.4
"Other beans, green",Pulse,1984,133000.0,360000.0,854,23.88,36.0,169.418,2706.8
"Other beans, green",Pulse,1985,134000.0,365000.0,897,24.2,39.5,169.34,2723.9
"Other beans, green",Pulse,1986,135000.0,370000.0,859,24.18,42.0,169.409,2740.7
"Other beans, green",Pulse,1987,136000.0,375000.0,757,24.56,43.5,169.705,2757.4
"Other beans, green",Pulse,1988,138000.0,385000.0,1035,24.5,47.0,169.368,2789.9
"Other beans, green",Pulse,1989,142000.0,390000.0,899,23.98,50.5,169.976,2746.5
"Other beans, green",Pulse,1990,134666.0,398084.0,926,23.92,55.0,170.109,2956.1
"Other beans, green",Pulse,1991,143000.0,374000.0,921,24.18,57.5,170.182,2615.4
"Other beans, green",Pulse,1992,133171.0,438943.8,820,24.01,60.0,170.006,3296.1
"Other beans, green",Pulse,1993,129328.0,479398.78,960,24.2,63.0,170.286,3706.9
"Other beans, green",Pulse,1994,126351.0,506093.95,1010,24.08,67.0,170.325,4005.5
"Other beans, green",Pulse,1995,124248.0,525954.14,870,24.21,72.0,169.911,4233.1
"Other beans, green",Pulse,1996,122563.0,543348.75,1034,24.3,76.0,169.525,4433.2
"Other beans, green",Pulse,1997,121084.0,560006.45,852,23.92,79.0,170.101,4625.0
"Other beans, green",Pulse,1998,119736.0,576521.07,1002,24.57,83.0,170.029,4814.9
"Other beans, green",Pulse,1999,118491.0,593090.14,823,24.46,87.0,170.125,5005.4
"Other beans, green",Pulse,2000,117334.0,609781.45,876,24.33,90.0,170.13,5197.0
"Other beans, green",Pulse,2001,116256.0,626621.26,894,24.46,94.0,169.825,5390.0
"Other beans, green",Pulse,2002,114919.0,643622.8,705,24.8,156.38,170.032,5600.7
"Other beans, green",Pulse,2003,113675.0,660795.31,980,24.66,164.84,169.799,5813.0
"Other beans, green",Pulse,2004,112515.0,678147.04,822,24.54,192.35,169.891,6027.2
"Other beans, green",Pulse,2005,111430.0,695686.11,919,24.56,208.53,169.674,6243.2
"Other beans, green",Pulse,2006,110415.0,713420.88,903,24.64,239.93,169.462,6461.3
"Other beans, green",Pulse,2007,109462.0,731360.0,1052,24.6,245.53,169.202,6681.4
"Other beans, green",Pulse,2008,108567.0,749512.51,981,24.26,267.03,169.395,6903.7
"Other beans, green",Pulse,2009,107724.0,767887.86,731,25.14,289.69,169.724,7128.3
"Other beans, green",Pulse,2010,106928.0,786495.87,1011,25.13,305.91,169.234,7355.4
"Other beans, green",Pulse,2011,100000.0,888000.0,1011,24.34,321.53,169.369,8880.0
"Other beans, green",Pulse,2012,118000.0,1151000.0,919,24.48,317.58,169.346,9754.2
"Other beans, green",Pulse,2013,124000.0,1269000.0,1002,24.42,306.69,169.442,10233.9
"Other beans, green",Pulse,2014,138000.0,1370000.0,882,24.52,318.21,169.463,9927.5
"Other beans, green",Pulse,2015,218000.0,2204000.0,772,24.69,329.28,169.413,10110.1
"Other beans, green",Pulse,2016,232155.0,2334318.16,973,25.07,319.47,169.317,10055.0
"Other beans, green",Pulse,2017,198008.0,2011899.55,952,24.96,325.62,168.895,10160.7
"Other beans, green",Pulse,2018,227784.0,2276946.44,913,24.88,336.43,168.778,9996.1
"Other beans, green",Pulse,2019,236367.0,2355606.4,1012,24.8,365.61,168.669,9965.9
"Other beans, green",Pulse,2020,239288.0,2269063.61,1089,24.51,472.49,168.048,9482.6
"Other beans, green",Pulse,2021,260950.0,2594676.22,870,24.73,455.66,168.14,9943.2
"Other beans, green",Pulse,2022,299717.0,2725855.0,925,24.78,450.93,168.231,9094.8
"Other beans, green",Pulse,2023,308819.0,2831175.0,820,24.9,455.08,168.323,9167.7
"Other beans, green",Pulse,2024,310811.0,2897509.0,868,25.14,455.08,168.323,9322.4
Other berries and fruits of the genus vaccinium n.e.c.,Fruit,1985,275.0,1000.0,897,24.2,39.5,169.34,3636.4
Other berries and fruits of the genus vaccinium n.e.c.,Fruit,1986,275.0,1000.0,859,24.18,42.0,169.409,3636.4
Other berries and fruits of the genus vaccinium n.e.c.,Fruit,1987,275.0,1000.0,757,24.56,43.5,169.705,3636.4
Other berries and fruits of the genus vaccinium n.e.c.,Fruit,1988,275.0,1000.0,1035,24.5,47.0,169.368,3636.4
Other berries and fruits of the genus vaccinium n.e.c.,Fruit,1989,275.0,1000.0,899,23.98,50.5,169.976,3636.4
Other berries and fruits of the genus vaccinium n.e.c.,Fruit,1990,280.0,1065.0,926,23.92,55.0,170.109,3803.6
Other berries and fruits of the genus vaccinium n.e.c.,Fruit,1991,213.0,820.68,921,24.18,57.5,170.182,3850.3
Other berries and fruits of the genus vaccinium n.e.c.,Fruit,1992,217.0,878.94,820,24.01,60.0,170.006,4050.1
Other berries and fruits of the genus vaccinium n.e.c.,Fruit,1993,221.0,937.21,960,24.2,63.0,170.286,4243.0
Other berries and fruits of the genus vaccinium n.e.c.,Fruit,1994,225.0,1002.05,1010,24.08,67.0,170.325,4458.5
Other berries and fruits of the genus vaccinium n.e.c.,Fruit,1995,229.0,1050.96,870,24.21,72.0,169.911,4597.1
Other berries and fruits of the genus vaccinium n.e.c.,Fruit,1996,232.0,1100.0,1034,24.3,76.0,169.525,4731.5
Other berries and fruits of the genus vaccinium n.e.c.,Fruit,1997,236.0,1200.0,852,23.92,79.0,170.101,5077.2
Other berries and fruits of the genus vaccinium n.e.c.,Fruit,1998,240.0,1200.0,1002,24.57,83.0,170.029,4995.5
Other berries and fruits of the genus vaccinium n.e.c.,Fruit,1999,244.0,1300.0,823,24.46,87.0,170.125,5326.1
Other berries and fruits of the genus vaccinium n.e.c.,Fruit,2000,248.0,1370.0,876,24.33,90.0,170.13,5525.3
Other berries and fruits of the genus vaccinium n.e.c.,Fruit,2001,252.0,1400.0,894,24.46,94.0,169.825,5559.6
Other berries and fruits of the genus vaccinium n.e.c.,Fruit,2002,256.0,1469.82,705,24.8,156.38,170.032,5748.6
Other berries and fruits of the genus vaccinium n.e.c.,Fruit,2003,260.0,1539.0,980,24.66,164.84,169.799,5929.5
Other berries and fruits of the genus vaccinium n.e.c.,Fruit,2004,263.0,1582.95,822,24.54,192.35,169.891,6009.3
Other berries and fruits of the genus vaccinium n.e.c.,Fruit,2005,267.0,1640.69,919,24.56,208.53,169.674,6138.4
Other berries and fruits of the genus vaccinium n.e.c.,Fruit,2006,271.0,1698.43,903,24.64,239.93,169.462,6257.9
Other berries and fruits of the genus vaccinium n.e.c.,Fruit,2007,253.0,1756.17,1052,24.6,245.53,169.202,6943.1
Other berries and fruits of the genus vaccinium n.e.c.,Fruit,2008,280.0,1813.91,981,24.26,267.03,169.395,6478.2
Other berries and fruits of the genus vaccinium n.e.c.,Fruit,2009,285.0,1871.65,731,25.14,289.69,169.724,6573.4
Other berries and fruits of the genus vaccinium n.e.c.,Fruit,2010,289.0,1929.39,1011,25.13,305.91,169.234,6686.6
Other berries and fruits of the genus vaccinium n.e.c.,Fruit,2011,292.0,1987.13,1011,24.34,321.53,169.369,6800.0
Other berries and fruits of the genus vaccinium n.e.c.,Fruit,2012,300.0,2044.87,919,24.48,317.58,169.346,6816.2
Other berries and fruits of the genus vaccinium n.e.c.,Fruit,2013,300.0,2102.61,1002,24.42,306.69,169.442,7008.7
Other berries and fruits of the genus vaccinium n.e.c.,Fruit,2014,300.0,2129.44,882,24.52,318.21,169.463,7098.1
Other berries and fruits of the genus vaccinium n.e.c.,Fruit,2015,306.0,2200.15,772,24.69,329.28,169.413,7192.4
Other berries and fruits of the genus vaccinium n.e.c.,Fruit,2016,312.0,2144.06,973,25.07,319.47,169.317,6863.6
Other berries and fruits of the genus vaccinium n.e.c.,Fruit,2017,316.0,2232.59,952,24.96,325.62,168.895,7057.0
Other berries and fruits of the genus vaccinium n.e.c.,Fruit,2018,320.0,2295.31,913,24.88,336.43,168.778,7175.4
Other berries and fruits of the genus vaccinium n.e.c.,Fruit,2019,325.0,2223.99,1012,24.8,365.61,168.669,6844.4
Other berries and fruits of the genus vaccinium n.e.c.,Fruit,2020,327.0,2288.69,1089,24.51,472.49,168.048,6995.4
Other berries and fruits of the genus vaccinium n.e.c.,Fruit,2021,324.0,2269.33,870,24.73,455.66,168.14,7004.1
Other berries and fruits of the genus vaccinium n.e.c.,Fruit,2022,325.0,2260.67,925,24.78,450.93,168.231,6948.0
Other berries and fruits of the genus vaccinium n.e.c.,Fruit,2023,326.0,2272.89,820,24.9,455.08,168.323,6982.5
Other berries and fruits of the genus vaccinium n.e.c.,Fruit,2024,325.0,2267.63,868,25.14,455.08,168.323,6978.2
"Other citrus fruit, n.e.c.",Fruit,1961,2000.0,25000.0,1013,23.82,2.0,160.986,12500.0
"Other citrus fruit, n.e.c.",Fruit,1962,2500.0,25000.0,899,23.53,2.4,162.4,10000.0
"Other citrus fruit, n.e.c.",Fruit,1963,2500.0,25000.0,920,23.98,2.9,162.05,10000.0
"Other citrus fruit, n.e.c.",Fruit,1964,2500.0,26000.0,884,23.97,3.5,162.118,10400.0
"Other citrus fruit, n.e.c.",Fruit,1965,2500.0,26000.0,788,23.93,4.1,162.434,10400.0
"Other citrus fruit, n.e.c.",Fruit,1966,2500.0,26000.0,939,24.32,4.8,162.72,10400.0
"Other citrus fruit, n.e.c.",Fruit,1967,2500.0,27000.0,943,23.8,5.7,163.79,10800.0
"Other citrus fruit, n.e.c.",Fruit,1968,5000.0,53000.0,858,23.81,6.8,164.569,10600.0
"Other citrus fruit, n.e.c.",Fruit,1969,5000.0,45000.0,999,24.35,8.0,164.476,9000.0
"Other citrus fruit, n.e.c.",Fruit,1970,5000.0,50000.0,916,24.05,9.5,165.06,10000.0
"Other citrus fruit, n.e.c.",Fruit,1971,5000.0,50000.0,887,23.51,11.0,164.556,10000.0
"Other citrus fruit, n.e.c.",Fruit,1972,4500.0,45000.0,761,24.0,12.8,164.986,10000.0
"Other citrus fruit, n.e.c.",Fruit,1973,3500.0,30000.0,990,24.3,14.0,166.044,8571.4
"Other citrus fruit, n.e.c.",Fruit,1974,3500.0,35000.0,878,24.01,13.5,166.501,10000.0
"Other citrus fruit, n.e.c.",Fruit,1975,3000.0,30000.0,963,23.68,15.1,166.838,10000.0
"Other citrus fruit, n.e.c.",Fruit,1976,3000.0,28000.0,836,23.95,16.8,167.057,9333.3
"Other citrus fruit, n.e.c.",Fruit,1977,3000.0,25000.0,912,24.13,19.0,167.059,8333.3
"Other citrus fruit, n.e.c.",Fruit,1978,3000.0,22000.0,956,23.82,21.5,168.239,7333.3
"Other citrus fruit, n.e.c.",Fruit,1979,3000.0,28000.0,797,24.29,23.0,168.444,9333.3
"Other citrus fruit, n.e.c.",Fruit,1980,3000.0,30000.0,921,24.39,25.0,168.154,10000.0
"Other citrus fruit, n.e.c.",Fruit,1981,3000.0,30000.0,912,24.06,28.0,168.412,10000.0
"Other citrus fruit, n.e.c.",Fruit,1982,3000.0,30000.0,834,23.98,30.5,168.746,10000.0
"Other citrus fruit, n.e.c.",Fruit,1983,3200.0,30000.0,1009,23.86,33.0,168.532,9375.0
"Other citrus fruit, n.e.c.",Fruit,1984,3000.0,30000.0,854,23.88,36.0,169.418,10000.0
"Other citrus fruit, n.e.c.",Fruit,1985,5000.0,50000.0,897,24.2,39.5,169.34,10000.0
"Other citrus fruit, n.e.c.",Fruit,1986,7000.0,80000.0,859,24.18,42.0,169.409,11428.6
"Other citrus fruit, n.e.c.",Fruit,1987,7500.0,85000.0,757,24.56,43.5,169.705,11333.3
"Other citrus fruit, n.e.c.",Fruit,1988,9500.0,100000.0,1035,24.5,47.0,169.368,10526.3
"Other citrus fruit, n.e.c.",Fruit,1989,6000.0,75000.0,899,23.98,50.5,169.976,12500.0
"Other citrus fruit, n.e.c.",Fruit,1990,6700.0,85000.0,926,23.92,55.0,170.109,12686.6
"Other citrus fruit, n.e.c.",Fruit,1991,6800.0,83031.3,921,24.18,57.5,170.182,12210.5
"Other citrus fruit, n.e.c.",Fruit,1992,8000.0,80000.0,820,24.01,60.0,170.006,10000.0
"Other citrus fruit, n.e.c.",Fruit,1993,7100.0,90000.0,960,24.2,63.0,170.286,12676.1
"Other citrus fruit, n.e.c.",Fruit,1994,7500.0,95000.0,1010,24.08,67.0,170.325,12666.7
"Other citrus fruit, n.e.c.",Fruit,1995,7938.0,104000.0,870,24.21,72.0,169.911,13102.0
"Other citrus fruit, n.e.c.",Fruit,1996,8286.0,112000.0,1034,24.3,76.0,169.525,13516.0
"Other citrus fruit, n.e.c.",Fruit,1997,8290.0,115000.0,852,23.92,79.0,170.101,13872.5
"Other citrus fruit, n.e.c.",Fruit,1998,8444.0,120000.0,1002,24.57,83.0,170.029,14210.5
"Other citrus fruit, n.e.c.",Fruit,1999,7500.0,134000.0,823,24.46,87.0,170.125,17866.7
"Other citrus fruit, n.e.c.",Fruit,2000,8000.0,120000.0,876,24.33,90.0,170.13,15000.0
"Other citrus fruit, n.e.c.",Fruit,2001,6647.0,90000.0,894,24.46,94.0,169.825,13538.9
"Other citrus fruit, n.e.c.",Fruit,2002,7565.0,100000.0,705,24.8,156.38,170.032,13219.4
"Other citrus fruit, n.e.c.",Fruit,2003,9600.0,120000.0,980,24.66,164.84,169.799,12500.0
"Other citrus fruit, n.e.c.",Fruit,2004,9600.0,120000.0,822,24.54,192.35,169.891,12500.0
"Other citrus fruit, n.e.c.",Fruit,2005,10000.0,125000.0,919,24.56,208.53,169.674,12500.0
"Other citrus fruit, n.e.c.",Fruit,2006,31000.0,384600.0,903,24.64,239.93,169.462,12406.5
"Other citrus fruit, n.e.c.",Fruit,2007,31000.0,389900.0,1052,24.6,245.53,169.202,12577.4
"Other citrus fruit, n.e.c.",Fruit,2008,36200.0,453000.0,981,24.26,267.03,169.395,12513.8
"Other citrus fruit, n.e.c.",Fruit,2009,50700.0,634200.0,731,25.14,289.69,169.724,12508.9
"Other citrus fruit, n.e.c.",Fruit,2010,63000.0,781800.0,1011,25.13,305.91,169.234,12409.5
"Other citrus fruit, n.e.c.",Fruit,2011,47000.0,589000.0,1011,24.34,321.53,169.369,12531.9
"Other citrus fruit, n.e.c.",Fruit,2012,77000.0,967000.0,919,24.48,317.58,169.346,12558.4
"Other citrus fruit, n.e.c.",Fruit,2013,68000.0,855000.0,1002,24.42,306.69,169.442,12573.5
"Other citrus fruit, n.e.c.",Fruit,2014,57000.0,745500.0,882,24.52,318.21,169.463,13078.9
"Other citrus fruit, n.e.c.",Fruit,2015,60000.0,781500.0,772,24.69,329.28,169.413,13025.0
"Other citrus fruit, n.e.c.",Fruit,2016,98948.0,1171500.0,973,25.07,319.47,169.317,11839.5
"Other citrus fruit, n.e.c.",Fruit,2017,136000.0,1408000.0,952,24.96,325.62,168.895,10352.9
"Other citrus fruit, n.e.c.",Fruit,2018,103000.0,1030000.0,913,24.88,336.43,168.778,10000.0
"Other citrus fruit, n.e.c.",Fruit,2019,112000.0,1022000.0,1012,24.8,365.61,168.669,9125.0
"Other citrus fruit, n.e.c.",Fruit,2020,67000.0,408000.0,1089,24.51,472.49,168.048,6089.6
"Other citrus fruit, n.e.c.",Fruit,2021,77000.0,489000.0,870,24.73,455.66,168.14,6350.6
"Other citrus fruit, n.e.c.",Fruit,2022,103000.0,782000.0,925,24.78,450.93,168.231,7592.2
"Other citrus fruit, n.e.c.",Fruit,2023,97000.0,713000.0,820,24.9,455.08,168.323,7350.5
"Other citrus fruit, n.e.c.",Fruit,2024,92579.0,789051.0,868,25.14,455.08,168.323,8523.0
"Other fruits, n.e.c.",Fruit,1961,130000.0,780000.0,1013,23.82,2.0,160.986,6000.0
"Other fruits, n.e.c.",Fruit,1962,135000.0,860000.0,899,23.53,2.4,162.4,6370.4
"Other fruits, n.e.c.",Fruit,1963,145000.0,860000.0,920,23.98,2.9,162.05,5931.0
"Other fruits, n.e.c.",Fruit,1964,150000.0,965000.0,884,23.97,3.5,162.118,6433.3
"Other fruits, n.e.c.",Fruit,1965,155000.0,930000.0,788,23.93,4.1,162.434,6000.0
"Other fruits, n.e.c.",Fruit,1966,165000.0,1090000.0,939,24.32,4.8,162.72,6606.1
"Other fruits, n.e.c.",Fruit,1967,170000.0,1150000.0,943,23.8,5.7,163.79,6764.7
"Other fruits, n.e.c.",Fruit,1968,180000.0,1200000.0,858,23.81,6.8,164.569,6666.7
"Other fruits, n.e.c.",Fruit,1969,180000.0,1265000.0,999,24.35,8.0,164.476,7027.8
"Other fruits, n.e.c.",Fruit,1970,180000.0,1200000.0,916,24.05,9.5,165.06,6666.7
"Other fruits, n.e.c.",Fruit,1971,200000.0,1320000.0,887,23.51,11.0,164.556,6600.0
"Other fruits, n.e.c.",Fruit,1972,200000.0,1200000.0,761,24.0,12.8,164.986,6000.0
"Other fruits, n.e.c.",Fruit,1973,200000.0,1380000.0,990,24.3,14.0,166.044,6900.0
"Other fruits, n.e.c.",Fruit,1974,205000.0,1410000.0,878,24.01,13.5,166.501,6878.0
"Other fruits, n.e.c.",Fruit,1975,205000.0,1440000.0,963,23.68,15.1,166.838,7024.4
"Other fruits, n.e.c.",Fruit,1976,200000.0,1390000.0,836,23.95,16.8,167.057,6950.0
"Other fruits, n.e.c.",Fruit,1977,210000.0,1490000.0,912,24.13,19.0,167.059,7095.2
"Other fruits, n.e.c.",Fruit,1978,215000.0,1520000.0,956,23.82,21.5,168.239,7069.8
"Other fruits, n.e.c.",Fruit,1979,215000.0,1560000.0,797,24.29,23.0,168.444,7255.8
"Other fruits, n.e.c.",Fruit,1980,225000.0,1625000.0,921,24.39,25.0,168.154,7222.2
"Other fruits, n.e.c.",Fruit,1981,240000.0,1705000.0,912,24.06,28.0,168.412,7104.2
"Other fruits, n.e.c.",Fruit,1982,240000.0,1780000.0,834,23.98,30.5,168.746,7416.7
"Other fruits, n.e.c.",Fruit,1983,240000.0,1830000.0,1009,23.86,33.0,168.532,7625.0
"Other fruits, n.e.c.",Fruit,1984,360000.0,2775000.0,854,23.88,36.0,169.418,7708.3
"Other fruits, n.e.c.",Fruit,1985,360000.0,2610000.0,897,24.2,39.5,169.34,7250.0
"Other fruits, n.e.c.",Fruit,1986,435000.0,3370000.0,859,24.18,42.0,169.409,7747.1
"Other fruits, n.e.c.",Fruit,1987,410000.0,3120000.0,757,24.56,43.5,169.705,7609.8
"Other fruits, n.e.c.",Fruit,1988,330000.0,2410000.0,1035,24.5,47.0,169.368,7303.0
"Other fruits, n.e.c.",Fruit,1989,360000.0,2700000.0,899,23.98,50.5,169.976,7500.0
"Other fruits, n.e.c.",Fruit,1990,366539.0,2875590.0,926,23.92,55.0,170.109,7845.2
"Other fruits, n.e.c.",Fruit,1991,410000.0,3105000.0,921,24.18,57.5,170.182,7573.2
"Other fruits, n.e.c.",Fruit,1992,466800.0,3672200.0,820,24.01,60.0,170.006,7866.8
"Other fruits, n.e.c.",Fruit,1993,694700.0,4030400.0,960,24.2,63.0,170.286,5801.6
"Other fruits, n.e.c.",Fruit,1994,520000.0,4107600.0,1010,24.08,67.0,170.325,7899.2
"Other fruits, n.e.c.",Fruit,1995,476000.0,4422100.0,870,24.21,72.0,169.911,9290.1
"Other fruits, n.e.c.",Fruit,1996,512300.0,7978100.0,1034,24.3,76.0,169.525,15573.1
"Other fruits, n.e.c.",Fruit,1997,650700.0,6093800.0,852,23.92,79.0,170.101,9365.0
"Other fruits, n.e.c.",Fruit,1998,700900.0,8272300.0,1002,24.57,83.0,170.029,11802.4
"Other fruits, n.e.c.",Fruit,1999,613900.0,5941900.0,823,24.46,87.0,170.125,9678.9
"Other fruits, n.e.c.",Fruit,2000,568000.0,6319600.0,876,24.33,90.0,170.13,11126.1
"Other fruits, n.e.c.",Fruit,2001,619300.0,6518900.0,894,24.46,94.0,169.825,10526.2
"Other fruits, n.e.c.",Fruit,2002,597200.0,2488800.0,705,24.8,156.38,170.032,4167.4
"Other fruits, n.e.c.",Fruit,2003,157500.0,5633800.0,980,24.66,164.84,169.799,35770.2
"Other fruits, n.e.c.",Fruit,2004,769900.0,5315600.0,822,24.54,192.35,169.891,6904.3
"Other fruits, n.e.c.",Fruit,2005,867600.0,5280900.0,919,24.56,208.53,169.674,6086.8
"Other fruits, n.e.c.",Fruit,2006,1046000.0,6487000.0,903,24.64,239.93,169.462,6201.7
"Other fruits, n.e.c.",Fruit,2007,1085000.0,6820000.0,1052,24.6,245.53,169.202,6285.7
"Other fruits, n.e.c.",Fruit,2008,1128000.0,9452000.0,981,24.26,267.03,169.395,8379.4
"Other fruits, n.e.c.",Fruit,2009,1188700.0,5780300.0,731,25.14,289.69,169.724,4862.7
"Other fruits, n.e.c.",Fruit,2010,1244400.0,7860700.0,1011,25.13,305.91,169.234,6316.9
"Other fruits, n.e.c.",Fruit,2011,1054000.0,5524000.0,1011,24.34,321.53,169.369,5241.0
"Other fruits, n.e.c.",Fruit,2012,1117000.0,5727000.0,919,24.48,317.58,169.346,5127.1
"Other fruits, n.e.c.",Fruit,2013,1159000.0,6687000.0,1002,24.42,306.69,169.442,5769.6
"Other fruits, n.e.c.",Fruit,2014,1272000.0,7896000.0,882,24.52,318.21,169.463,6207.5
"Other fruits, n.e.c.",Fruit,2015,835000.0,8748000.0,772,24.69,329.28,169.413,10476.6
"Other fruits, n.e.c.",Fruit,2016,806464.0,8197527.81,973,25.07,319.47,169.317,10164.8
"Other fruits, n.e.c.",Fruit,2017,820848.0,8775120.48,952,24.96,325.62,168.895,10690.3
"Other fruits, n.e.c.",Fruit,2018,861010.0,8722078.18,913,24.88,336.43,168.778,10130.1
"Other fruits, n.e.c.",Fruit,2019,881310.0,8983499.66,1012,24.8,365.61,168.669,10193.3
"Other fruits, n.e.c.",Fruit,2020,942934.0,9756278.25,1089,24.51,472.49,168.048,10346.7
"Other fruits, n.e.c.",Fruit,2021,982463.0,10159074.01,870,24.73,455.66,168.14,10340.4
"Other fruits, n.e.c.",Fruit,2022,988196.0,11413041.77,925,24.78,450.93,168.231,11549.4
"Other fruits, n.e.c.",Fruit,2023,956611.0,11520515.89,820,24.9,455.08,168.323,12043.1
"Other fruits, n.e.c.",Fruit,2024,1010650.0,11943809.98,868,25.14,455.08,168.323,11817.9
"Other oil seeds, n.e.c.",Oilseed,1961,477000.0,100000.0,1013,23.82,2.0,160.986,209.6
"Other oil seeds, n.e.c.",Oilseed,1962,480000.0,101000.0,899,23.53,2.4,162.4,210.4
"Other oil seeds, n.e.c.",Oilseed,1963,483000.0,80000.0,920,23.98,2.9,162.05,165.6
"Other oil seeds, n.e.c.",Oilseed,1964,490000.0,97000.0,884,23.97,3.5,162.118,198.0
"Other oil seeds, n.e.c.",Oilseed,1965,522000.0,91000.0,788,23.93,4.1,162.434,174.3
"Other oil seeds, n.e.c.",Oilseed,1966,473000.0,79000.0,939,24.32,4.8,162.72,167.0
"Other oil seeds, n.e.c.",Oilseed,1967,468000.0,98000.0,943,23.8,5.7,163.79,209.4
"Other oil seeds, n.e.c.",Oilseed,1968,441000.0,89000.0,858,23.81,6.8,164.569,201.8
"Other oil seeds, n.e.c.",Oilseed,1969,482000.0,98000.0,999,24.35,8.0,164.476,203.3
"Other oil seeds, n.e.c.",Oilseed,1970,489000.0,128000.0,916,24.05,9.5,165.06,261.8
"Other oil seeds, n.e.c.",Oilseed,1971,493600.0,115800.0,887,23.51,11.0,164.556,234.6
"Other oil seeds, n.e.c.",Oilseed,1972,466800.0,92500.0,761,24.0,12.8,164.986,198.2
"Other oil seeds, n.e.c.",Oilseed,1973,552300.0,136000.0,990,24.3,14.0,166.044,246.2
"Other oil seeds, n.e.c.",Oilseed,1974,621000.0,132000.0,878,24.01,13.5,166.501,212.6
"Other oil seeds, n.e.c.",Oilseed,1975,615200.0,150500.0,963,23.68,15.1,166.838,244.6
"Other oil seeds, n.e.c.",Oilseed,1976,568100.0,113300.0,836,23.95,16.8,167.057,199.4
"Other oil seeds, n.e.c.",Oilseed,1977,609100.0,148180.0,912,24.13,19.0,167.059,243.3
"Other oil seeds, n.e.c.",Oilseed,1978,612100.0,146500.0,956,23.82,21.5,168.239,239.3
"Other oil seeds, n.e.c.",Oilseed,1979,583500.0,105400.0,797,24.29,23.0,168.444,180.6
"Other oil seeds, n.e.c.",Oilseed,1980,598700.0,146100.0,921,24.39,25.0,168.154,244.0
"Other oil seeds, n.e.c.",Oilseed,1981,603600.0,160200.0,912,24.06,28.0,168.412,265.4
"Other oil seeds, n.e.c.",Oilseed,1982,497900.0,117600.0,834,23.98,30.5,168.746,236.2
"Other oil seeds, n.e.c.",Oilseed,1983,599300.0,176300.0,1009,23.86,33.0,168.532,294.2
"Other oil seeds, n.e.c.",Oilseed,1984,590000.0,148000.0,854,23.88,36.0,169.418,250.8
"Other oil seeds, n.e.c.",Oilseed,1985,635000.0,192300.0,897,24.2,39.5,169.34,302.8
"Other oil seeds, n.e.c.",Oilseed,1986,586900.0,131200.0,859,24.18,42.0,169.409,223.5
"Other oil seeds, n.e.c.",Oilseed,1987,639100.0,179300.0,757,24.56,43.5,169.705,280.6
"Other oil seeds, n.e.c.",Oilseed,1988,604300.0,177700.0,1035,24.5,47.0,169.368,294.1
"Other oil seeds, n.e.c.",Oilseed,1989,621600.0,186500.0,899,23.98,50.5,169.976,300.0
"Other oil seeds, n.e.c.",Oilseed,1990,611200.0,186300.0,926,23.92,55.0,170.109,304.8
"Other oil seeds, n.e.c.",Oilseed,1991,640400.0,179500.0,921,24.18,57.5,170.182,280.3
"Other oil seeds, n.e.c.",Oilseed,1992,585000.0,162000.0,820,24.01,60.0,170.006,276.9
"Other oil seeds, n.e.c.",Oilseed,1993,599000.0,196000.0,960,24.2,63.0,170.286,327.2
"Other oil seeds, n.e.c.",Oilseed,1994,592000.0,190000.0,1010,24.08,67.0,170.325,320.9
"Other oil seeds, n.e.c.",Oilseed,1995,601000.0,190000.0,870,24.21,72.0,169.911,316.1
"Other oil seeds, n.e.c.",Oilseed,1996,546300.0,151800.0,1034,24.3,76.0,169.525,277.9
"Other oil seeds, n.e.c.",Oilseed,1997,542300.0,162200.0,852,23.92,79.0,170.101,299.1
"Other oil seeds, n.e.c.",Oilseed,1998,538000.0,164000.0,1002,24.57,83.0,170.029,304.8
"Other oil seeds, n.e.c.",Oilseed,1999,460000.0,140000.0,823,24.46,87.0,170.125,304.3
"Other oil seeds, n.e.c.",Oilseed,2000,367000.0,110000.0,876,24.33,90.0,170.13,299.7
"Other oil seeds, n.e.c.",Oilseed,2001,430000.0,130000.0,894,24.46,94.0,169.825,302.3
"Other oil seeds, n.e.c.",Oilseed,2002,283000.0,86000.0,705,24.8,156.38,170.032,303.9
"Other oil seeds, n.e.c.",Oilseed,2003,363000.0,109000.0,980,24.66,164.84,169.799,300.3
"Other oil seeds, n.e.c.",Oilseed,2004,373000.0,112000.0,822,24.54,192.35,169.891,300.3
"Other oil seeds, n.e.c.",Oilseed,2005,360000.0,108000.0,919,24.56,208.53,169.674,300.0
"Other oil seeds, n.e.c.",Oilseed,2006,403000.0,121000.0,903,24.64,239.93,169.462,300.2
"Other oil seeds, n.e.c.",Oilseed,2007,360000.0,110000.0,1052,24.6,245.53,169.202,305.6
"Other oil seeds, n.e.c.",Oilseed,2008,339400.0,117000.0,981,24.26,267.03,169.395,344.7
"Other oil seeds, n.e.c.",Oilseed,2009,375500.0,100000.0,731,25.14,289.69,169.724,266.3
"Other oil seeds, n.e.c.",Oilseed,2010,388730.0,108000.0,1011,25.13,305.91,169.234,277.8
"Other oil seeds, n.e.c.",Oilseed,2011,310000.0,98000.0,1011,24.34,321.53,169.369,316.1
"Other oil seeds, n.e.c.",Oilseed,2012,315000.0,102000.0,919,24.48,317.58,169.346,323.8
"Other oil seeds, n.e.c.",Oilseed,2013,298740.0,98000.0,1002,24.42,306.69,169.442,328.0
"Other oil seeds, n.e.c.",Oilseed,2014,234000.0,76000.0,882,24.52,318.21,169.463,324.8
"Other oil seeds, n.e.c.",Oilseed,2015,252000.0,74000.0,772,24.69,329.28,169.413,293.7
"Other oil seeds, n.e.c.",Oilseed,2016,281133.0,85000.0,973,25.07,319.47,169.317,302.3
"Other oil seeds, n.e.c.",Oilseed,2017,226417.0,70000.0,952,24.96,325.62,168.895,309.2
"Other oil seeds, n.e.c.",Oilseed,2018,202686.0,63000.0,913,24.88,336.43,168.778,310.8
"Other oil seeds, n.e.c.",Oilseed,2019,134877.0,42000.0,1012,24.8,365.61,168.669,311.4
"Other oil seeds, n.e.c.",Oilseed,2020,131578.0,41000.0,1089,24.51,472.49,168.048,311.6
"Other oil seeds, n.e.c.",Oilseed,2021,134569.0,42000.0,870,24.73,455.66,168.14,312.1
"Other oil seeds, n.e.c.",Oilseed,2022,108712.0,34000.0,925,24.78,450.93,168.231,312.8
"Other oil seeds, n.e.c.",Oilseed,2023,92540.0,29000.0,820,24.9,455.08,168.323,313.4
"Other oil seeds, n.e.c.",Oilseed,2024,85986.0,27000.0,868,25.14,455.08,168.323,314.0
Other pulses n.e.c.,Other,1961,3592000.0,1450000.0,1013,23.82,2.0,160.986,403.7
Other pulses n.e.c.,Other,1962,3220000.0,1335000.0,899,23.53,2.4,162.4,414.6
Other pulses n.e.c.,Other,1963,3439000.0,1382000.0,920,23.98,2.9,162.05,401.9
Other pulses n.e.c.,Other,1964,3112000.0,1401000.0,884,23.97,3.5,162.118,450.2
Other pulses n.e.c.,Other,1965,3107100.0,1379500.0,788,23.93,4.1,162.434,444.0
Other pulses n.e.c.,Other,1966,2562400.0,981000.0,939,24.32,4.8,162.72,382.8
Other pulses n.e.c.,Other,1967,2425000.0,958600.0,943,23.8,5.7,163.79,395.3
Other pulses n.e.c.,Other,1968,2392200.0,1046900.0,858,23.81,6.8,164.569,437.6
Other pulses n.e.c.,Other,1969,2406300.0,1069800.0,999,24.35,8.0,164.476,444.6
Other pulses n.e.c.,Other,1970,2390100.0,1133900.0,916,24.05,9.5,165.06,474.4
Other pulses n.e.c.,Other,1971,2582800.0,1181000.0,887,23.51,11.0,164.556,457.3
Other pulses n.e.c.,Other,1972,2703800.0,1223700.0,761,24.0,12.8,164.986,452.6
Other pulses n.e.c.,Other,1973,2379200.0,855700.0,990,24.3,14.0,166.044,359.7
Other pulses n.e.c.,Other,1974,2675800.0,1039400.0,878,24.01,13.5,166.501,388.4
Other pulses n.e.c.,Other,1975,2418900.0,1045900.0,963,23.68,15.1,166.838,432.4
Other pulses n.e.c.,Other,1976,2888200.0,1270900.0,836,23.95,16.8,167.057,440.0
Other pulses n.e.c.,Other,1977,2653700.0,896300.0,912,24.13,19.0,167.059,337.8
Other pulses n.e.c.,Other,1978,2988400.0,1100100.0,956,23.82,21.5,168.239,368.1
Other pulses n.e.c.,Other,1979,3082000.0,1112100.0,797,24.29,23.0,168.444,360.8
Other pulses n.e.c.,Other,1980,2568400.0,752600.0,921,24.39,25.0,168.154,293.0
Other pulses n.e.c.,Other,1981,2388000.0,838600.0,912,24.06,28.0,168.412,351.2
Other pulses n.e.c.,Other,1982,2469200.0,793300.0,834,23.98,30.5,168.746,321.3
Other pulses n.e.c.,Other,1983,2397700.0,887300.0,1009,23.86,33.0,168.532,370.1
Other pulses n.e.c.,Other,1984,2662500.0,1167300.0,854,23.88,36.0,169.418,438.4
Other pulses n.e.c.,Other,1985,2188000.0,824000.0,897,24.2,39.5,169.34,376.6
Other pulses n.e.c.,Other,1986,2248100.0,915900.0,859,24.18,42.0,169.409,407.4
Other pulses n.e.c.,Other,1987,2098600.0,861800.0,757,24.56,43.5,169.705,410.7
Other pulses n.e.c.,Other,1988,1975500.0,772200.0,1035,24.5,47.0,169.368,390.9
Other pulses n.e.c.,Other,1989,1861500.0,790600.0,899,23.98,50.5,169.976,424.7
Other pulses n.e.c.,Other,1990,1935300.0,640900.0,926,23.92,55.0,170.109,331.2
"Other stimulant, spice and aromatic crops, n.e.c.",Spice,1962,230000.0,161000.0,899,23.53,2.4,162.4,700.0
"Other stimulant, spice and aromatic crops, n.e.c.",Spice,1963,240000.0,174000.0,920,23.98,2.9,162.05,725.0
"Other stimulant, spice and aromatic crops, n.e.c.",Spice,1964,257000.0,206000.0,884,23.97,3.5,162.118,801.6
"Other stimulant, spice and aromatic crops, n.e.c.",Spice,1965,261000.0,190000.0,788,23.93,4.1,162.434,728.0
"Other stimulant, spice and aromatic crops, n.e.c.",Spice,1966,258000.0,175000.0,939,24.32,4.8,162.72,678.3
"Other stimulant, spice and aromatic crops, n.e.c.",Spice,1967,260000.0,175000.0,943,23.8,5.7,163.79,673.1
"Other stimulant, spice and aromatic crops, n.e.c.",Spice,1968,273000.0,172000.0,858,23.81,6.8,164.569,630.0
"Other stimulant, spice and aromatic crops, n.e.c.",Spice,1969,291000.0,204000.0,999,24.35,8.0,164.476,701.0
"Other stimulant, spice and aromatic crops, n.e.c.",Spice,1970,352600.0,251700.0,916,24.05,9.5,165.06,713.8
"Other stimulant, spice and aromatic crops, n.e.c.",Spice,1971,438300.0,258900.0,887,23.51,11.0,164.556,590.7
"Other stimulant, spice and aromatic crops, n.e.c.",Spice,1972,321700.0,204000.0,761,24.0,12.8,164.986,634.1
"Other stimulant, spice and aromatic crops, n.e.c.",Spice,1973,355300.0,240400.0,990,24.3,14.0,166.044,676.6
"Other stimulant, spice and aromatic crops, n.e.c.",Spice,1974,324900.0,249400.0,878,24.01,13.5,166.501,767.6
"Other stimulant, spice and aromatic crops, n.e.c.",Spice,1975,314200.0,242300.0,963,23.68,15.1,166.838,771.2
"Other stimulant, spice and aromatic crops, n.e.c.",Spice,1976,330200.0,225400.0,836,23.95,16.8,167.057,682.6
"Other stimulant, spice and aromatic crops, n.e.c.",Spice,1977,584600.0,357900.0,912,24.13,19.0,167.059,612.2
"Other stimulant, spice and aromatic crops, n.e.c.",Spice,1978,473600.0,335700.0,956,23.82,21.5,168.239,708.8
"Other stimulant, spice and aromatic crops, n.e.c.",Spice,1979,368700.0,325600.0,797,24.29,23.0,168.444,883.1
"Other stimulant, spice and aromatic crops, n.e.c.",Spice,1980,378600.0,321200.0,921,24.39,25.0,168.154,848.4
"Other stimulant, spice and aromatic crops, n.e.c.",Spice,1981,450500.0,336500.0,912,24.06,28.0,168.412,746.9
"Other stimulant, spice and aromatic crops, n.e.c.",Spice,1982,435100.0,327300.0,834,23.98,30.5,168.746,752.2
"Other stimulant, spice and aromatic crops, n.e.c.",Spice,1983,529800.0,376000.0,1009,23.86,33.0,168.532,709.7
"Other stimulant, spice and aromatic crops, n.e.c.",Spice,1984,490600.0,379100.0,854,23.88,36.0,169.418,772.7
"Other stimulant, spice and aromatic crops, n.e.c.",Spice,1985,491300.0,484200.0,897,24.2,39.5,169.34,985.5
"Other stimulant, spice and aromatic crops, n.e.c.",Spice,1986,505100.0,502400.0,859,24.18,42.0,169.409,994.7
"Other stimulant, spice and aromatic crops, n.e.c.",Spice,1987,702100.0,607000.0,757,24.56,43.5,169.705,864.5
"Other stimulant, spice and aromatic crops, n.e.c.",Spice,1988,483600.0,513000.0,1035,24.5,47.0,169.368,1060.8
"Other stimulant, spice and aromatic crops, n.e.c.",Spice,1989,465400.0,609100.0,899,23.98,50.5,169.976,1308.8
"Other stimulant, spice and aromatic crops, n.e.c.",Spice,1990,497600.0,562900.0,926,23.92,55.0,170.109,1131.2
"Other stimulant, spice and aromatic crops, n.e.c.",Spice,1991,470000.0,531700.0,921,24.18,57.5,170.182,1131.3
"Other stimulant, spice and aromatic crops, n.e.c.",Spice,1992,504800.0,591900.0,820,24.01,60.0,170.006,1172.5
"Other stimulant, spice and aromatic crops, n.e.c.",Spice,1993,613200.0,911100.0,960,24.2,63.0,170.286,1485.8
"Other stimulant, spice and aromatic crops, n.e.c.",Spice,1994,579000.0,815000.0,1010,24.08,67.0,170.325,1407.6
"Other stimulant, spice and aromatic crops, n.e.c.",Spice,1995,547000.0,659000.0,870,24.21,72.0,169.911,1204.8
"Other stimulant, spice and aromatic crops, n.e.c.",Spice,1996,588000.0,785000.0,1034,24.3,76.0,169.525,1335.0
"Other stimulant, spice and aromatic crops, n.e.c.",Spice,1997,647000.0,795000.0,852,23.92,79.0,170.101,1228.7
"Other stimulant, spice and aromatic crops, n.e.c.",Spice,1998,686500.0,890300.0,1002,24.57,83.0,170.029,1296.9
"Other stimulant, spice and aromatic crops, n.e.c.",Spice,1999,556300.0,907800.0,823,24.46,87.0,170.125,1631.9
"Other stimulant, spice and aromatic crops, n.e.c.",Spice,2000,545300.0,945600.0,876,24.33,90.0,170.13,1734.1
"Other stimulant, spice and aromatic crops, n.e.c.",Spice,2001,596300.0,882200.0,894,24.46,94.0,169.825,1479.5
"Other stimulant, spice and aromatic crops, n.e.c.",Spice,2002,397500.0,738800.0,705,24.8,156.38,170.032,1858.6
"Other stimulant, spice and aromatic crops, n.e.c.",Spice,2003,633600.0,954700.0,980,24.66,164.84,169.799,1506.8
"Other stimulant, spice and aromatic crops, n.e.c.",Spice,2004,507600.0,966100.0,822,24.54,192.35,169.891,1903.3
"Other stimulant, spice and aromatic crops, n.e.c.",Spice,2005,512400.0,1075100.0,919,24.56,208.53,169.674,2098.2
"Other stimulant, spice and aromatic crops, n.e.c.",Spice,2006,499300.0,1020000.0,903,24.64,239.93,169.462,2042.9
"Other stimulant, spice and aromatic crops, n.e.c.",Spice,2007,559500.0,1104000.0,1052,24.6,245.53,169.202,1973.2
"Other stimulant, spice and aromatic crops, n.e.c.",Spice,2008,578000.0,1063000.0,981,24.26,267.03,169.395,1839.1
"Other stimulant, spice and aromatic crops, n.e.c.",Spice,2009,541000.0,1029700.0,731,25.14,289.69,169.724,1903.3
"Other stimulant, spice and aromatic crops, n.e.c.",Spice,2010,725600.0,1474900.0,1011,25.13,305.91,169.234,2032.7
"Other stimulant, spice and aromatic crops, n.e.c.",Spice,2011,776516.0,1699790.0,1011,24.34,321.53,169.369,2189.0
"Other stimulant, spice and aromatic crops, n.e.c.",Spice,2012,740990.0,1496990.0,919,24.48,317.58,169.346,2020.3
"Other stimulant, spice and aromatic crops, n.e.c.",Spice,2013,740337.0,1500488.0,1002,24.42,306.69,169.442,2026.8
"Other stimulant, spice and aromatic crops, n.e.c.",Spice,2014,680000.0,1504000.0,882,24.52,318.21,169.463,2211.8
"Other stimulant, spice and aromatic crops, n.e.c.",Spice,2015,737000.0,1292000.0,772,24.69,329.28,169.413,1753.1
"Other stimulant, spice and aromatic crops, n.e.c.",Spice,2016,768000.0,1528000.0,973,25.07,319.47,169.317,1989.6
"Other stimulant, spice and aromatic crops, n.e.c.",Spice,2017,526000.0,1592000.0,952,24.96,325.62,168.895,3026.6
"Other stimulant, spice and aromatic crops, n.e.c.",Spice,2018,836000.0,1364000.0,913,24.88,336.43,168.778,1631.6
"Other stimulant, spice and aromatic crops, n.e.c.",Spice,2019,824000.0,1434000.0,1012,24.8,365.61,168.669,1740.3
"Other stimulant, spice and aromatic crops, n.e.c.",Spice,2020,742790.0,1463333.33,1089,24.51,472.49,168.048,1970.1
"Other stimulant, spice and aromatic crops, n.e.c.",Spice,2021,709950.0,1420444.44,870,24.73,455.66,168.14,2000.8
"Other stimulant, spice and aromatic crops, n.e.c.",Spice,2022,722150.0,1439259.26,925,24.78,450.93,168.231,1993.0
"Other stimulant, spice and aromatic crops, n.e.c.",Spice,2023,728372.0,1441012.35,820,24.9,455.08,168.323,1978.4
"Other stimulant, spice and aromatic crops, n.e.c.",Spice,2024,712459.0,1433572.02,868,25.14,455.08,168.323,2012.1
Other stone fruits,Fruit,1985,200.0,1000.0,897,24.2,39.5,169.34,5000.0
Other stone fruits,Fruit,1986,200.0,1000.0,859,24.18,42.0,169.409,5000.0
Other stone fruits,Fruit,1987,200.0,1000.0,757,24.56,43.5,169.705,5000.0
Other stone fruits,Fruit,1988,200.0,1000.0,1035,24.5,47.0,169.368,5000.0
Other stone fruits,Fruit,1989,200.0,1000.0,899,23.98,50.5,169.976,5000.0
Other stone fruits,Fruit,1990,204.0,1065.0,926,23.92,55.0,170.109,5220.6
Other stone fruits,Fruit,1991,499.0,825.28,921,24.18,57.5,170.182,1655.5
Other stone fruits,Fruit,1992,502.0,881.79,820,24.01,60.0,170.006,1755.3
Other stone fruits,Fruit,1993,506.0,940.55,960,24.2,63.0,170.286,1858.0
Other stone fruits,Fruit,1994,510.0,1004.9,1010,24.08,67.0,170.325,1970.1
Other stone fruits,Fruit,1995,514.0,1053.68,870,24.21,72.0,169.911,2050.3
Other stone fruits,Fruit,1996,518.0,1100.0,1034,24.3,76.0,169.525,2124.5
Other stone fruits,Fruit,1997,522.0,1200.0,852,23.92,79.0,170.101,2300.5
Other stone fruits,Fruit,1998,525.0,1200.0,1002,24.57,83.0,170.029,2283.6
Other stone fruits,Fruit,1999,529.0,1300.0,823,24.46,87.0,170.125,2455.9
Other stone fruits,Fruit,2000,533.0,1350.0,876,24.33,90.0,170.13,2531.9
Other stone fruits,Fruit,2001,537.0,1400.0,894,24.46,94.0,169.825,2606.9
Other stone fruits,Fruit,2002,541.0,1464.58,705,24.8,156.38,170.032,2707.7
Other stone fruits,Fruit,2003,545.0,1529.47,980,24.66,164.84,169.799,2807.7
Other stone fruits,Fruit,2004,549.0,1576.03,822,24.54,192.35,169.891,2872.8
Other stone fruits,Fruit,2005,552.0,1632.08,919,24.56,208.53,169.674,2954.3
Other stone fruits,Fruit,2006,556.0,1689.24,903,24.64,239.93,169.462,3036.6
Other stone fruits,Fruit,2007,560.0,1747.62,1052,24.6,245.53,169.202,3119.9
Other stone fruits,Fruit,2008,564.0,1803.36,981,24.26,267.03,169.395,3197.4
Other stone fruits,Fruit,2009,568.0,1861.77,731,25.14,289.69,169.724,3278.6
Other stone fruits,Fruit,2010,566.0,1918.67,1011,25.13,305.91,169.234,3392.4
Other stone fruits,Fruit,2011,573.0,1975.43,1011,24.34,321.53,169.369,3446.0
Other stone fruits,Fruit,2012,575.0,2033.66,919,24.48,317.58,169.346,3536.8
Other stone fruits,Fruit,2013,575.0,2089.95,1002,24.42,306.69,169.442,3634.7
Other stone fruits,Fruit,2014,600.0,2230.25,882,24.52,318.21,169.463,3717.1
Other stone fruits,Fruit,2015,591.0,2246.85,772,24.69,329.28,169.413,3799.1
Other stone fruits,Fruit,2016,589.0,2289.63,973,25.07,319.47,169.317,3885.2
Other stone fruits,Fruit,2017,590.0,2344.88,952,24.96,325.62,168.895,3972.2
Other stone fruits,Fruit,2018,593.0,2406.1,913,24.88,336.43,168.778,4058.4
Other stone fruits,Fruit,2019,595.0,2346.87,1012,24.8,365.61,168.669,3941.2
Other stone fruits,Fruit,2020,601.0,2438.53,1089,24.51,472.49,168.048,4056.9
Other stone fruits,Fruit,2021,597.0,2397.17,870,24.73,455.66,168.14,4016.0
Other stone fruits,Fruit,2022,599.0,2394.19,925,24.78,450.93,168.231,3994.5
Other stone fruits,Fruit,2023,601.0,2409.96,820,24.9,455.08,168.323,4010.5
Other stone fruits,Fruit,2024,602.0,2400.44,868,25.14,455.08,168.323,3985.0
"Other tropical fruits, n.e.c.",Fruit,1961,225000.0,1475000.0,1013,23.82,2.0,160.986,6555.6
"Other tropical fruits, n.e.c.",Fruit,1962,235000.0,1520000.0,899,23.53,2.4,162.4,6468.1
"Other tropical fruits, n.e.c.",Fruit,1963,235000.0,1520000.0,920,23.98,2.9,162.05,6468.1
"Other tropical fruits, n.e.c.",Fruit,1964,235000.0,1580000.0,884,23.97,3.5,162.118,6723.4
"Other tropical fruits, n.e.c.",Fruit,1965,237000.0,1590000.0,788,23.93,4.1,162.434,6708.9
"Other tropical fruits, n.e.c.",Fruit,1966,240000.0,1625000.0,939,24.32,4.8,162.72,6770.8
"Other tropical fruits, n.e.c.",Fruit,1967,245000.0,1675000.0,943,23.8,5.7,163.79,6836.7
"Other tropical fruits, n.e.c.",Fruit,1968,250000.0,1720000.0,858,23.81,6.8,164.569,6880.0
"Other tropical fruits, n.e.c.",Fruit,1969,258000.0,1760000.0,999,24.35,8.0,164.476,6821.7
"Other tropical fruits, n.e.c.",Fruit,1970,255000.0,1730000.0,916,24.05,9.5,165.06,6784.3
"Other tropical fruits, n.e.c.",Fruit,1971,260000.0,1820000.0,887,23.51,11.0,164.556,7000.0
"Other tropical fruits, n.e.c.",Fruit,1972,255000.0,1750000.0,761,24.0,12.8,164.986,6862.7
"Other tropical fruits, n.e.c.",Fruit,1973,270000.0,1880000.0,990,24.3,14.0,166.044,6963.0
"Other tropical fruits, n.e.c.",Fruit,1974,270000.0,1910000.0,878,24.01,13.5,166.501,7074.1
"Other tropical fruits, n.e.c.",Fruit,1975,275000.0,1935000.0,963,23.68,15.1,166.838,7036.4
"Other tropical fruits, n.e.c.",Fruit,1976,285000.0,2000000.0,836,23.95,16.8,167.057,7017.5
"Other tropical fruits, n.e.c.",Fruit,1977,288000.0,2025000.0,912,24.13,19.0,167.059,7031.3
"Other tropical fruits, n.e.c.",Fruit,1978,305000.0,2160000.0,956,23.82,21.5,168.239,7082.0
"Other tropical fruits, n.e.c.",Fruit,1979,320000.0,2230000.0,797,24.29,23.0,168.444,6968.8
"Other tropical fruits, n.e.c.",Fruit,1980,325000.0,2310000.0,921,24.39,25.0,168.154,7107.7
"Other tropical fruits, n.e.c.",Fruit,1981,330000.0,2390000.0,912,24.06,28.0,168.412,7242.4
"Other tropical fruits, n.e.c.",Fruit,1982,340000.0,2495000.0,834,23.98,30.5,168.746,7338.2
"Other tropical fruits, n.e.c.",Fruit,1983,345000.0,2570000.0,1009,23.86,33.0,168.532,7449.3
"Other tropical fruits, n.e.c.",Fruit,1984,410000.0,3295000.0,854,23.88,36.0,169.418,8036.6
"Other tropical fruits, n.e.c.",Fruit,1985,410000.0,3275000.0,897,24.2,39.5,169.34,7987.8
"Other tropical fruits, n.e.c.",Fruit,1986,440000.0,3670000.0,859,24.18,42.0,169.409,8340.9
"Other tropical fruits, n.e.c.",Fruit,1987,410000.0,3230000.0,757,24.56,43.5,169.705,7878.0
"Other tropical fruits, n.e.c.",Fruit,1988,360000.0,2745000.0,1035,24.5,47.0,169.368,7625.0
"Other tropical fruits, n.e.c.",Fruit,1989,360000.0,2805000.0,899,23.98,50.5,169.976,7791.7
"Other tropical fruits, n.e.c.",Fruit,1990,366539.0,2987418.0,926,23.92,55.0,170.109,8150.3
"Other tropical fruits, n.e.c.",Fruit,1991,340000.0,2480000.0,921,24.18,57.5,170.182,7294.1
"Other tropical fruits, n.e.c.",Fruit,1992,76500.0,640000.0,820,24.01,60.0,170.006,8366.0
"Other tropical fruits, n.e.c.",Fruit,1993,84300.0,684000.0,960,24.2,63.0,170.286,8113.9
"Other tropical fruits, n.e.c.",Fruit,1994,90300.0,794500.0,1010,24.08,67.0,170.325,8798.4
"Other tropical fruits, n.e.c.",Fruit,1995,95000.0,829000.0,870,24.21,72.0,169.911,8726.3
"Other tropical fruits, n.e.c.",Fruit,1996,96200.0,934200.0,1034,24.3,76.0,169.525,9711.0
"Other tropical fruits, n.e.c.",Fruit,1997,96900.0,966100.0,852,23.92,79.0,170.101,9970.1
"Other tropical fruits, n.e.c.",Fruit,1998,106700.0,1098600.0,1002,24.57,83.0,170.029,10296.2
"Other tropical fruits, n.e.c.",Fruit,1999,106600.0,1096500.0,823,24.46,87.0,170.125,10286.1
"Other tropical fruits, n.e.c.",Fruit,2000,122900.0,1068200.0,876,24.33,90.0,170.13,8691.6
"Other tropical fruits, n.e.c.",Fruit,2001,125700.0,1152800.0,894,24.46,94.0,169.825,9171.0
"Other tropical fruits, n.e.c.",Fruit,2002,110100.0,949400.0,705,24.8,156.38,170.032,8623.1
"Other tropical fruits, n.e.c.",Fruit,2003,138300.0,1389500.0,980,24.66,164.84,169.799,10047.0
"Other tropical fruits, n.e.c.",Fruit,2004,174300.0,1399800.0,822,24.54,192.35,169.891,8031.0
"Other tropical fruits, n.e.c.",Fruit,2005,194100.0,1445100.0,919,24.56,208.53,169.674,7445.1
"Other tropical fruits, n.e.c.",Fruit,2006,202900.0,1506100.0,903,24.64,239.93,169.462,7422.9
"Other tropical fruits, n.e.c.",Fruit,2007,214000.0,1619000.0,1052,24.6,245.53,169.202,7565.4
"Other tropical fruits, n.e.c.",Fruit,2008,221000.0,1676000.0,981,24.26,267.03,169.395,7583.7
"Other tropical fruits, n.e.c.",Fruit,2009,228000.0,1731000.0,731,25.14,289.69,169.724,7592.1
"Other tropical fruits, n.e.c.",Fruit,2010,233300.0,1830100.0,1011,25.13,305.91,169.234,7844.4
"Other tropical fruits, n.e.c.",Fruit,2011,238000.0,1921000.0,1011,24.34,321.53,169.369,8071.4
"Other tropical fruits, n.e.c.",Fruit,2012,243000.0,1964000.0,919,24.48,317.58,169.346,8082.3
"Other tropical fruits, n.e.c.",Fruit,2013,247000.0,2075000.0,1002,24.42,306.69,169.442,8400.8
"Other tropical fruits, n.e.c.",Fruit,2014,261000.0,2329000.0,882,24.52,318.21,169.463,8923.4
"Other tropical fruits, n.e.c.",Fruit,2015,191000.0,1867000.0,772,24.69,329.28,169.413,9774.9
"Other tropical fruits, n.e.c.",Fruit,2016,196735.0,1852529.15,973,25.07,319.47,169.317,9416.3
"Other tropical fruits, n.e.c.",Fruit,2017,191841.0,1803783.0,952,24.96,325.62,168.895,9402.5
"Other tropical fruits, n.e.c.",Fruit,2018,189627.0,1862333.55,913,24.88,336.43,168.778,9821.0
"Other tropical fruits, n.e.c.",Fruit,2019,184397.0,1780395.01,1012,24.8,365.61,168.669,9655.2
"Other tropical fruits, n.e.c.",Fruit,2020,180598.0,1631851.17,1089,24.51,472.49,168.048,9035.8
"Other tropical fruits, n.e.c.",Fruit,2021,176536.0,1542124.18,870,24.73,455.66,168.14,8735.4
"Other tropical fruits, n.e.c.",Fruit,2022,171000.0,1464000.0,925,24.78,450.93,168.231,8561.4
"Other tropical fruits, n.e.c.",Fruit,2023,169000.0,1621000.0,820,24.9,455.08,168.323,9591.7
"Other tropical fruits, n.e.c.",Fruit,2024,177000.0,1678000.0,868,25.14,455.08,168.323,9480.2
"Other vegetables, fresh n.e.c.",Vegetable,1961,1860000.0,12100000.0,1013,23.82,2.0,160.986,6505.4
"Other vegetables, fresh n.e.c.",Vegetable,1962,2105000.0,12700000.0,899,23.53,2.4,162.4,6033.3
"Other vegetables, fresh n.e.c.",Vegetable,1963,2000000.0,13200000.0,920,23.98,2.9,162.05,6600.0
"Other vegetables, fresh n.e.c.",Vegetable,1964,2030000.0,13600000.0,884,23.97,3.5,162.118,6699.5
"Other vegetables, fresh n.e.c.",Vegetable,1965,2105000.0,14100000.0,788,23.93,4.1,162.434,6698.3
"Other vegetables, fresh n.e.c.",Vegetable,1966,2115000.0,14600000.0,939,24.32,4.8,162.72,6903.1
"Other vegetables, fresh n.e.c.",Vegetable,1967,2100000.0,14700000.0,943,23.8,5.7,163.79,7000.0
"Other vegetables, fresh n.e.c.",Vegetable,1968,2110000.0,15000000.0,858,23.81,6.8,164.569,7109.0
"Other vegetables, fresh n.e.c.",Vegetable,1969,2150000.0,15500000.0,999,24.35,8.0,164.476,7209.3
"Other vegetables, fresh n.e.c.",Vegetable,1970,2190000.0,16000000.0,916,24.05,9.5,165.06,7305.9
"Other vegetables, fresh n.e.c.",Vegetable,1971,2230000.0,16500000.0,887,23.51,11.0,164.556,7399.1
"Other vegetables, fresh n.e.c.",Vegetable,1972,2300000.0,17100000.0,761,24.0,12.8,164.986,7434.8
"Other vegetables, fresh n.e.c.",Vegetable,1973,2345000.0,17600000.0,990,24.3,14.0,166.044,7505.3
"Other vegetables, fresh n.e.c.",Vegetable,1974,2350000.0,18000000.0,878,24.01,13.5,166.501,7659.6
"Other vegetables, fresh n.e.c.",Vegetable,1975,2405000.0,18400000.0,963,23.68,15.1,166.838,7650.7
"Other vegetables, fresh n.e.c.",Vegetable,1976,2405000.0,18900000.0,836,23.95,16.8,167.057,7858.6
"Other vegetables, fresh n.e.c.",Vegetable,1977,2415000.0,19200000.0,912,24.13,19.0,167.059,7950.3
"Other vegetables, fresh n.e.c.",Vegetable,1978,2520000.0,19800000.0,956,23.82,21.5,168.239,7857.1
"Other vegetables, fresh n.e.c.",Vegetable,1979,2440000.0,19400000.0,797,24.29,23.0,168.444,7950.8
"Other vegetables, fresh n.e.c.",Vegetable,1980,2415000.0,19700000.0,921,24.39,25.0,168.154,8157.3
"Other vegetables, fresh n.e.c.",Vegetable,1981,2400000.0,20000000.0,912,24.06,28.0,168.412,8333.3
"Other vegetables, fresh n.e.c.",Vegetable,1982,2500000.0,21100000.0,834,23.98,30.5,168.746,8440.0
"Other vegetables, fresh n.e.c.",Vegetable,1983,2550000.0,21600000.0,1009,23.86,33.0,168.532,8470.6
"Other vegetables, fresh n.e.c.",Vegetable,1984,2520000.0,22000000.0,854,23.88,36.0,169.418,8730.2
"Other vegetables, fresh n.e.c.",Vegetable,1985,2560000.0,22400000.0,897,24.2,39.5,169.34,8750.0
"Other vegetables, fresh n.e.c.",Vegetable,1986,2680000.0,23700000.0,859,24.18,42.0,169.409,8843.3
"Other vegetables, fresh n.e.c.",Vegetable,1987,2715000.0,24000000.0,757,24.56,43.5,169.705,8839.8
"Other vegetables, fresh n.e.c.",Vegetable,1988,2430000.0,23100000.0,1035,24.5,47.0,169.368,9506.2
"Other vegetables, fresh n.e.c.",Vegetable,1989,2325000.0,22300000.0,899,23.98,50.5,169.976,9591.4
"Other vegetables, fresh n.e.c.",Vegetable,1990,2260000.0,22600000.0,926,23.92,55.0,170.109,10000.0
"Other vegetables, fresh n.e.c.",Vegetable,1991,2310000.0,23100000.0,921,24.18,57.5,170.182,10000.0
"Other vegetables, fresh n.e.c.",Vegetable,1992,2666700.0,15908000.0,820,24.01,60.0,170.006,5965.4
"Other vegetables, fresh n.e.c.",Vegetable,1993,2081000.0,22829400.0,960,24.2,63.0,170.286,10970.4
"Other vegetables, fresh n.e.c.",Vegetable,1994,1522700.0,16567700.0,1010,24.08,67.0,170.325,10880.5
"Other vegetables, fresh n.e.c.",Vegetable,1995,1347800.0,13884100.0,870,24.21,72.0,169.911,10301.3
"Other vegetables, fresh n.e.c.",Vegetable,1996,1573300.0,17498800.0,1034,24.3,76.0,169.525,11122.4
"Other vegetables, fresh n.e.c.",Vegetable,1997,1602100.0,15123900.0,852,23.92,79.0,170.101,9440.0
"Other vegetables, fresh n.e.c.",Vegetable,1998,1644500.0,14336200.0,1002,24.57,83.0,170.029,8717.7
"Other vegetables, fresh n.e.c.",Vegetable,1999,1639400.0,19059400.0,823,24.46,87.0,170.125,11625.8
"Other vegetables, fresh n.e.c.",Vegetable,2000,1738700.0,21889200.0,876,24.33,90.0,170.13,12589.4
"Other vegetables, fresh n.e.c.",Vegetable,2001,2138300.0,27577500.0,894,24.46,94.0,169.825,12896.9
"Other vegetables, fresh n.e.c.",Vegetable,2002,1936200.0,19524200.0,705,24.8,156.38,170.032,10083.8
"Other vegetables, fresh n.e.c.",Vegetable,2003,1884200.0,20128200.0,980,24.66,164.84,169.799,10682.6
"Other vegetables, fresh n.e.c.",Vegetable,2004,1518400.0,14335000.0,822,24.54,192.35,169.891,9440.9
"Other vegetables, fresh n.e.c.",Vegetable,2005,2104200.0,22542100.0,919,24.56,208.53,169.674,10712.9
"Other vegetables, fresh n.e.c.",Vegetable,2006,2289800.0,27487600.0,903,24.64,239.93,169.462,12004.4
"Other vegetables, fresh n.e.c.",Vegetable,2007,2285000.0,29141800.0,1052,24.6,245.53,169.202,12753.5
"Other vegetables, fresh n.e.c.",Vegetable,2008,2410000.0,31401000.0,981,24.26,267.03,169.395,13029.5
"Other vegetables, fresh n.e.c.",Vegetable,2009,2279000.0,28011000.0,731,25.14,289.69,169.724,12290.9
"Other vegetables, fresh n.e.c.",Vegetable,2010,2291500.0,31164100.0,1011,25.13,305.91,169.234,13599.9
"Other vegetables, fresh n.e.c.",Vegetable,2011,1629000.0,20404000.0,1011,24.34,321.53,169.369,12525.5
"Other vegetables, fresh n.e.c.",Vegetable,2012,1821000.0,21773000.0,919,24.48,317.58,169.346,11956.6
"Other vegetables, fresh n.e.c.",Vegetable,2013,1921000.0,23946000.0,1002,24.42,306.69,169.442,12465.4
"Other vegetables, fresh n.e.c.",Vegetable,2014,1747000.0,21593000.0,882,24.52,318.21,169.463,12360.0
"Other vegetables, fresh n.e.c.",Vegetable,2015,1822000.0,27360000.0,772,24.69,329.28,169.413,15016.5
"Other vegetables, fresh n.e.c.",Vegetable,2016,1824526.0,25550696.87,973,25.07,319.47,169.317,14004.0
"Other vegetables, fresh n.e.c.",Vegetable,2017,1761163.0,24454628.99,952,24.96,325.62,168.895,13885.5
"Other vegetables, fresh n.e.c.",Vegetable,2018,1788427.0,25381190.46,913,24.88,336.43,168.778,14191.9
"Other vegetables, fresh n.e.c.",Vegetable,2019,1641290.0,24260993.74,1012,24.8,365.61,168.669,14781.7
"Other vegetables, fresh n.e.c.",Vegetable,2020,1659420.0,24128587.74,1089,24.51,472.49,168.048,14540.4
"Other vegetables, fresh n.e.c.",Vegetable,2021,1724068.0,24813098.06,870,24.73,455.66,168.14,14392.2
"Other vegetables, fresh n.e.c.",Vegetable,2022,1812000.0,26954000.0,925,24.78,450.93,168.231,14875.3
"Other vegetables, fresh n.e.c.",Vegetable,2023,1807000.0,26875000.0,820,24.9,455.08,168.323,14872.7
"Other vegetables, fresh n.e.c.",Vegetable,2024,1770985.0,26077397.0,868,25.14,455.08,168.323,14724.8
Papayas,Fruit,1961,6000.0,228000.0,1013,23.82,2.0,160.986,38000.0
Papayas,Fruit,1962,7000.0,232000.0,899,23.53,2.4,162.4,33142.9
Papayas,Fruit,1963,7000.0,236000.0,920,23.98,2.9,162.05,33714.3
Papayas,Fruit,1964,6000.0,151000.0,884,23.97,3.5,162.118,25166.7
Papayas,Fruit,1965,6000.0,179000.0,788,23.93,4.1,162.434,29833.3
Papayas,Fruit,1966,8000.0,206000.0,939,24.32,4.8,162.72,25750.0
Papayas,Fruit,1967,8000.0,209000.0,943,23.8,5.7,163.79,26125.0
Papayas,Fruit,1968,9000.0,205000.0,858,23.81,6.8,164.569,22777.8
Papayas,Fruit,1969,9000.0,222000.0,999,24.35,8.0,164.476,24666.7
Papayas,Fruit,1970,10384.0,204680.0,916,24.05,9.5,165.06,19711.1
Papayas,Fruit,1971,11012.0,246806.0,887,23.51,11.0,164.556,22412.5
Papayas,Fruit,1972,9953.0,188867.0,761,24.0,12.8,164.986,18975.9
Papayas,Fruit,1973,9822.0,218318.0,990,24.3,14.0,166.044,22227.4
Papayas,Fruit,1974,10326.0,226211.0,878,24.01,13.5,166.501,21906.9
Papayas,Fruit,1975,10864.0,224900.0,963,23.68,15.1,166.838,20701.4
Papayas,Fruit,1976,12180.0,232571.0,836,23.95,16.8,167.057,19094.5
Papayas,Fruit,1977,23258.0,450441.0,912,24.13,19.0,167.059,19367.1
Papayas,Fruit,1978,25628.0,408510.0,956,23.82,21.5,168.239,15940.0
Papayas,Fruit,1979,25685.0,419002.0,797,24.29,23.0,168.444,16313.1
Papayas,Fruit,1980,25684.0,413467.0,921,24.39,25.0,168.154,16098.2
Papayas,Fruit,1981,26870.0,248129.0,912,24.06,28.0,168.412,9234.4
Papayas,Fruit,1982,27060.0,358457.0,834,23.98,30.5,168.746,13246.7
Papayas,Fruit,1983,26960.0,325544.0,1009,23.86,33.0,168.532,12075.1
Papayas,Fruit,1984,32000.0,254000.0,854,23.88,36.0,169.418,7937.5
Papayas,Fruit,1985,31000.0,240000.0,897,24.2,39.5,169.34,7741.9
Papayas,Fruit,1986,32959.0,278767.0,859,24.18,42.0,169.409,8458.0
Papayas,Fruit,1987,32993.0,276346.0,757,24.56,43.5,169.705,8375.9
Papayas,Fruit,1988,35474.0,386486.0,1035,24.5,47.0,169.368,10894.9
Papayas,Fruit,1989,35554.0,354304.0,899,23.98,50.5,169.976,9965.2
Papayas,Fruit,1990,36518.0,451497.0,926,23.92,55.0,170.109,12363.7
Papayas,Fruit,1991,45200.0,805300.0,921,24.18,57.5,170.182,17816.4
Papayas,Fruit,1992,47412.0,803617.0,820,24.01,60.0,170.006,16949.7
Papayas,Fruit,1993,55945.0,1266720.0,960,24.2,63.0,170.286,22642.2
Papayas,Fruit,1994,61450.0,1373460.0,1010,24.08,67.0,170.325,22350.9
Papayas,Fruit,1995,61420.0,1329670.0,870,24.21,72.0,169.911,21648.8
Papayas,Fruit,1996,63780.0,1299330.0,1034,24.3,76.0,169.525,20372.1
Papayas,Fruit,1997,69419.0,1618490.0,852,23.92,79.0,170.101,23314.8
Papayas,Fruit,1998,67767.0,1582270.0,1002,24.57,83.0,170.029,23348.7
Papayas,Fruit,1999,60825.0,1666470.0,823,24.46,87.0,170.125,27397.8
Papayas,Fruit,2000,70422.0,1796960.0,876,24.33,90.0,170.13,25517.0
Papayas,Fruit,2001,73700.0,2590400.0,894,24.46,94.0,169.825,35147.9
Papayas,Fruit,2002,68000.0,2147200.0,705,24.8,156.38,170.032,31576.5
Papayas,Fruit,2003,58200.0,1692100.0,980,24.66,164.84,169.799,29073.9
Papayas,Fruit,2004,73800.0,2535100.0,822,24.54,192.35,169.891,34350.9
Papayas,Fruit,2005,67800.0,2139300.0,919,24.56,208.53,169.674,31553.1
Papayas,Fruit,2006,72500.0,2482100.0,903,24.64,239.93,169.462,34235.9
Papayas,Fruit,2007,83000.0,2909000.0,1052,24.6,245.53,169.202,35048.2
Papayas,Fruit,2008,98000.0,3629000.0,981,24.26,267.03,169.395,37030.6
Papayas,Fruit,2009,95700.0,3913500.0,731,25.14,289.69,169.724,40893.4
Papayas,Fruit,2010,106000.0,4196000.0,1011,25.13,305.91,169.234,39584.9
Papayas,Fruit,2011,117400.0,4457100.0,1011,24.34,321.53,169.369,37965.1
Papayas,Fruit,2012,132000.0,5382000.0,919,24.48,317.58,169.346,40772.7
Papayas,Fruit,2013,135000.0,5544000.0,1002,24.42,306.69,169.442,41066.7
Papayas,Fruit,2014,133360.0,5639300.0,882,24.52,318.21,169.463,42286.3
Papayas,Fruit,2015,115000.0,4913000.0,772,24.69,329.28,169.413,42721.7
Papayas,Fruit,2016,132000.0,5667000.0,973,25.07,319.47,169.317,42931.8
Papayas,Fruit,2017,134000.0,5940000.0,952,24.96,325.62,168.895,44328.4
Papayas,Fruit,2018,138000.0,5989000.0,913,24.88,336.43,168.778,43398.6
Papayas,Fruit,2019,149000.0,6050000.0,1012,24.8,365.61,168.669,40604.0
Papayas,Fruit,2020,142000.0,5780000.0,1089,24.51,472.49,168.048,40704.2
Papayas,Fruit,2021,146000.0,5540000.0,870,24.73,455.66,168.14,37945.2
Papayas,Fruit,2022,150000.0,5341000.0,925,24.78,450.93,168.231,35606.7
Papayas,Fruit,2023,148000.0,5240000.0,820,24.9,455.08,168.323,35405.4
Papayas,Fruit,2024,148977.0,5292173.0,868,25.14,455.08,168.323,35523.4
Peaches and nectarines,Fruit,1961,10000.0,43000.0,1013,23.82,2.0,160.986,4300.0
Peaches and nectarines,Fruit,1962,9000.0,39000.0,899,23.53,2.4,162.4,4333.3
Peaches and nectarines,Fruit,1963,10800.0,49000.0,920,23.98,2.9,162.05,4537.0
Peaches and nectarines,Fruit,1964,10000.0,45000.0,884,23.97,3.5,162.118,4500.0
Peaches and nectarines,Fruit,1965,11000.0,48000.0,788,23.93,4.1,162.434,4363.6
Peaches and nectarines,Fruit,1966,10500.0,45000.0,939,24.32,4.8,162.72,4285.7
Peaches and nectarines,Fruit,1967,11000.0,49000.0,943,23.8,5.7,163.79,4454.5
Peaches and nectarines,Fruit,1968,12000.0,50000.0,858,23.81,6.8,164.569,4166.7
Peaches and nectarines,Fruit,1969,11500.0,49000.0,999,24.35,8.0,164.476,4260.9
Peaches and nectarines,Fruit,1970,11000.0,48500.0,916,24.05,9.5,165.06,4409.1
Peaches and nectarines,Fruit,1971,10000.0,44000.0,887,23.51,11.0,164.556,4400.0
Peaches and nectarines,Fruit,1972,10000.0,45000.0,761,24.0,12.8,164.986,4500.0
Peaches and nectarines,Fruit,1973,12000.0,53000.0,990,24.3,14.0,166.044,4416.7
Peaches and nectarines,Fruit,1974,10000.0,47000.0,878,24.01,13.5,166.501,4700.0
Peaches and nectarines,Fruit,1975,11000.0,48000.0,963,23.68,15.1,166.838,4363.6
Peaches and nectarines,Fruit,1976,12500.0,63000.0,836,23.95,16.8,167.057,5040.0
Peaches and nectarines,Fruit,1977,13000.0,66000.0,912,24.13,19.0,167.059,5076.9
Peaches and nectarines,Fruit,1978,12000.0,54000.0,956,23.82,21.5,168.239,4500.0
Peaches and nectarines,Fruit,1979,13500.0,73000.0,797,24.29,23.0,168.444,5407.4
Peaches and nectarines,Fruit,1980,14700.0,78000.0,921,24.39,25.0,168.154,5306.1
Peaches and nectarines,Fruit,1981,14000.0,76000.0,912,24.06,28.0,168.412,5428.6
Peaches and nectarines,Fruit,1982,15500.0,78000.0,834,23.98,30.5,168.746,5032.3
Peaches and nectarines,Fruit,1983,15800.0,70000.0,1009,23.86,33.0,168.532,4430.4
Peaches and nectarines,Fruit,1984,13500.0,60000.0,854,23.88,36.0,169.418,4444.4
Peaches and nectarines,Fruit,1985,15500.0,65000.0,897,24.2,39.5,169.34,4193.5
Peaches and nectarines,Fruit,1986,18000.0,80000.0,859,24.18,42.0,169.409,4444.4
Peaches and nectarines,Fruit,1987,11658.0,90300.0,757,24.56,43.5,169.705,7745.8
Peaches and nectarines,Fruit,1988,14874.0,63912.0,1035,24.5,47.0,169.368,4296.9
Peaches and nectarines,Fruit,1989,15122.0,67305.0,899,23.98,50.5,169.976,4450.8
Peaches and nectarines,Fruit,1990,15500.0,70000.0,926,23.92,55.0,170.109,4516.1
Peaches and nectarines,Fruit,1991,16000.0,75000.0,921,24.18,57.5,170.182,4687.5
Peaches and nectarines,Fruit,1992,17000.0,80000.0,820,24.01,60.0,170.006,4705.9
Peaches and nectarines,Fruit,1993,17500.0,83000.0,960,24.2,63.0,170.286,4742.9
Peaches and nectarines,Fruit,1994,18000.0,85000.0,1010,24.08,67.0,170.325,4722.2
Peaches and nectarines,Fruit,1995,18300.0,89000.0,870,24.21,72.0,169.911,4863.4
Peaches and nectarines,Fruit,1996,18500.0,95000.0,1034,24.3,76.0,169.525,5135.1
Peaches and nectarines,Fruit,1997,19935.0,100000.0,852,23.92,79.0,170.101,5016.2
Peaches and nectarines,Fruit,1998,20099.0,101000.0,1002,24.57,83.0,170.029,5025.1
Peaches and nectarines,Fruit,1999,22654.0,114000.0,823,24.46,87.0,170.125,5032.3
Peaches and nectarines,Fruit,2000,23819.0,120000.0,876,24.33,90.0,170.13,5038.0
Peaches and nectarines,Fruit,2001,22664.0,114288.33,894,24.46,94.0,169.825,5042.6
Peaches and nectarines,Fruit,2002,22327.0,112697.6,705,24.8,156.38,170.032,5047.6
Peaches and nectarines,Fruit,2003,21989.0,111077.82,980,24.66,164.84,169.799,5051.6
Peaches and nectarines,Fruit,2004,21648.0,109431.98,822,24.54,192.35,169.891,5055.0
Peaches and nectarines,Fruit,2005,21282.0,107644.9,919,24.56,208.53,169.674,5058.0
Peaches and nectarines,Fruit,2006,20933.0,105932.99,903,24.64,239.93,169.462,5060.5
Peaches and nectarines,Fruit,2007,20583.0,104204.22,1052,24.6,245.53,169.202,5062.6
Peaches and nectarines,Fruit,2008,20231.0,102460.92,981,24.26,267.03,169.395,5064.5
Peaches and nectarines,Fruit,2009,19879.0,100705.93,731,25.14,289.69,169.724,5066.1
Peaches and nectarines,Fruit,2010,19525.0,98942.11,1011,25.13,305.91,169.234,5067.5
Peaches and nectarines,Fruit,2011,18000.0,92000.0,1011,24.34,321.53,169.369,5111.1
Peaches and nectarines,Fruit,2012,20000.0,91000.0,919,24.48,317.58,169.346,4550.0
Peaches and nectarines,Fruit,2013,19000.0,98000.0,1002,24.42,306.69,169.442,5157.9
Peaches and nectarines,Fruit,2014,18000.0,94000.0,882,24.52,318.21,169.463,5222.2
Peaches and nectarines,Fruit,2015,19000.0,97000.0,772,24.69,329.28,169.413,5105.3
Peaches and nectarines,Fruit,2016,17553.0,107205.5,973,25.07,319.47,169.317,6107.5
Peaches and nectarines,Fruit,2017,18381.0,106468.0,952,24.96,325.62,168.895,5792.3
Peaches and nectarines,Fruit,2018,18538.0,113738.68,913,24.88,336.43,168.778,6135.4
Peaches and nectarines,Fruit,2019,18798.0,117579.52,1012,24.8,365.61,168.669,6255.0
Peaches and nectarines,Fruit,2020,18578.0,119033.82,1089,24.51,472.49,168.048,6407.2
Peaches and nectarines,Fruit,2021,18338.0,111230.36,870,24.73,455.66,168.14,6065.7
Peaches and nectarines,Fruit,2022,19168.0,121243.0,925,24.78,450.93,168.231,6325.3
Peaches and nectarines,Fruit,2023,16488.0,101705.0,820,24.9,455.08,168.323,6168.4
Peaches and nectarines,Fruit,2024,16686.0,108719.0,868,25.14,455.08,168.323,6515.6
Pears,Fruit,1961,6100.0,33000.0,1013,23.82,2.0,160.986,5409.8
Pears,Fruit,1962,6200.0,37000.0,899,23.53,2.4,162.4,5967.7
Pears,Fruit,1963,6700.0,40000.0,920,23.98,2.9,162.05,5970.1
Pears,Fruit,1964,7700.0,46000.0,884,23.97,3.5,162.118,5974.0
Pears,Fruit,1965,7500.0,45000.0,788,23.93,4.1,162.434,6000.0
Pears,Fruit,1966,7800.0,47000.0,939,24.32,4.8,162.72,6025.6
Pears,Fruit,1967,8000.0,48000.0,943,23.8,5.7,163.79,6000.0
Pears,Fruit,1968,8100.0,49000.0,858,23.81,6.8,164.569,6049.4
Pears,Fruit,1969,8300.0,50000.0,999,24.35,8.0,164.476,6024.1
Pears,Fruit,1970,8600.0,52000.0,916,24.05,9.5,165.06,6046.5
Pears,Fruit,1971,9000.0,54000.0,887,23.51,11.0,164.556,6000.0
Pears,Fruit,1972,8700.0,52000.0,761,24.0,12.8,164.986,5977.0
Pears,Fruit,1973,9000.0,54000.0,990,24.3,14.0,166.044,6000.0
Pears,Fruit,1974,9000.0,54000.0,878,24.01,13.5,166.501,6000.0
Pears,Fruit,1975,9300.0,56000.0,963,23.68,15.1,166.838,6021.5
Pears,Fruit,1976,9700.0,58000.0,836,23.95,16.8,167.057,5979.4
Pears,Fruit,1977,10000.0,60000.0,912,24.13,19.0,167.059,6000.0
Pears,Fruit,1978,10300.0,62000.0,956,23.82,21.5,168.239,6019.4
Pears,Fruit,1979,10300.0,62000.0,797,24.29,23.0,168.444,6019.4
Pears,Fruit,1980,10600.0,64000.0,921,24.39,25.0,168.154,6037.7
Pears,Fruit,1981,11000.0,65000.0,912,24.06,28.0,168.412,5909.1
Pears,Fruit,1982,11000.0,65000.0,834,23.98,30.5,168.746,5909.1
Pears,Fruit,1983,11700.0,70000.0,1009,23.86,33.0,168.532,5982.9
Pears,Fruit,1984,13000.0,80000.0,854,23.88,36.0,169.418,6153.8
Pears,Fruit,1985,14000.0,85000.0,897,24.2,39.5,169.34,6071.4
Pears,Fruit,1986,13700.0,82000.0,859,24.18,42.0,169.409,5985.4
Pears,Fruit,1987,21471.0,72676.0,757,24.56,43.5,169.705,3384.8
Pears,Fruit,1988,22326.0,82151.0,1035,24.5,47.0,169.368,3679.6
Pears,Fruit,1989,22750.0,118658.0,899,23.98,50.5,169.976,5215.7
Pears,Fruit,1990,29638.0,157987.0,926,23.92,55.0,170.109,5330.6
Pears,Fruit,1991,19000.0,115000.0,921,24.18,57.5,170.182,6052.6
Pears,Fruit,1992,20000.0,120000.0,820,24.01,60.0,170.006,6000.0
Pears,Fruit,1993,22000.0,130000.0,960,24.2,63.0,170.286,5909.1
Pears,Fruit,1994,21693.0,135537.73,1010,24.08,67.0,170.325,6248.0
Pears,Fruit,1995,21751.0,140000.0,870,24.21,72.0,169.911,6436.6
Pears,Fruit,1996,22500.0,150000.0,1034,24.3,76.0,169.525,6666.7
Pears,Fruit,1997,22375.0,153000.0,852,23.92,79.0,170.101,6838.0
Pears,Fruit,1998,22432.0,158000.0,1002,24.57,83.0,170.029,7043.6
Pears,Fruit,1999,23000.0,178000.0,823,24.46,87.0,170.125,7739.1
Pears,Fruit,2000,25346.0,188000.0,876,24.33,90.0,170.13,7417.3
Pears,Fruit,2001,26530.0,200000.0,894,24.46,94.0,169.825,7538.7
Pears,Fruit,2002,28229.0,216202.82,705,24.8,156.38,170.032,7658.8
Pears,Fruit,2003,29685.0,230869.34,980,24.66,164.84,169.799,7777.2
Pears,Fruit,2004,32452.0,245887.05,822,24.54,192.35,169.891,7576.9
Pears,Fruit,2005,35088.0,263718.26,919,24.56,208.53,169.674,7515.8
Pears,Fruit,2006,37074.0,278673.48,903,24.64,239.93,169.462,7516.7
Pears,Fruit,2007,40041.0,301547.76,1052,24.6,245.53,169.202,7530.9
Pears,Fruit,2008,41489.0,311805.83,981,24.26,267.03,169.395,7515.3
Pears,Fruit,2009,42638.0,320464.24,731,25.14,289.69,169.724,7515.9
Pears,Fruit,2010,44713.0,336000.0,1011,25.13,305.91,169.234,7514.5
Pears,Fruit,2011,44598.0,335000.0,1011,24.34,321.53,169.369,7511.5
Pears,Fruit,2012,45285.0,340000.0,919,24.48,317.58,169.346,7508.0
Pears,Fruit,2013,43296.0,325000.0,1002,24.42,306.69,169.442,7506.5
Pears,Fruit,2014,42280.0,316700.0,882,24.52,318.21,169.463,7490.5
Pears,Fruit,2015,42000.0,303000.0,772,24.69,329.28,169.413,7214.3
Pears,Fruit,2016,40000.0,323000.0,973,25.07,319.47,169.317,8075.0
Pears,Fruit,2017,44000.0,346000.0,952,24.96,325.62,168.895,7863.6
Pears,Fruit,2018,44000.0,318000.0,913,24.88,336.43,168.778,7227.3
Pears,Fruit,2019,42000.0,300000.0,1012,24.8,365.61,168.669,7142.9
Pears,Fruit,2020,43000.0,290000.0,1089,24.51,472.49,168.048,6744.2
Pears,Fruit,2021,42000.0,276000.0,870,24.73,455.66,168.14,6571.4
Pears,Fruit,2022,44000.0,309000.0,925,24.78,450.93,168.231,7022.7
Pears,Fruit,2023,35000.0,271000.0,820,24.9,455.08,168.323,7742.9
Pears,Fruit,2024,35023.0,274315.0,868,25.14,455.08,168.323,7832.4
"Peas, dry",Pulse,1961,1176809.0,1049580.0,1013,23.82,2.0,160.986,891.9
"Peas, dry",Pulse,1962,1258150.0,1103430.0,899,23.53,2.4,162.4,877.0
"Peas, dry",Pulse,1963,1325327.0,1026210.0,920,23.98,2.9,162.05,774.3
"Peas, dry",Pulse,1964,1300300.0,670500.0,884,23.97,3.5,162.118,515.7
"Peas, dry",Pulse,1965,1121800.0,925500.0,788,23.93,4.1,162.434,825.0
"Peas, dry",Pulse,1966,1109300.0,806800.0,939,24.32,4.8,162.72,727.3
"Peas, dry",Pulse,1967,1095600.0,660400.0,943,23.8,5.7,163.79,602.8
"Peas, dry",Pulse,1968,1029200.0,949500.0,858,23.81,6.8,164.569,922.6
"Peas, dry",Pulse,1969,1039800.0,958000.0,999,24.35,8.0,164.476,921.3
"Peas, dry",Pulse,1970,988800.0,772100.0,916,24.05,9.5,165.06,780.8
"Peas, dry",Pulse,1971,917000.0,775000.0,887,23.51,11.0,164.556,845.1
"Peas, dry",Pulse,1972,869300.0,658000.0,761,24.0,12.8,164.986,756.9
"Peas, dry",Pulse,1973,806800.0,461400.0,990,24.3,14.0,166.044,571.9
"Peas, dry",Pulse,1974,765300.0,377900.0,878,24.01,13.5,166.501,493.8
"Peas, dry",Pulse,1975,687500.0,472300.0,963,23.68,15.1,166.838,687.0
"Peas, dry",Pulse,1976,705100.0,542000.0,836,23.95,16.8,167.057,768.7
"Peas, dry",Pulse,1977,671600.0,432000.0,912,24.13,19.0,167.059,643.2
"Peas, dry",Pulse,1978,607600.0,360100.0,956,23.82,21.5,168.239,592.7
"Peas, dry",Pulse,1979,617500.0,359800.0,797,24.29,23.0,168.444,582.7
"Peas, dry",Pulse,1980,477700.0,229300.0,921,24.39,25.0,168.154,480.0
"Peas, dry",Pulse,1981,429200.0,295000.0,912,24.06,28.0,168.412,687.3
"Peas, dry",Pulse,1982,432600.0,299000.0,834,23.98,30.5,168.746,691.2
"Peas, dry",Pulse,1983,450000.0,339400.0,1009,23.86,33.0,168.532,754.2
"Peas, dry",Pulse,1984,443800.0,363500.0,854,23.88,36.0,169.418,819.1
"Peas, dry",Pulse,1985,443500.0,330800.0,897,24.2,39.5,169.34,745.9
"Peas, dry",Pulse,1986,502000.0,427200.0,859,24.18,42.0,169.409,851.0
"Peas, dry",Pulse,1987,478900.0,388000.0,757,24.56,43.5,169.705,810.2
"Peas, dry",Pulse,1988,431300.0,377300.0,1035,24.5,47.0,169.368,874.8
"Peas, dry",Pulse,1989,443000.0,417300.0,899,23.98,50.5,169.976,942.0
"Peas, dry",Pulse,1990,507000.0,461000.0,926,23.92,55.0,170.109,909.3
"Peas, dry",Pulse,1991,554800.0,604900.0,921,24.18,57.5,170.182,1090.3
"Peas, dry",Pulse,1992,578600.0,552200.0,820,24.01,60.0,170.006,954.4
"Peas, dry",Pulse,1993,608500.0,549500.0,960,24.2,63.0,170.286,903.0
"Peas, dry",Pulse,1994,691000.0,640300.0,1010,24.08,67.0,170.325,926.6
"Peas, dry",Pulse,1995,758200.0,666500.0,870,24.21,72.0,169.911,879.1
"Peas, dry",Pulse,1996,764500.0,639200.0,1034,24.3,76.0,169.525,836.1
"Peas, dry",Pulse,1997,731100.0,721300.0,852,23.92,79.0,170.101,986.6
"Peas, dry",Pulse,1998,741600.0,661100.0,1002,24.57,83.0,170.029,891.5
"Peas, dry",Pulse,1999,834200.0,705000.0,823,24.46,87.0,170.125,845.1
"Peas, dry",Pulse,2000,791500.0,814800.0,876,24.33,90.0,170.13,1029.4
"Peas, dry",Pulse,2001,654700.0,563200.0,894,24.46,94.0,169.825,860.2
"Peas, dry",Pulse,2002,670300.0,607600.0,705,24.8,156.38,170.032,906.5
"Peas, dry",Pulse,2003,663600.0,591500.0,980,24.66,164.84,169.799,891.4
"Peas, dry",Pulse,2004,709500.0,725200.0,822,24.54,192.35,169.891,1022.1
"Peas, dry",Pulse,2005,791200.0,785600.0,919,24.56,208.53,169.674,992.9
"Peas, dry",Pulse,2006,777800.0,709900.0,903,24.64,239.93,169.462,912.7
"Peas, dry",Pulse,2007,743700.0,598900.0,1052,24.6,245.53,169.202,805.3
"Peas, dry",Pulse,2008,611700.0,457700.0,981,24.26,267.03,169.395,748.2
"Peas, dry",Pulse,2009,718300.0,658200.0,731,25.14,289.69,169.724,916.3
"Peas, dry",Pulse,2010,764400.0,674700.0,1011,25.13,305.91,169.234,882.7
"Peas, dry",Pulse,2011,727200.0,593200.0,1011,24.34,321.53,169.369,815.7
"Peas, dry",Pulse,2012,756000.0,706000.0,919,24.48,317.58,169.346,933.9
"Peas, dry",Pulse,2013,767000.0,843000.0,1002,24.42,306.69,169.442,1099.1
"Peas, dry",Pulse,2014,963000.0,925000.0,882,24.52,318.21,169.463,960.5
"Peas, dry",Pulse,2015,975000.0,889000.0,772,24.69,329.28,169.413,911.8
"Peas, dry",Pulse,2016,903000.0,742000.0,973,25.07,319.47,169.317,821.7
"Peas, dry",Pulse,2017,1058880.0,1011190.0,952,24.96,325.62,168.895,955.0
"Peas, dry",Pulse,2018,825210.0,993250.0,913,24.88,336.43,168.778,1203.6
"Peas, dry",Pulse,2019,606720.0,811810.0,1012,24.8,365.61,168.669,1338.0
"Peas, dry",Pulse,2020,597297.0,860160.0,1089,24.51,472.49,168.048,1440.1
"Peas, dry",Pulse,2021,637566.0,876542.0,870,24.73,455.66,168.14,1374.8
"Peas, dry",Pulse,2022,761959.0,1004402.0,925,24.78,450.93,168.231,1318.2
"Peas, dry",Pulse,2023,838961.0,1134336.56,820,24.9,455.08,168.323,1352.1
"Peas, dry",Pulse,2024,771985.0,1066557.47,868,25.14,455.08,168.323,1381.6
"Peas, green",Pulse,1961,60000.0,550000.0,1013,23.82,2.0,160.986,9166.7
"Peas, green",Pulse,1962,62000.0,550000.0,899,23.53,2.4,162.4,8871.0
"Peas, green",Pulse,1963,64000.0,570000.0,920,23.98,2.9,162.05,8906.3
"Peas, green",Pulse,1964,65000.0,600000.0,884,23.97,3.5,162.118,9230.8
"Peas, green",Pulse,1965,67000.0,625000.0,788,23.93,4.1,162.434,9328.4
"Peas, green",Pulse,1966,69000.0,655000.0,939,24.32,4.8,162.72,9492.8
"Peas, green",Pulse,1967,70000.0,700000.0,943,23.8,5.7,163.79,10000.0
"Peas, green",Pulse,1968,73000.0,730000.0,858,23.81,6.8,164.569,10000.0
"Peas, green",Pulse,1969,75000.0,750000.0,999,24.35,8.0,164.476,10000.0
"Peas, green",Pulse,1970,77000.0,780000.0,916,24.05,9.5,165.06,10129.9
"Peas, green",Pulse,1971,80000.0,810000.0,887,23.51,11.0,164.556,10125.0
"Peas, green",Pulse,1972,83000.0,840000.0,761,24.0,12.8,164.986,10120.5
"Peas, green",Pulse,1973,86000.0,880000.0,990,24.3,14.0,166.044,10232.6
"Peas, green",Pulse,1974,90000.0,930000.0,878,24.01,13.5,166.501,10333.3
"Peas, green",Pulse,1975,93000.0,960000.0,963,23.68,15.1,166.838,10322.6
"Peas, green",Pulse,1976,95000.0,1000000.0,836,23.95,16.8,167.057,10526.3
"Peas, green",Pulse,1977,97000.0,1000000.0,912,24.13,19.0,167.059,10309.3
"Peas, green",Pulse,1978,100000.0,1050000.0,956,23.82,21.5,168.239,10500.0
"Peas, green",Pulse,1979,102000.0,1070000.0,797,24.29,23.0,168.444,10490.2
"Peas, green",Pulse,1980,107000.0,1125000.0,921,24.39,25.0,168.154,10514.0
"Peas, green",Pulse,1981,110000.0,1200000.0,912,24.06,28.0,168.412,10909.1
"Peas, green",Pulse,1982,111000.0,1240000.0,834,23.98,30.5,168.746,11171.2
"Peas, green",Pulse,1983,115000.0,1250000.0,1009,23.86,33.0,168.532,10869.6
"Peas, green",Pulse,1984,117000.0,1250000.0,854,23.88,36.0,169.418,10683.8
"Peas, green",Pulse,1985,120000.0,1380000.0,897,24.2,39.5,169.34,11500.0
"Peas, green",Pulse,1986,125000.0,1430000.0,859,24.18,42.0,169.409,11440.0
"Peas, green",Pulse,1987,130000.0,1625000.0,757,24.56,43.5,169.705,12500.0
"Peas, green",Pulse,1988,135000.0,1690000.0,1035,24.5,47.0,169.368,12518.5
"Peas, green",Pulse,1989,140000.0,1790000.0,899,23.98,50.5,169.976,12785.7
"Peas, green",Pulse,1990,145000.0,1900000.0,926,23.92,55.0,170.109,13103.4
"Peas, green",Pulse,1991,147000.0,2106000.0,921,24.18,57.5,170.182,14326.5
"Peas, green",Pulse,1992,146388.0,2100000.0,820,24.01,60.0,170.006,14345.4
"Peas, green",Pulse,1993,148000.0,2150000.0,960,24.2,63.0,170.286,14527.0
"Peas, green",Pulse,1994,180000.0,2400000.0,1010,24.08,67.0,170.325,13333.3
"Peas, green",Pulse,1995,220000.0,2500000.0,870,24.21,72.0,169.911,11363.6
"Peas, green",Pulse,1996,200000.0,2000000.0,1034,24.3,76.0,169.525,10000.0
"Peas, green",Pulse,1997,220000.0,2200000.0,852,23.92,79.0,170.101,10000.0
"Peas, green",Pulse,1998,270000.0,2420000.0,1002,24.57,83.0,170.029,8963.0
"Peas, green",Pulse,1999,280000.0,2700000.0,823,24.46,87.0,170.125,9642.9
"Peas, green",Pulse,2000,270000.0,2710000.0,876,24.33,90.0,170.13,10037.0
"Peas, green",Pulse,2001,320000.0,3010000.0,894,24.46,94.0,169.825,9406.3
"Peas, green",Pulse,2002,300000.0,2040000.0,705,24.8,156.38,170.032,6800.0
"Peas, green",Pulse,2003,305200.0,2061800.0,980,24.66,164.84,169.799,6755.6
"Peas, green",Pulse,2004,285200.0,1901200.0,822,24.54,192.35,169.891,6666.2
"Peas, green",Pulse,2005,276300.0,1944800.0,919,24.56,208.53,169.674,7038.7
"Peas, green",Pulse,2006,286100.0,2270000.0,903,24.64,239.93,169.462,7934.3
"Peas, green",Pulse,2007,297000.0,2402000.0,1052,24.6,245.53,169.202,8087.5
"Peas, green",Pulse,2008,313000.0,2491000.0,981,24.26,267.03,169.395,7958.5
"Peas, green",Pulse,2009,348000.0,2916000.0,731,25.14,289.69,169.724,8379.3
"Peas, green",Pulse,2010,364900.0,3029400.0,1011,25.13,305.91,169.234,8302.0
"Peas, green",Pulse,2011,370000.0,3517000.0,1011,24.34,321.53,169.369,9505.4
"Peas, green",Pulse,2012,408200.0,3744800.0,919,24.48,317.58,169.346,9173.9
"Peas, green",Pulse,2013,420900.0,4006200.0,1002,24.42,306.69,169.442,9518.2
"Peas, green",Pulse,2014,433560.0,3868630.0,882,24.52,318.21,169.463,8922.9
"Peas, green",Pulse,2015,476000.0,4652000.0,772,24.69,329.28,169.413,9773.1
"Peas, green",Pulse,2016,498000.0,4811000.0,973,25.07,319.47,169.317,9660.6
"Peas, green",Pulse,2017,530000.0,5345000.0,952,24.96,325.62,168.895,10084.9
"Peas, green",Pulse,2018,540000.0,5422000.0,913,24.88,336.43,168.778,10040.7
"Peas, green",Pulse,2019,552000.0,5562000.0,1012,24.8,365.61,168.669,10076.1
"Peas, green",Pulse,2020,568000.0,5848000.0,1089,24.51,472.49,168.048,10295.8
"Peas, green",Pulse,2021,567000.0,5846000.0,870,24.73,455.66,168.14,10310.4
"Peas, green",Pulse,2022,590000.0,6182000.0,925,24.78,450.93,168.231,10478.0
"Peas, green",Pulse,2023,609000.0,6592000.0,820,24.9,455.08,168.323,10824.3
"Peas, green",Pulse,2024,611389.0,6670595.0,868,25.14,455.08,168.323,10910.6
"Pepper (Piper spp.), raw",Spice,1961,103000.0,28000.0,1013,23.82,2.0,160.986,271.8
"Pepper (Piper spp.), raw",Spice,1962,102000.0,26000.0,899,23.53,2.4,162.4,254.9
"Pepper (Piper spp.), raw",Spice,1963,102000.0,24000.0,920,23.98,2.9,162.05,235.3
"Pepper (Piper spp.), raw",Spice,1964,103000.0,24000.0,884,23.97,3.5,162.118,233.0
"Pepper (Piper spp.), raw",Spice,1965,102000.0,23000.0,788,23.93,4.1,162.434,225.5
"Pepper (Piper spp.), raw",Spice,1966,121000.0,27000.0,939,24.32,4.8,162.72,223.1
"Pepper (Piper spp.), raw",Spice,1967,128000.0,26000.0,943,23.8,5.7,163.79,203.1
"Pepper (Piper spp.), raw",Spice,1968,121200.0,25700.0,858,23.81,6.8,164.569,212.0
"Pepper (Piper spp.), raw",Spice,1969,120300.0,25500.0,999,24.35,8.0,164.476,212.0
"Pepper (Piper spp.), raw",Spice,1970,119960.0,26160.0,916,24.05,9.5,165.06,218.1
"Pepper (Piper spp.), raw",Spice,1971,118630.0,26160.0,887,23.51,11.0,164.556,220.5
"Pepper (Piper spp.), raw",Spice,1972,119800.0,26190.0,761,24.0,12.8,164.986,218.6
"Pepper (Piper spp.), raw",Spice,1973,121720.0,28700.0,990,24.3,14.0,166.044,235.8
"Pepper (Piper spp.), raw",Spice,1974,121920.0,28180.0,878,24.01,13.5,166.501,231.1
"Pepper (Piper spp.), raw",Spice,1975,111930.0,25570.0,963,23.68,15.1,166.838,228.4
"Pepper (Piper spp.), raw",Spice,1976,114340.0,31620.0,836,23.95,16.8,167.057,276.5
"Pepper (Piper spp.), raw",Spice,1977,111970.0,25620.0,912,24.13,19.0,167.059,228.8
"Pepper (Piper spp.), raw",Spice,1978,84570.0,21500.0,956,23.82,21.5,168.239,254.2
"Pepper (Piper spp.), raw",Spice,1979,110720.0,27700.0,797,24.29,23.0,168.444,250.2
"Pepper (Piper spp.), raw",Spice,1980,109290.0,29490.0,921,24.39,25.0,168.154,269.8
"Pepper (Piper spp.), raw",Spice,1981,111020.0,29500.0,912,24.06,28.0,168.412,265.7
"Pepper (Piper spp.), raw",Spice,1982,111000.0,29200.0,834,23.98,30.5,168.746,263.1
"Pepper (Piper spp.), raw",Spice,1983,110440.0,26610.0,1009,23.86,33.0,168.532,240.9
"Pepper (Piper spp.), raw",Spice,1984,107350.0,22710.0,854,23.88,36.0,169.418,211.6
"Pepper (Piper spp.), raw",Spice,1985,109400.0,18220.0,897,24.2,39.5,169.34,166.5
"Pepper (Piper spp.), raw",Spice,1986,125100.0,34000.0,859,24.18,42.0,169.409,271.8
"Pepper (Piper spp.), raw",Spice,1987,132810.0,31340.0,757,24.56,43.5,169.705,236.0
"Pepper (Piper spp.), raw",Spice,1988,149930.0,48090.0,1035,24.5,47.0,169.368,320.7
"Pepper (Piper spp.), raw",Spice,1989,160740.0,44160.0,899,23.98,50.5,169.976,274.7
"Pepper (Piper spp.), raw",Spice,1990,171490.0,55190.0,926,23.92,55.0,170.109,321.8
"Pepper (Piper spp.), raw",Spice,1991,173430.0,47950.0,921,24.18,57.5,170.182,276.5
"Pepper (Piper spp.), raw",Spice,1992,184200.0,52010.0,820,24.01,60.0,170.006,282.4
"Pepper (Piper spp.), raw",Spice,1993,189370.0,50760.0,960,24.2,63.0,170.286,268.0
"Pepper (Piper spp.), raw",Spice,1994,191000.0,51300.0,1010,24.08,67.0,170.325,268.6
"Pepper (Piper spp.), raw",Spice,1995,193300.0,60700.0,870,24.21,72.0,169.911,314.0
"Pepper (Piper spp.), raw",Spice,1996,198100.0,61580.0,1034,24.3,76.0,169.525,310.9
"Pepper (Piper spp.), raw",Spice,1997,180000.0,56000.0,852,23.92,79.0,170.101,311.1
"Pepper (Piper spp.), raw",Spice,1998,182000.0,57000.0,1002,24.57,83.0,170.029,313.2
"Pepper (Piper spp.), raw",Spice,1999,240000.0,76000.0,823,24.46,87.0,170.125,316.7
"Pepper (Piper spp.), raw",Spice,2000,196000.0,59000.0,876,24.33,90.0,170.13,301.0
"Pepper (Piper spp.), raw",Spice,2001,214000.0,64000.0,894,24.46,94.0,169.825,299.1
"Pepper (Piper spp.), raw",Spice,2002,219000.0,62000.0,705,24.8,156.38,170.032,283.1
"Pepper (Piper spp.), raw",Spice,2003,216000.0,64000.0,980,24.66,164.84,169.799,296.3
"Pepper (Piper spp.), raw",Spice,2004,233360.0,73190.0,822,24.54,192.35,169.891,313.6
"Pepper (Piper spp.), raw",Spice,2005,228330.0,73020.0,919,24.56,208.53,169.674,319.8
"Pepper (Piper spp.), raw",Spice,2006,260200.0,92900.0,903,24.64,239.93,169.462,357.0
"Pepper (Piper spp.), raw",Spice,2007,246000.0,69000.0,1052,24.6,245.53,169.202,280.5
"Pepper (Piper spp.), raw",Spice,2008,197330.0,47010.0,981,24.26,267.03,169.395,238.2
"Pepper (Piper spp.), raw",Spice,2009,238710.0,47400.0,731,25.14,289.69,169.724,198.6
"Pepper (Piper spp.), raw",Spice,2010,195920.0,51020.0,1011,25.13,305.91,169.234,260.4
"Pepper (Piper spp.), raw",Spice,2011,184000.0,52000.0,1011,24.34,321.53,169.369,282.6
"Pepper (Piper spp.), raw",Spice,2012,200000.0,41000.0,919,24.48,317.58,169.346,205.0
"Pepper (Piper spp.), raw",Spice,2013,125000.0,53000.0,1002,24.42,306.69,169.442,424.0
"Pepper (Piper spp.), raw",Spice,2014,124000.0,51000.0,882,24.52,318.21,169.463,411.3
"Pepper (Piper spp.), raw",Spice,2015,129000.0,65000.0,772,24.69,329.28,169.413,503.9
"Pepper (Piper spp.), raw",Spice,2016,129000.0,55000.0,973,25.07,319.47,169.317,426.4
"Pepper (Piper spp.), raw",Spice,2017,132000.0,72000.0,952,24.96,325.62,168.895,545.5
"Pepper (Piper spp.), raw",Spice,2018,134000.0,66000.0,913,24.88,336.43,168.778,492.5
"Pepper (Piper spp.), raw",Spice,2019,245000.0,137000.0,1012,24.8,365.61,168.669,559.2
"Pepper (Piper spp.), raw",Spice,2020,259000.0,104000.0,1089,24.51,472.49,168.048,401.5
"Pepper (Piper spp.), raw",Spice,2021,309000.0,141000.0,870,24.73,455.66,168.14,456.3
"Pepper (Piper spp.), raw",Spice,2022,284000.0,95000.0,925,24.78,450.93,168.231,334.5
"Pepper (Piper spp.), raw",Spice,2023,299000.0,117000.0,820,24.9,455.08,168.323,391.3
"Pepper (Piper spp.), raw",Spice,2024,312902.0,126038.0,868,25.14,455.08,168.323,402.8
"Pigeon peas, dry",Pulse,1961,2433000.0,2066000.0,1013,23.82,2.0,160.986,849.2
"Pigeon peas, dry",Pulse,1962,2447000.0,1367000.0,899,23.53,2.4,162.4,558.6
"Pigeon peas, dry",Pulse,1963,2452000.0,1582000.0,920,23.98,2.9,162.05,645.2
"Pigeon peas, dry",Pulse,1964,2517000.0,1380000.0,884,23.97,3.5,162.118,548.3
"Pigeon peas, dry",Pulse,1965,2578000.0,1890000.0,788,23.93,4.1,162.434,733.1
"Pigeon peas, dry",Pulse,1966,2556000.0,1733000.0,939,24.32,4.8,162.72,678.0
"Pigeon peas, dry",Pulse,1967,2521000.0,1129700.0,943,23.8,5.7,163.79,448.1
"Pigeon peas, dry",Pulse,1968,2664700.0,1741100.0,858,23.81,6.8,164.569,653.4
"Pigeon peas, dry",Pulse,1969,2528900.0,1815800.0,999,24.35,8.0,164.476,718.0
"Pigeon peas, dry",Pulse,1970,2668700.0,1842200.0,916,24.05,9.5,165.06,690.3
"Pigeon peas, dry",Pulse,1971,2655000.0,1883300.0,887,23.51,11.0,164.556,709.3
"Pigeon peas, dry",Pulse,1972,2345500.0,1683000.0,761,24.0,12.8,164.986,717.5
"Pigeon peas, dry",Pulse,1973,2424100.0,1927600.0,990,24.3,14.0,166.044,795.2
"Pigeon peas, dry",Pulse,1974,2646000.0,1408000.0,878,24.01,13.5,166.501,532.1
"Pigeon peas, dry",Pulse,1975,2528900.0,1834200.0,963,23.68,15.1,166.838,725.3
"Pigeon peas, dry",Pulse,1976,2671000.0,2099300.0,836,23.95,16.8,167.057,786.0
"Pigeon peas, dry",Pulse,1977,2566000.0,1725300.0,912,24.13,19.0,167.059,672.4
"Pigeon peas, dry",Pulse,1978,2626200.0,1929700.0,956,23.82,21.5,168.239,734.8
"Pigeon peas, dry",Pulse,1979,2634900.0,1887400.0,797,24.29,23.0,168.444,716.3
"Pigeon peas, dry",Pulse,1980,2731000.0,1757000.0,921,24.39,25.0,168.154,643.4
"Pigeon peas, dry",Pulse,1981,2842200.0,1957300.0,912,24.06,28.0,168.412,688.7
"Pigeon peas, dry",Pulse,1982,3004000.0,2236500.0,834,23.98,30.5,168.746,744.5
"Pigeon peas, dry",Pulse,1983,2926100.0,1988900.0,1009,23.86,33.0,168.532,679.7
"Pigeon peas, dry",Pulse,1984,3218000.0,2576000.0,854,23.88,36.0,169.418,800.5
"Pigeon peas, dry",Pulse,1985,3154900.0,2585200.0,897,24.2,39.5,169.34,819.4
"Pigeon peas, dry",Pulse,1986,3183900.0,2441000.0,859,24.18,42.0,169.409,766.7
"Pigeon peas, dry",Pulse,1987,3147500.0,2271500.0,757,24.56,43.5,169.705,721.7
"Pigeon peas, dry",Pulse,1988,3333100.0,2282300.0,1035,24.5,47.0,169.368,684.7
"Pigeon peas, dry",Pulse,1989,3488700.0,2717700.0,899,23.98,50.5,169.976,779.0
"Pigeon peas, dry",Pulse,1990,3599700.0,2746600.0,926,23.92,55.0,170.109,763.0
"Pigeon peas, dry",Pulse,1991,3627000.0,2133100.0,921,24.18,57.5,170.182,588.1
"Pigeon peas, dry",Pulse,1992,3575600.0,2330800.0,820,24.01,60.0,170.006,651.9
"Pigeon peas, dry",Pulse,1993,3531700.0,2692500.0,960,24.2,63.0,170.286,762.4
"Pigeon peas, dry",Pulse,1994,3314300.0,2143800.0,1010,24.08,67.0,170.325,646.8
"Pigeon peas, dry",Pulse,1995,3446700.0,2309400.0,870,24.21,72.0,169.911,670.0
"Pigeon peas, dry",Pulse,1996,3513300.0,2659600.0,1034,24.3,76.0,169.525,757.0
"Pigeon peas, dry",Pulse,1997,3358700.0,1849500.0,852,23.92,79.0,170.101,550.7
"Pigeon peas, dry",Pulse,1998,3439300.0,2707900.0,1002,24.57,83.0,170.029,787.3
"Pigeon peas, dry",Pulse,1999,3426800.0,2693800.0,823,24.46,87.0,170.125,786.1
"Pigeon peas, dry",Pulse,2000,3632100.0,2246300.0,876,24.33,90.0,170.13,618.5
"Pigeon peas, dry",Pulse,2001,3327700.0,2259800.0,894,24.46,94.0,169.825,679.1
"Pigeon peas, dry",Pulse,2002,3358900.0,2185800.0,705,24.8,156.38,170.032,650.7
"Pigeon peas, dry",Pulse,2003,3515600.0,2356400.0,980,24.66,164.84,169.799,670.3
"Pigeon peas, dry",Pulse,2004,3518500.0,2346900.0,822,24.54,192.35,169.891,667.0
"Pigeon peas, dry",Pulse,2005,3580700.0,2738000.0,919,24.56,208.53,169.674,764.7
"Pigeon peas, dry",Pulse,2006,3561600.0,2314100.0,903,24.64,239.93,169.462,649.7
"Pigeon peas, dry",Pulse,2007,3725800.0,3075940.0,1052,24.6,245.53,169.202,825.6
"Pigeon peas, dry",Pulse,2008,3377900.0,2265500.0,981,24.26,267.03,169.395,670.7
"Pigeon peas, dry",Pulse,2009,3465717.0,2464552.0,731,25.14,289.69,169.724,711.1
"Pigeon peas, dry",Pulse,2010,4366694.0,2861120.0,1011,25.13,305.91,169.234,655.2
"Pigeon peas, dry",Pulse,2011,4007369.0,2654051.0,1011,24.34,321.53,169.369,662.3
"Pigeon peas, dry",Pulse,2012,3892874.0,3022695.0,919,24.48,317.58,169.346,776.5
"Pigeon peas, dry",Pulse,2013,3904438.0,3174399.0,1002,24.42,306.69,169.442,813.0
"Pigeon peas, dry",Pulse,2014,3853540.0,2807324.0,882,24.52,318.21,169.463,728.5
"Pigeon peas, dry",Pulse,2015,3963348.0,2560960.5,772,24.69,329.28,169.413,646.2
"Pigeon peas, dry",Pulse,2016,5337886.0,4873240.54,973,25.07,319.47,169.317,913.0
"Pigeon peas, dry",Pulse,2017,4438306.0,4289822.37,952,24.96,325.62,168.895,966.5
"Pigeon peas, dry",Pulse,2018,4549542.0,3315442.36,913,24.88,336.43,168.778,728.7
"Pigeon peas, dry",Pulse,2019,4532470.0,3891725.17,1012,24.8,365.61,168.669,858.6
"Pigeon peas, dry",Pulse,2020,4724445.0,4315897.25,1089,24.51,472.49,168.048,913.5
"Pigeon peas, dry",Pulse,2021,4900257.0,4220191.99,870,24.73,455.66,168.14,861.2
"Pigeon peas, dry",Pulse,2022,4068434.0,3311532.36,925,24.78,450.93,168.231,814.0
"Pigeon peas, dry",Pulse,2023,4130592.0,3416838.21,820,24.9,455.08,168.323,827.2
"Pigeon peas, dry",Pulse,2024,4199271.0,3510869.73,868,25.14,455.08,168.323,836.1
Pineapples,Fruit,1961,6970.0,76000.0,1013,23.82,2.0,160.986,10903.9
Pineapples,Fruit,1962,9200.0,100000.0,899,23.53,2.4,162.4,10869.6
Pineapples,Fruit,1963,13800.0,150000.0,920,23.98,2.9,162.05,10869.6
Pineapples,Fruit,1964,18300.0,200000.0,884,23.97,3.5,162.118,10929.0
Pineapples,Fruit,1965,25700.0,280000.0,788,23.93,4.1,162.434,10894.9
Pineapples,Fruit,1966,31300.0,340000.0,939,24.32,4.8,162.72,10862.6
Pineapples,Fruit,1967,33100.0,360000.0,943,23.8,5.7,163.79,10876.1
Pineapples,Fruit,1968,33100.0,360000.0,858,23.81,6.8,164.569,10876.1
Pineapples,Fruit,1969,34000.0,370000.0,999,24.35,8.0,164.476,10882.4
Pineapples,Fruit,1970,34900.0,380000.0,916,24.05,9.5,165.06,10888.3
Pineapples,Fruit,1971,34900.0,380000.0,887,23.51,11.0,164.556,10888.3
Pineapples,Fruit,1972,35900.0,390000.0,761,24.0,12.8,164.986,10863.5
Pineapples,Fruit,1973,36800.0,400000.0,990,24.3,14.0,166.044,10869.6
Pineapples,Fruit,1974,37700.0,410000.0,878,24.01,13.5,166.501,10875.3
Pineapples,Fruit,1975,38600.0,420000.0,963,23.68,15.1,166.838,10880.8
Pineapples,Fruit,1976,39500.0,430000.0,836,23.95,16.8,167.057,10886.1
Pineapples,Fruit,1977,40720.0,442900.0,912,24.13,19.0,167.059,10876.7
Pineapples,Fruit,1978,41860.0,470610.0,956,23.82,21.5,168.239,11242.5
Pineapples,Fruit,1979,43950.0,500300.0,797,24.29,23.0,168.444,11383.4
Pineapples,Fruit,1980,45600.0,548980.0,921,24.39,25.0,168.154,12039.0
Pineapples,Fruit,1981,48140.0,593230.0,912,24.06,28.0,168.412,12323.0
Pineapples,Fruit,1982,83490.0,643100.0,834,23.98,30.5,168.746,7702.7
Pineapples,Fruit,1983,87200.0,671820.0,1009,23.86,33.0,168.532,7704.4
Pineapples,Fruit,1984,55080.0,755970.0,854,23.88,36.0,169.418,13724.9
Pineapples,Fruit,1985,56180.0,771060.0,897,24.2,39.5,169.34,13724.8
Pineapples,Fruit,1986,47000.0,607000.0,859,24.18,42.0,169.409,12914.9
Pineapples,Fruit,1987,45661.0,578035.0,757,24.56,43.5,169.705,12659.3
Pineapples,Fruit,1988,51549.0,815387.0,1035,24.5,47.0,169.368,15817.7
Pineapples,Fruit,1989,54141.0,787000.0,899,23.98,50.5,169.976,14536.1
Pineapples,Fruit,1990,54587.0,881000.0,926,23.92,55.0,170.109,16139.4
Pineapples,Fruit,1991,63647.0,768000.0,921,24.18,57.5,170.182,12066.6
Pineapples,Fruit,1992,57059.0,859000.0,820,24.01,60.0,170.006,15054.6
Pineapples,Fruit,1993,59436.0,1000000.0,960,24.2,63.0,170.286,16824.8
Pineapples,Fruit,1994,70000.0,1010000.0,1010,24.08,67.0,170.325,14428.6
Pineapples,Fruit,1995,80000.0,1060000.0,870,24.21,72.0,169.911,13250.0
Pineapples,Fruit,1996,82000.0,1200000.0,1034,24.3,76.0,169.525,14634.1
Pineapples,Fruit,1997,86215.0,1250000.0,852,23.92,79.0,170.101,14498.6
Pineapples,Fruit,1998,70000.0,940000.0,1002,24.57,83.0,170.029,13428.6
Pineapples,Fruit,1999,74200.0,1006000.0,823,24.46,87.0,170.125,13558.0
Pineapples,Fruit,2000,70000.0,1020000.0,876,24.33,90.0,170.13,14571.4
Pineapples,Fruit,2001,80000.0,1220000.0,894,24.46,94.0,169.825,15250.0
Pineapples,Fruit,2002,80000.0,1180000.0,705,24.8,156.38,170.032,14750.0
Pineapples,Fruit,2003,90000.0,1310000.0,980,24.66,164.84,169.799,14555.6
Pineapples,Fruit,2004,80900.0,1234200.0,822,24.54,192.35,169.891,15255.9
Pineapples,Fruit,2005,82800.0,1278900.0,919,24.56,208.53,169.674,15445.7
Pineapples,Fruit,2006,82400.0,1262600.0,903,24.64,239.93,169.462,15322.8
Pineapples,Fruit,2007,87000.0,1362000.0,1052,24.6,245.53,169.202,15655.2
Pineapples,Fruit,2008,80000.0,1245000.0,981,24.26,267.03,169.395,15562.5
Pineapples,Fruit,2009,84000.0,1341000.0,731,25.14,289.69,169.724,15964.3
Pineapples,Fruit,2010,91900.0,1386800.0,1011,25.13,305.91,169.234,15090.3
Pineapples,Fruit,2011,89000.0,1415000.0,1011,24.34,321.53,169.369,15898.9
Pineapples,Fruit,2012,102000.0,1500000.0,919,24.48,317.58,169.346,14705.9
Pineapples,Fruit,2013,105000.0,1571000.0,1002,24.42,306.69,169.442,14961.9
Pineapples,Fruit,2014,109880.0,1736740.0,882,24.52,318.21,169.463,15805.8
Pineapples,Fruit,2015,116000.0,1984000.0,772,24.69,329.28,169.413,17103.4
Pineapples,Fruit,2016,110000.0,1924000.0,973,25.07,319.47,169.317,17490.9
Pineapples,Fruit,2017,111000.0,1861000.0,952,24.96,325.62,168.895,16765.8
Pineapples,Fruit,2018,103000.0,1706000.0,913,24.88,336.43,168.778,16563.1
Pineapples,Fruit,2019,104000.0,1711000.0,1012,24.8,365.61,168.669,16451.9
Pineapples,Fruit,2020,106000.0,1732000.0,1089,24.51,472.49,168.048,16339.6
Pineapples,Fruit,2021,106000.0,1799000.0,870,24.73,455.66,168.14,16971.7
Pineapples,Fruit,2022,108000.0,1851000.0,925,24.78,450.93,168.231,17138.9
Pineapples,Fruit,2023,108000.0,1828000.0,820,24.9,455.08,168.323,16925.9
Pineapples,Fruit,2024,106020.0,1733499.0,868,25.14,455.08,168.323,16350.7
Plums and sloes,Fruit,1961,3000.0,11000.0,1013,23.82,2.0,160.986,3666.7
Plums and sloes,Fruit,1962,3200.0,13000.0,899,23.53,2.4,162.4,4062.5
Plums and sloes,Fruit,1963,2700.0,11000.0,920,23.98,2.9,162.05,4074.1
Plums and sloes,Fruit,1964,3700.0,15000.0,884,23.97,3.5,162.118,4054.1
Plums and sloes,Fruit,1965,3500.0,14000.0,788,23.93,4.1,162.434,4000.0
Plums and sloes,Fruit,1966,3700.0,15000.0,939,24.32,4.8,162.72,4054.1
Plums and sloes,Fruit,1967,4000.0,16000.0,943,23.8,5.7,163.79,4000.0
Plums and sloes,Fruit,1968,4200.0,17000.0,858,23.81,6.8,164.569,4047.6
Plums and sloes,Fruit,1969,4500.0,18000.0,999,24.35,8.0,164.476,4000.0
Plums and sloes,Fruit,1970,4700.0,19000.0,916,24.05,9.5,165.06,4042.6
Plums and sloes,Fruit,1971,5000.0,20000.0,887,23.51,11.0,164.556,4000.0
Plums and sloes,Fruit,1972,4500.0,18000.0,761,24.0,12.8,164.986,4000.0
Plums and sloes,Fruit,1973,4700.0,19000.0,990,24.3,14.0,166.044,4042.6
Plums and sloes,Fruit,1974,5000.0,20000.0,878,24.01,13.5,166.501,4000.0
Plums and sloes,Fruit,1975,5500.0,22000.0,963,23.68,15.1,166.838,4000.0
Plums and sloes,Fruit,1976,6000.0,24000.0,836,23.95,16.8,167.057,4000.0
Plums and sloes,Fruit,1977,6200.0,25000.0,912,24.13,19.0,167.059,4032.3
Plums and sloes,Fruit,1978,6500.0,26000.0,956,23.82,21.5,168.239,4000.0
Plums and sloes,Fruit,1979,6700.0,27000.0,797,24.29,23.0,168.444,4029.9
Plums and sloes,Fruit,1980,7000.0,28000.0,921,24.39,25.0,168.154,4000.0
Plums and sloes,Fruit,1981,7000.0,28000.0,912,24.06,28.0,168.412,4000.0
Plums and sloes,Fruit,1982,7000.0,28000.0,834,23.98,30.5,168.746,4000.0
Plums and sloes,Fruit,1983,7500.0,30000.0,1009,23.86,33.0,168.532,4000.0
Plums and sloes,Fruit,1984,8800.0,35000.0,854,23.88,36.0,169.418,3977.3
Plums and sloes,Fruit,1985,10000.0,40000.0,897,24.2,39.5,169.34,4000.0
Plums and sloes,Fruit,1986,8250.0,33000.0,859,24.18,42.0,169.409,4000.0
Plums and sloes,Fruit,1987,14339.0,33995.0,757,24.56,43.5,169.705,2370.8
Plums and sloes,Fruit,1988,14590.0,34104.0,1035,24.5,47.0,169.368,2337.5
Plums and sloes,Fruit,1989,14707.0,35426.0,899,23.98,50.5,169.976,2408.8
Plums and sloes,Fruit,1990,12500.0,50000.0,926,23.92,55.0,170.109,4000.0
Plums and sloes,Fruit,1991,13000.0,52000.0,921,24.18,57.5,170.182,4000.0
Plums and sloes,Fruit,1992,13500.0,54000.0,820,24.01,60.0,170.006,4000.0
Plums and sloes,Fruit,1993,13800.0,55000.0,960,24.2,63.0,170.286,3985.5
Plums and sloes,Fruit,1994,15283.0,56000.0,1010,24.08,67.0,170.325,3664.1
Plums and sloes,Fruit,1995,16164.0,58000.0,870,24.21,72.0,169.911,3588.2
Plums and sloes,Fruit,1996,17660.0,62000.0,1034,24.3,76.0,169.525,3510.7
Plums and sloes,Fruit,1997,18941.0,65000.0,852,23.92,79.0,170.101,3431.8
Plums and sloes,Fruit,1998,19693.0,66000.0,1002,24.57,83.0,170.029,3351.4
Plums and sloes,Fruit,1999,22632.0,74000.0,823,24.46,87.0,170.125,3269.7
Plums and sloes,Fruit,2000,24477.0,78000.0,876,24.33,90.0,170.13,3186.7
Plums and sloes,Fruit,2001,21446.0,66537.13,894,24.46,94.0,169.825,3102.5
Plums and sloes,Fruit,2002,21361.0,65570.64,705,24.8,156.38,170.032,3069.7
Plums and sloes,Fruit,2003,21263.0,64550.77,980,24.66,164.84,169.799,3035.8
Plums and sloes,Fruit,2004,21156.0,63483.74,822,24.54,192.35,169.891,3000.7
Plums and sloes,Fruit,2005,20876.0,61884.12,919,24.56,208.53,169.674,2964.4
Plums and sloes,Fruit,2006,20720.0,60644.9,903,24.64,239.93,169.462,2926.9
Plums and sloes,Fruit,2007,20559.0,59378.52,1052,24.6,245.53,169.202,2888.2
Plums and sloes,Fruit,2008,20395.0,58088.44,981,24.26,267.03,169.395,2848.2
Plums and sloes,Fruit,2009,20228.0,56780.35,731,25.14,289.69,169.724,2807.0
Plums and sloes,Fruit,2010,20060.0,55460.03,1011,25.13,305.91,169.234,2764.7
Plums and sloes,Fruit,2011,14000.0,32000.0,1011,24.34,321.53,169.369,2285.7
Plums and sloes,Fruit,2012,26000.0,72000.0,919,24.48,317.58,169.346,2769.2
Plums and sloes,Fruit,2013,24000.0,74000.0,1002,24.42,306.69,169.442,3083.3
Plums and sloes,Fruit,2014,23000.0,76000.0,882,24.52,318.21,169.463,3304.3
Plums and sloes,Fruit,2015,23000.0,72000.0,772,24.69,329.28,169.413,3130.4
Plums and sloes,Fruit,2016,22395.0,82112.0,973,25.07,319.47,169.317,3666.5
Plums and sloes,Fruit,2017,23538.0,80999.0,952,24.96,325.62,168.895,3441.2
Plums and sloes,Fruit,2018,23434.0,89175.08,913,24.88,336.43,168.778,3805.4
Plums and sloes,Fruit,2019,23403.0,85309.0,1012,24.8,365.61,168.669,3645.2
Plums and sloes,Fruit,2020,23421.0,87901.5,1089,24.51,472.49,168.048,3753.1
Plums and sloes,Fruit,2021,23511.0,84452.53,870,24.73,455.66,168.14,3592.1
Plums and sloes,Fruit,2022,23868.0,86417.0,925,24.78,450.93,168.231,3620.6
Plums and sloes,Fruit,2023,17782.0,65111.0,820,24.9,455.08,168.323,3661.6
Plums and sloes,Fruit,2024,18050.0,67936.0,868,25.14,455.08,168.323,3763.8
Pomelos and grapefruits,Fruit,1961,1300.0,20000.0,1013,23.82,2.0,160.986,15384.6
Pomelos and grapefruits,Fruit,1962,1500.0,20000.0,899,23.53,2.4,162.4,13333.3
Pomelos and grapefruits,Fruit,1963,1500.0,20000.0,920,23.98,2.9,162.05,13333.3
Pomelos and grapefruits,Fruit,1964,1500.0,20000.0,884,23.97,3.5,162.118,13333.3
Pomelos and grapefruits,Fruit,1965,1500.0,20000.0,788,23.93,4.1,162.434,13333.3
Pomelos and grapefruits,Fruit,1966,1500.0,20000.0,939,24.32,4.8,162.72,13333.3
Pomelos and grapefruits,Fruit,1967,1500.0,20000.0,943,23.8,5.7,163.79,13333.3
Pomelos and grapefruits,Fruit,1968,2300.0,30000.0,858,23.81,6.8,164.569,13043.5
Pomelos and grapefruits,Fruit,1969,2300.0,25000.0,999,24.35,8.0,164.476,10869.6
Pomelos and grapefruits,Fruit,1970,2300.0,30000.0,916,24.05,9.5,165.06,13043.5
Pomelos and grapefruits,Fruit,1971,2300.0,35000.0,887,23.51,11.0,164.556,15217.4
Pomelos and grapefruits,Fruit,1972,2000.0,30000.0,761,24.0,12.8,164.986,15000.0
Pomelos and grapefruits,Fruit,1973,2000.0,25000.0,990,24.3,14.0,166.044,12500.0
Pomelos and grapefruits,Fruit,1974,2000.0,25000.0,878,24.01,13.5,166.501,12500.0
Pomelos and grapefruits,Fruit,1975,2000.0,30000.0,963,23.68,15.1,166.838,15000.0
Pomelos and grapefruits,Fruit,1976,2000.0,20000.0,836,23.95,16.8,167.057,10000.0
Pomelos and grapefruits,Fruit,1977,2000.0,20000.0,912,24.13,19.0,167.059,10000.0
Pomelos and grapefruits,Fruit,1978,2000.0,20000.0,956,23.82,21.5,168.239,10000.0
Pomelos and grapefruits,Fruit,1979,2000.0,20000.0,797,24.29,23.0,168.444,10000.0
Pomelos and grapefruits,Fruit,1980,2000.0,20000.0,921,24.39,25.0,168.154,10000.0
Pomelos and grapefruits,Fruit,1981,2000.0,20000.0,912,24.06,28.0,168.412,10000.0
Pomelos and grapefruits,Fruit,1982,2000.0,20000.0,834,23.98,30.5,168.746,10000.0
Pomelos and grapefruits,Fruit,1983,2100.0,26000.0,1009,23.86,33.0,168.532,12381.0
Pomelos and grapefruits,Fruit,1984,2100.0,25000.0,854,23.88,36.0,169.418,11904.8
Pomelos and grapefruits,Fruit,1985,2100.0,20000.0,897,24.2,39.5,169.34,9523.8
Pomelos and grapefruits,Fruit,1986,3500.0,50000.0,859,24.18,42.0,169.409,14285.7
Pomelos and grapefruits,Fruit,1987,5000.0,70000.0,757,24.56,43.5,169.705,14000.0
Pomelos and grapefruits,Fruit,1988,5500.0,73000.0,1035,24.5,47.0,169.368,13272.7
Pomelos and grapefruits,Fruit,1989,5000.0,75000.0,899,23.98,50.5,169.976,15000.0
Pomelos and grapefruits,Fruit,1990,5300.0,80000.0,926,23.92,55.0,170.109,15094.3
Pomelos and grapefruits,Fruit,1991,4700.0,70000.0,921,24.18,57.5,170.182,14893.6
Pomelos and grapefruits,Fruit,1992,5800.0,75000.0,820,24.01,60.0,170.006,12931.0
Pomelos and grapefruits,Fruit,1993,6081.0,85000.0,960,24.2,63.0,170.286,13978.5
Pomelos and grapefruits,Fruit,1994,6000.0,90000.0,1010,24.08,67.0,170.325,15000.0
Pomelos and grapefruits,Fruit,1995,6069.0,96500.0,870,24.21,72.0,169.911,15901.0
Pomelos and grapefruits,Fruit,1996,6200.0,105000.0,1034,24.3,76.0,169.525,16935.5
Pomelos and grapefruits,Fruit,1997,5975.0,106000.0,852,23.92,79.0,170.101,17741.5
Pomelos and grapefruits,Fruit,1998,5874.0,110000.0,1002,24.57,83.0,170.029,18727.0
Pomelos and grapefruits,Fruit,1999,6200.0,124000.0,823,24.46,87.0,170.125,20000.0
Pomelos and grapefruits,Fruit,2000,6379.0,130000.0,876,24.33,90.0,170.13,20378.3
Pomelos and grapefruits,Fruit,2001,6215.0,130000.0,894,24.46,94.0,169.825,20918.3
Pomelos and grapefruits,Fruit,2002,6500.0,140000.0,705,24.8,156.38,170.032,21538.5
Pomelos and grapefruits,Fruit,2003,6539.0,142000.0,980,24.66,164.84,169.799,21716.9
Pomelos and grapefruits,Fruit,2004,6600.0,145000.0,822,24.54,192.35,169.891,21969.7
Pomelos and grapefruits,Fruit,2005,6700.0,148000.0,919,24.56,208.53,169.674,22089.6
Pomelos and grapefruits,Fruit,2006,7200.0,158000.0,903,24.64,239.93,169.462,21944.4
Pomelos and grapefruits,Fruit,2007,8100.0,178000.0,1052,24.6,245.53,169.202,21975.3
Pomelos and grapefruits,Fruit,2008,8500.0,200000.0,981,24.26,267.03,169.395,23529.4
Pomelos and grapefruits,Fruit,2009,9000.0,216000.0,731,25.14,289.69,169.724,24000.0
Pomelos and grapefruits,Fruit,2010,10994.0,260600.0,1011,25.13,305.91,169.234,23703.8
Pomelos and grapefruits,Fruit,2011,8300.0,196000.0,1011,24.34,321.53,169.369,23614.3
Pomelos and grapefruits,Fruit,2012,13731.0,322500.0,919,24.48,317.58,169.346,23486.4
Pomelos and grapefruits,Fruit,2013,12203.0,285300.0,1002,24.42,306.69,169.442,23379.0
Pomelos and grapefruits,Fruit,2014,10638.0,248500.0,882,24.52,318.21,169.463,23359.8
Pomelos and grapefruits,Fruit,2015,11300.0,260500.0,772,24.69,329.28,169.413,23053.1
Pomelos and grapefruits,Fruit,2016,16271.0,390500.0,973,25.07,319.47,169.317,23999.8
Potatoes,Vegetable,1961,375000.0,2719000.0,1013,23.82,2.0,160.986,7250.7
Potatoes,Vegetable,1962,365000.0,2447000.0,899,23.53,2.4,162.4,6704.1
Potatoes,Vegetable,1963,413000.0,3365000.0,920,23.98,2.9,162.05,8147.7
Potatoes,Vegetable,1964,415000.0,2593000.0,884,23.97,3.5,162.118,6248.2
Potatoes,Vegetable,1965,429000.0,3605000.0,788,23.93,4.1,162.434,8403.3
Potatoes,Vegetable,1966,479000.0,4076000.0,939,24.32,4.8,162.72,8509.4
Potatoes,Vegetable,1967,473300.0,3521500.0,943,23.8,5.7,163.79,7440.3
Potatoes,Vegetable,1968,501400.0,4232300.0,858,23.81,6.8,164.569,8441.0
Potatoes,Vegetable,1969,524400.0,4725500.0,999,24.35,8.0,164.476,9011.3
Potatoes,Vegetable,1970,496000.0,3912600.0,916,24.05,9.5,165.06,7888.3
Potatoes,Vegetable,1971,481900.0,4807200.0,887,23.51,11.0,164.556,9975.5
Potatoes,Vegetable,1972,491900.0,4825500.0,761,24.0,12.8,164.986,9809.9
Potatoes,Vegetable,1973,504600.0,4451000.0,990,24.3,14.0,166.044,8820.8
Potatoes,Vegetable,1974,543400.0,4861100.0,878,24.01,13.5,166.501,8945.7
Potatoes,Vegetable,1975,587400.0,6225400.0,963,23.68,15.1,166.838,10598.2
Potatoes,Vegetable,1976,622400.0,7306000.0,836,23.95,16.8,167.057,11738.4
Potatoes,Vegetable,1977,619600.0,7170700.0,912,24.13,19.0,167.059,11573.1
Potatoes,Vegetable,1978,665300.0,8135400.0,956,23.82,21.5,168.239,12228.2
Potatoes,Vegetable,1979,807100.0,10133000.0,797,24.29,23.0,168.444,12554.8
Potatoes,Vegetable,1980,685200.0,8326600.0,921,24.39,25.0,168.154,12152.1
Potatoes,Vegetable,1981,732000.0,9670000.0,912,24.06,28.0,168.412,13210.4
Potatoes,Vegetable,1982,762700.0,9911800.0,834,23.98,30.5,168.746,12995.7
Potatoes,Vegetable,1983,735000.0,9956000.0,1009,23.86,33.0,168.532,13545.6
Potatoes,Vegetable,1984,794300.0,12151800.0,854,23.88,36.0,169.418,15298.8
Potatoes,Vegetable,1985,849000.0,12570600.0,897,24.2,39.5,169.34,14806.4
Potatoes,Vegetable,1986,843000.0,10422800.0,859,24.18,42.0,169.409,12363.9
Potatoes,Vegetable,1987,831500.0,12740300.0,757,24.56,43.5,169.705,15322.1
Potatoes,Vegetable,1988,885100.0,14046000.0,1035,24.5,47.0,169.368,15869.4
Potatoes,Vegetable,1989,932700.0,14857000.0,899,23.98,50.5,169.976,15929.0
Potatoes,Vegetable,1990,940000.0,14770800.0,926,23.92,55.0,170.109,15713.6
Potatoes,Vegetable,1991,935500.0,15205600.0,921,24.18,57.5,170.182,16254.0
Potatoes,Vegetable,1992,1135100.0,18195000.0,820,24.01,60.0,170.006,16029.4
Potatoes,Vegetable,1993,1240000.0,18479000.0,960,24.2,63.0,170.286,14902.4
Potatoes,Vegetable,1994,1047100.0,17392400.0,1010,24.08,67.0,170.325,16610.1
Potatoes,Vegetable,1995,1069400.0,17401300.0,870,24.21,72.0,169.911,16272.0
Potatoes,Vegetable,1996,1109000.0,18843300.0,1034,24.3,76.0,169.525,16991.3
Potatoes,Vegetable,1997,1248800.0,24215900.0,852,23.92,79.0,170.101,19391.3
Potatoes,Vegetable,1998,1208900.0,17652300.0,1002,24.57,83.0,170.029,14602.0
Potatoes,Vegetable,1999,1280200.0,22494700.0,823,24.46,87.0,170.125,17571.2
Potatoes,Vegetable,2000,1340900.0,25000100.0,876,24.33,90.0,170.13,18644.3
Potatoes,Vegetable,2001,1211300.0,22242700.0,894,24.46,94.0,169.825,18362.7
Potatoes,Vegetable,2002,1259500.0,24456100.0,705,24.8,156.38,170.032,19417.3
Potatoes,Vegetable,2003,1337200.0,23161400.0,980,24.66,164.84,169.799,17320.8
Potatoes,Vegetable,2004,1484700.0,27925800.0,822,24.54,192.35,169.891,18809.1
Potatoes,Vegetable,2005,1523900.0,28787700.0,919,24.56,208.53,169.674,18890.8
Potatoes,Vegetable,2006,1569200.0,29174600.0,903,24.64,239.93,169.462,18592.0
Potatoes,Vegetable,2007,1742800.0,28599600.0,1052,24.6,245.53,169.202,16410.1
Potatoes,Vegetable,2008,1796000.0,34658000.0,981,24.26,267.03,169.395,19297.3
Potatoes,Vegetable,2009,1828300.0,34390900.0,731,25.14,289.69,169.724,18810.3
Potatoes,Vegetable,2010,1835300.0,36577300.0,1011,25.13,305.91,169.234,19929.9
Potatoes,Vegetable,2011,1863200.0,42339400.0,1011,24.34,321.53,169.369,22724.0
Potatoes,Vegetable,2012,1907000.0,41483000.0,919,24.48,317.58,169.346,21753.0
Potatoes,Vegetable,2013,1992200.0,45343600.0,1002,24.42,306.69,169.442,22760.6
Potatoes,Vegetable,2014,2024000.0,46395000.0,882,24.52,318.21,169.463,22922.4
Potatoes,Vegetable,2015,2076000.0,48009000.0,772,24.69,329.28,169.413,23125.7
Potatoes,Vegetable,2016,2117000.0,43417000.0,973,25.07,319.47,169.317,20508.7
Potatoes,Vegetable,2017,2179000.0,48605000.0,952,24.96,325.62,168.895,22306.1
Potatoes,Vegetable,2018,2142000.0,51310000.0,913,24.88,336.43,168.778,23954.2
Potatoes,Vegetable,2019,2173000.0,50190000.0,1012,24.8,365.61,168.669,23097.1
Potatoes,Vegetable,2020,2051000.0,48562000.0,1089,24.51,472.49,168.048,23677.2
Potatoes,Vegetable,2021,2248000.0,54230000.0,870,24.73,455.66,168.14,24123.7
Potatoes,Vegetable,2022,2226000.0,56176000.0,925,24.78,450.93,168.231,25236.3
Potatoes,Vegetable,2023,2332000.0,60142000.0,820,24.9,455.08,168.323,25789.9
Potatoes,Vegetable,2024,2322229.0,57053344.0,868,25.14,455.08,168.323,24568.4
"Pumpkins, squash and gourds",Vegetable,1961,125000.0,815000.0,1013,23.82,2.0,160.986,6520.0
"Pumpkins, squash and gourds",Vegetable,1962,133000.0,870000.0,899,23.53,2.4,162.4,6541.4
"Pumpkins, squash and gourds",Vegetable,1963,140000.0,940000.0,920,23.98,2.9,162.05,6714.3
"Pumpkins, squash and gourds",Vegetable,1964,147000.0,985000.0,884,23.97,3.5,162.118,6700.7
"Pumpkins, squash and gourds",Vegetable,1965,150000.0,1000000.0,788,23.93,4.1,162.434,6666.7
"Pumpkins, squash and gourds",Vegetable,1966,160000.0,1120000.0,939,24.32,4.8,162.72,7000.0
"Pumpkins, squash and gourds",Vegetable,1967,170000.0,1180000.0,943,23.8,5.7,163.79,6941.2
"Pumpkins, squash and gourds",Vegetable,1968,175000.0,1220000.0,858,23.81,6.8,164.569,6971.4
"Pumpkins, squash and gourds",Vegetable,1969,180000.0,1250000.0,999,24.35,8.0,164.476,6944.4
"Pumpkins, squash and gourds",Vegetable,1970,183000.0,1330000.0,916,24.05,9.5,165.06,7267.8
"Pumpkins, squash and gourds",Vegetable,1971,190000.0,1380000.0,887,23.51,11.0,164.556,7263.2
"Pumpkins, squash and gourds",Vegetable,1972,200000.0,1440000.0,761,24.0,12.8,164.986,7200.0
"Pumpkins, squash and gourds",Vegetable,1973,205000.0,1475000.0,990,24.3,14.0,166.044,7195.1
"Pumpkins, squash and gourds",Vegetable,1974,210000.0,1550000.0,878,24.01,13.5,166.501,7381.0
"Pumpkins, squash and gourds",Vegetable,1975,215000.0,1600000.0,963,23.68,15.1,166.838,7441.9
"Pumpkins, squash and gourds",Vegetable,1976,220000.0,1650000.0,836,23.95,16.8,167.057,7500.0
"Pumpkins, squash and gourds",Vegetable,1977,225000.0,1690000.0,912,24.13,19.0,167.059,7511.1
"Pumpkins, squash and gourds",Vegetable,1978,232000.0,1800000.0,956,23.82,21.5,168.239,7758.6
"Pumpkins, squash and gourds",Vegetable,1979,239000.0,1900000.0,797,24.29,23.0,168.444,7949.8
"Pumpkins, squash and gourds",Vegetable,1980,245000.0,1960000.0,921,24.39,25.0,168.154,8000.0
"Pumpkins, squash and gourds",Vegetable,1981,250000.0,2100000.0,912,24.06,28.0,168.412,8400.0
"Pumpkins, squash and gourds",Vegetable,1982,260000.0,2180000.0,834,23.98,30.5,168.746,8384.6
"Pumpkins, squash and gourds",Vegetable,1983,265000.0,2250000.0,1009,23.86,33.0,168.532,8490.6
"Pumpkins, squash and gourds",Vegetable,1984,270000.0,2400000.0,854,23.88,36.0,169.418,8888.9
"Pumpkins, squash and gourds",Vegetable,1985,278000.0,2550000.0,897,24.2,39.5,169.34,9172.7
"Pumpkins, squash and gourds",Vegetable,1986,283000.0,2630000.0,859,24.18,42.0,169.409,9293.3
"Pumpkins, squash and gourds",Vegetable,1987,286000.0,2685000.0,757,24.56,43.5,169.705,9388.1
"Pumpkins, squash and gourds",Vegetable,1988,290000.0,2800000.0,1035,24.5,47.0,169.368,9655.2
"Pumpkins, squash and gourds",Vegetable,1989,300000.0,2850000.0,899,23.98,50.5,169.976,9500.0
"Pumpkins, squash and gourds",Vegetable,1990,306000.0,2860000.0,926,23.92,55.0,170.109,9346.4
"Pumpkins, squash and gourds",Vegetable,1991,308000.0,2933000.0,921,24.18,57.5,170.182,9522.7
"Pumpkins, squash and gourds",Vegetable,1992,280317.0,2849818.25,820,24.01,60.0,170.006,10166.4
"Pumpkins, squash and gourds",Vegetable,1993,270566.0,2826267.67,960,24.2,63.0,170.286,10445.7
"Pumpkins, squash and gourds",Vegetable,1994,263187.0,2802801.77,1010,24.08,67.0,170.325,10649.5
"Pumpkins, squash and gourds",Vegetable,1995,256827.0,2779419.41,870,24.21,72.0,169.911,10822.2
"Pumpkins, squash and gourds",Vegetable,1996,250921.0,2756119.48,1034,24.3,76.0,169.525,10984.0
"Pumpkins, squash and gourds",Vegetable,1997,245268.0,2732900.88,852,23.92,79.0,170.101,11142.5
"Pumpkins, squash and gourds",Vegetable,1998,239800.0,2709762.49,1002,24.57,83.0,170.029,11300.1
"Pumpkins, squash and gourds",Vegetable,1999,234488.0,2686703.13,823,24.46,87.0,170.125,11457.7
"Pumpkins, squash and gourds",Vegetable,2000,229321.0,2663721.42,876,24.33,90.0,170.13,11615.7
"Pumpkins, squash and gourds",Vegetable,2001,224291.0,2640815.37,894,24.46,94.0,169.825,11774.1
"Pumpkins, squash and gourds",Vegetable,2002,216926.0,2617981.14,705,24.8,156.38,170.032,12068.6
"Pumpkins, squash and gourds",Vegetable,2003,209908.0,2595209.57,980,24.66,164.84,169.799,12363.5
"Pumpkins, squash and gourds",Vegetable,2004,203213.0,2572475.89,822,24.54,192.35,169.891,12659.0
"Pumpkins, squash and gourds",Vegetable,2005,196813.0,2549709.91,919,24.56,208.53,169.674,12955.0
"Pumpkins, squash and gourds",Vegetable,2006,190673.0,2526709.6,903,24.64,239.93,169.462,13251.5
"Pumpkins, squash and gourds",Vegetable,2007,184735.0,2502892.29,1052,24.6,245.53,169.202,13548.6
"Pumpkins, squash and gourds",Vegetable,2008,178865.0,2476595.7,981,24.26,267.03,169.395,13846.2
"Pumpkins, squash and gourds",Vegetable,2009,172737.0,2443249.05,731,25.14,289.69,169.724,14144.3
"Pumpkins, squash and gourds",Vegetable,2010,165587.0,2391577.04,1011,25.13,305.91,169.234,14443.0
"Pumpkins, squash and gourds",Vegetable,2011,148000.0,2246000.0,1011,24.34,321.53,169.369,15175.7
"Pumpkins, squash and gourds",Vegetable,2012,193000.0,3128000.0,919,24.48,317.58,169.346,16207.3
"Pumpkins, squash and gourds",Vegetable,2013,213000.0,3403000.0,1002,24.42,306.69,169.442,15976.5
"Pumpkins, squash and gourds",Vegetable,2014,215000.0,3211000.0,882,24.52,318.21,169.463,14934.9
"Pumpkins, squash and gourds",Vegetable,2015,251000.0,4065000.0,772,24.69,329.28,169.413,16195.2
"Pumpkins, squash and gourds",Vegetable,2016,328145.0,5276568.2,973,25.07,319.47,169.317,16080.0
"Pumpkins, squash and gourds",Vegetable,2017,339656.0,5490818.5,952,24.96,325.62,168.895,16165.8
"Pumpkins, squash and gourds",Vegetable,2018,352541.0,5843833.76,913,24.88,336.43,168.778,16576.3
"Pumpkins, squash and gourds",Vegetable,2019,435197.0,7016217.4,1012,24.8,365.61,168.669,16121.9
"Pumpkins, squash and gourds",Vegetable,2020,459443.0,7311064.57,1089,24.51,472.49,168.048,15912.9
"Pumpkins, squash and gourds",Vegetable,2021,469010.0,7431483.75,870,24.73,455.66,168.14,15845.1
"Pumpkins, squash and gourds",Vegetable,2022,496430.0,7712938.0,925,24.78,450.93,168.231,15536.8
"Pumpkins, squash and gourds",Vegetable,2023,491429.0,7971270.0,820,24.9,455.08,168.323,16220.6
"Pumpkins, squash and gourds",Vegetable,2024,560547.0,9330691.0,868,25.14,455.08,168.323,16645.7
Rape or colza seed,Oilseed,1961,2883000.0,1347000.0,1013,23.82,2.0,160.986,467.2
Rape or colza seed,Oilseed,1962,3168000.0,1346000.0,899,23.53,2.4,162.4,424.9
Rape or colza seed,Oilseed,1963,3127000.0,1303000.0,920,23.98,2.9,162.05,416.7
Rape or colza seed,Oilseed,1964,3046000.0,915000.0,884,23.97,3.5,162.118,300.4
Rape or colza seed,Oilseed,1965,2910000.0,1474000.0,788,23.93,4.1,162.434,506.5
Rape or colza seed,Oilseed,1966,2913000.0,1298000.0,939,24.32,4.8,162.72,445.6
Rape or colza seed,Oilseed,1967,3005900.0,1227900.0,943,23.8,5.7,163.79,408.5
Rape or colza seed,Oilseed,1968,3243700.0,1567700.0,858,23.81,6.8,164.569,483.3
Rape or colza seed,Oilseed,1969,2870200.0,1346700.0,999,24.35,8.0,164.476,469.2
Rape or colza seed,Oilseed,1970,3172600.0,1563600.0,916,24.05,9.5,165.06,492.8
Rape or colza seed,Oilseed,1971,3323100.0,1975300.0,887,23.51,11.0,164.556,594.4
Rape or colza seed,Oilseed,1972,3613900.0,1432800.0,761,24.0,12.8,164.986,396.5
Rape or colza seed,Oilseed,1973,3318700.0,1807800.0,990,24.3,14.0,166.044,544.7
Rape or colza seed,Oilseed,1974,3456000.0,1704300.0,878,24.01,13.5,166.501,493.1
Rape or colza seed,Oilseed,1975,3680400.0,2251600.0,963,23.68,15.1,166.838,611.8
Rape or colza seed,Oilseed,1976,3339400.0,1935800.0,836,23.95,16.8,167.057,579.7
Rape or colza seed,Oilseed,1977,3128600.0,1550700.0,912,24.13,19.0,167.059,495.7
Rape or colza seed,Oilseed,1978,3583900.0,1649700.0,956,23.82,21.5,168.239,460.3
Rape or colza seed,Oilseed,1979,3543500.0,1860100.0,797,24.29,23.0,168.444,524.9
Rape or colza seed,Oilseed,1980,3470500.0,1428000.0,921,24.39,25.0,168.154,411.5
Rape or colza seed,Oilseed,1981,4112900.0,2304300.0,912,24.06,28.0,168.412,560.3
Rape or colza seed,Oilseed,1982,4399300.0,2381500.0,834,23.98,30.5,168.746,541.3
Rape or colza seed,Oilseed,1983,3826700.0,2207200.0,1009,23.86,33.0,168.532,576.8
Rape or colza seed,Oilseed,1984,3873500.0,2608000.0,854,23.88,36.0,169.418,673.3
Rape or colza seed,Oilseed,1985,3986900.0,3073000.0,897,24.2,39.5,169.34,770.8
Rape or colza seed,Oilseed,1986,3979000.0,2680500.0,859,24.18,42.0,169.409,673.7
Rape or colza seed,Oilseed,1987,3718600.0,2604700.0,757,24.56,43.5,169.705,700.5
Rape or colza seed,Oilseed,1988,4619200.0,3454500.0,1035,24.5,47.0,169.368,747.9
Rape or colza seed,Oilseed,1989,4832200.0,4376800.0,899,23.98,50.5,169.976,905.8
Rape or colza seed,Oilseed,1990,4967000.0,4125300.0,926,23.92,55.0,170.109,830.5
Rape or colza seed,Oilseed,1991,5782100.0,5229300.0,921,24.18,57.5,170.182,904.4
Rape or colza seed,Oilseed,1992,6553400.0,5862500.0,820,24.01,60.0,170.006,894.6
Rape or colza seed,Oilseed,1993,6193000.0,4800000.0,960,24.2,63.0,170.286,775.1
Rape or colza seed,Oilseed,1994,6289400.0,5327900.0,1010,24.08,67.0,170.325,847.1
Rape or colza seed,Oilseed,1995,6060000.0,5758000.0,870,24.21,72.0,169.911,950.2
Rape or colza seed,Oilseed,1996,6546000.0,5999500.0,1034,24.3,76.0,169.525,916.5
Rape or colza seed,Oilseed,1997,6545400.0,6657900.0,852,23.92,79.0,170.101,1017.2
Rape or colza seed,Oilseed,1998,7041000.0,4702900.0,1002,24.57,83.0,170.029,667.9
Rape or colza seed,Oilseed,1999,6513200.0,5663900.0,823,24.46,87.0,170.125,869.6
Rape or colza seed,Oilseed,2000,6026800.0,5788400.0,876,24.33,90.0,170.13,960.4
Rape or colza seed,Oilseed,2001,4476700.0,4187200.0,894,24.46,94.0,169.825,935.3
Rape or colza seed,Oilseed,2002,5073000.0,5082600.0,705,24.8,156.38,170.032,1001.9
Rape or colza seed,Oilseed,2003,4544000.0,3879800.0,980,24.66,164.84,169.799,853.8
Rape or colza seed,Oilseed,2004,5428100.0,6291400.0,822,24.54,192.35,169.891,1159.0
Rape or colza seed,Oilseed,2005,7316400.0,7593100.0,919,24.56,208.53,169.674,1037.8
Rape or colza seed,Oilseed,2006,7276500.0,8131200.0,903,24.64,239.93,169.462,1117.5
Rape or colza seed,Oilseed,2007,6790000.0,7438000.0,1052,24.6,245.53,169.202,1095.4
Rape or colza seed,Oilseed,2008,5830000.0,5834000.0,981,24.26,267.03,169.395,1000.7
Rape or colza seed,Oilseed,2009,6298100.0,7200700.0,731,25.14,289.69,169.724,1143.3
Rape or colza seed,Oilseed,2010,5580000.0,6608100.0,1011,25.13,305.91,169.234,1184.2
Rape or colza seed,Oilseed,2011,6506400.0,8179000.0,1011,24.34,321.53,169.369,1257.1
Rape or colza seed,Oilseed,2012,5890000.0,6600000.0,919,24.48,317.58,169.346,1120.5
Rape or colza seed,Oilseed,2013,6340000.0,7820000.0,1002,24.42,306.69,169.442,1233.4
Rape or colza seed,Oilseed,2014,6645740.0,7877000.0,882,24.52,318.21,169.463,1185.3
Rape or colza seed,Oilseed,2015,5791000.0,6282000.0,772,24.69,329.28,169.413,1084.8
Rape or colza seed,Oilseed,2016,5762000.0,6797000.0,973,25.07,319.47,169.317,1179.6
Rape or colza seed,Oilseed,2017,6073820.0,7917230.0,952,24.96,325.62,168.895,1303.5
Rape or colza seed,Oilseed,2018,5977160.0,8429850.0,913,24.88,336.43,168.778,1410.3
Rape or colza seed,Oilseed,2019,6123930.0,9255660.0,1012,24.8,365.61,168.669,1511.4
Rape or colza seed,Oilseed,2020,6856270.0,9123640.0,1089,24.51,472.49,168.048,1330.7
Rape or colza seed,Oilseed,2021,6699760.0,10210010.0,870,24.73,455.66,168.14,1523.9
Rape or colza seed,Oilseed,2022,7991420.0,11963090.0,925,24.78,450.93,168.231,1497.0
Rape or colza seed,Oilseed,2023,8851524.0,12643196.4,820,24.9,455.08,168.323,1428.4
Rape or colza seed,Oilseed,2024,9183186.0,13259142.3,868,25.14,455.08,168.323,1443.8
Rice,Cereal,1961,34694000.0,53494496.0,1013,23.82,2.0,160.986,1541.9
Rice,Cereal,1962,35695008.0,49825552.0,899,23.53,2.4,162.4,1395.9
Rice,Cereal,1963,35809008.0,55497008.0,920,23.98,2.9,162.05,1549.8
Rice,Cereal,1964,36462000.0,58962000.0,884,23.97,3.5,162.118,1617.1
Rice,Cereal,1965,35470000.0,45883504.0,788,23.93,4.1,162.434,1293.6
Rice,Cereal,1966,35251008.0,45657008.0,939,24.32,4.8,162.72,1295.2
Rice,Cereal,1967,36437408.0,56418304.0,943,23.8,5.7,163.79,1548.4
Rice,Cereal,1968,36966304.0,59641808.0,858,23.81,6.8,164.569,1613.4
Rice,Cereal,1969,37680304.0,60644544.0,999,24.35,8.0,164.476,1609.4
Rice,Cereal,1970,37591696.0,63337808.0,916,24.05,9.5,165.06,1684.9
Rice,Cereal,1971,37757808.0,64602000.0,887,23.51,11.0,164.556,1711.0
Rice,Cereal,1972,36687808.0,58867952.0,761,24.0,12.8,164.986,1604.6
Rice,Cereal,1973,38285008.0,66077008.0,990,24.3,14.0,166.044,1725.9
Rice,Cereal,1974,37888400.0,59650000.0,878,24.01,13.5,166.501,1574.4
Rice,Cereal,1975,39475408.0,73352000.0,963,23.68,15.1,166.838,1858.2
Rice,Cereal,1976,38511104.0,63051904.0,836,23.95,16.8,167.057,1637.2
Rice,Cereal,1977,40282608.0,79005600.0,912,24.13,19.0,167.059,1961.3
Rice,Cereal,1978,40482208.0,80608496.0,956,23.82,21.5,168.239,1991.2
Rice,Cereal,1979,39414304.0,63475696.0,797,24.29,23.0,168.444,1610.5
Rice,Cereal,1980,40151504.0,80312000.0,921,24.39,25.0,168.154,2000.2
Rice,Cereal,1981,40708400.0,79883008.0,912,24.06,28.0,168.412,1962.3
Rice,Cereal,1982,38262000.0,70771696.0,834,23.98,30.5,168.746,1849.7
Rice,Cereal,1983,41244000.0,90048000.0,1009,23.86,33.0,168.532,2183.3
Rice,Cereal,1984,41158800.0,87552800.0,854,23.88,36.0,169.418,2127.2
Rice,Cereal,1985,41137200.0,95817696.0,897,24.2,39.5,169.34,2329.2
Rice,Cereal,1986,41166704.0,90779408.0,859,24.18,42.0,169.409,2205.2
Rice,Cereal,1987,38806304.0,85338704.0,757,24.56,43.5,169.705,2199.1
Rice,Cereal,1988,41735808.0,106368800.0,1035,24.5,47.0,169.368,2548.6
Rice,Cereal,1989,42166896.0,110310608.0,899,23.98,50.5,169.976,2616.0
Rice,Cereal,1990,42686608.0,111517408.0,926,23.92,55.0,170.109,2612.5
Rice,Cereal,1991,42579100.0,111513150.0,921,24.18,57.5,170.182,2619.0
Rice,Cereal,1992,41955100.0,110328900.0,820,24.01,60.0,170.006,2629.7
Rice,Cereal,1993,42014300.0,117522900.0,960,24.2,63.0,170.286,2797.2
Rice,Cereal,1994,42841500.0,123265800.0,1010,24.08,67.0,170.325,2877.3
Rice,Cereal,1995,42813300.0,115635150.0,870,24.21,72.0,169.911,2700.9
Rice,Cereal,1996,43184000.0,108979377.94,1034,24.3,76.0,169.525,2523.6
Rice,Cereal,1997,43470800.0,122920037.06,852,23.92,79.0,170.101,2827.6
Rice,Cereal,1998,44077700.0,124102050.0,1002,24.57,83.0,170.029,2815.5
Rice,Cereal,1999,45295600.0,136255650.0,823,24.46,87.0,170.125,3008.1
Rice,Cereal,2000,44915400.0,127471150.0,876,24.33,90.0,170.13,2838.0
Rice,Cereal,2001,44628800.0,139080000.0,894,24.46,94.0,169.825,3116.4
Rice,Cereal,2002,42321800.0,113851950.0,705,24.8,156.38,170.032,2690.1
Rice,Cereal,2003,42369400.0,131033400.0,980,24.66,164.84,169.799,3092.6
Rice,Cereal,2004,41726000.0,123206250.0,822,24.54,192.35,169.891,2952.7
Rice,Cereal,2005,42877900.0,133760400.0,919,24.56,208.53,169.674,3119.6
Rice,Cereal,2006,43925800.0,140538450.0,903,24.64,239.93,169.462,3199.5
Rice,Cereal,2007,43684700.0,143831100.0,1052,24.6,245.53,169.202,3292.5
Rice,Cereal,2008,45252100.0,148412100.0,981,24.26,267.03,169.395,3279.7
Rice,Cereal,2009,42329720.0,135206915.0,731,25.14,289.69,169.724,3194.1
Rice,Cereal,2010,42333987.0,140674810.06,1011,25.13,305.91,169.234,3323.0
Rice,Cereal,2011,44967537.0,162151286.59,1011,24.34,321.53,169.369,3606.0
Rice,Cereal,2012,42797306.0,157382919.56,919,24.48,317.58,169.346,3677.4
Rice,Cereal,2013,43288849.0,156554654.9,1002,24.42,306.69,169.442,3616.5
Rice,Cereal,2014,44515890.0,159810501.3,882,24.52,318.21,169.463,3590.0
Rice,Cereal,2015,43938012.0,158254967.78,772,24.69,329.28,169.413,3601.8
Rice,Cereal,2016,43688499.0,163947351.09,973,25.07,319.47,169.317,3752.6
Rice,Cereal,2017,43496848.0,165796205.79,952,24.96,325.62,168.895,3811.7
Rice,Cereal,2018,44389153.0,176493653.91,913,24.88,336.43,168.778,3976.1
Rice,Cereal,2019,43205052.0,175071504.27,1012,24.8,365.61,168.669,4052.1
Rice,Cereal,2020,45007310.0,182702924.12,1089,24.51,472.49,168.048,4059.4
Rice,Cereal,2021,46449121.0,195241449.38,870,24.73,455.66,168.14,4203.3
Rice,Cereal,2022,45643151.0,193473289.35,925,24.78,450.93,168.231,4238.8
Rice,Cereal,2023,48163285.0,207753551.26,820,24.9,455.08,168.323,4313.5
Rice,Cereal,2024,50511930.0,217867864.16,868,25.14,455.08,168.323,4313.2
Safflower seed,Oilseed,1961,440000.0,66000.0,1013,23.82,2.0,160.986,150.0
Safflower seed,Oilseed,1962,445000.0,67000.0,899,23.53,2.4,162.4,150.6
Safflower seed,Oilseed,1963,450000.0,68000.0,920,23.98,2.9,162.05,151.1
Safflower seed,Oilseed,1964,455000.0,62000.0,884,23.97,3.5,162.118,136.3
Safflower seed,Oilseed,1965,460000.0,71500.0,788,23.93,4.1,162.434,155.4
Safflower seed,Oilseed,1966,462000.0,69000.0,939,24.32,4.8,162.72,149.4
Safflower seed,Oilseed,1967,478000.0,72000.0,943,23.8,5.7,163.79,150.6
Safflower seed,Oilseed,1968,512500.0,77700.0,858,23.81,6.8,164.569,151.6
Safflower seed,Oilseed,1969,577700.0,93700.0,999,24.35,8.0,164.476,162.2
Safflower seed,Oilseed,1970,580200.0,142400.0,916,24.05,9.5,165.06,245.4
Safflower seed,Oilseed,1971,587900.0,153900.0,887,23.51,11.0,164.556,261.8
Safflower seed,Oilseed,1972,597700.0,130500.0,761,24.0,12.8,164.986,218.3
Safflower seed,Oilseed,1973,423300.0,81800.0,990,24.3,14.0,166.044,193.2
Safflower seed,Oilseed,1974,613800.0,191000.0,878,24.01,13.5,166.501,311.2
Safflower seed,Oilseed,1975,647800.0,211900.0,963,23.68,15.1,166.838,327.1
Safflower seed,Oilseed,1976,673600.0,238300.0,836,23.95,16.8,167.057,353.8
Safflower seed,Oilseed,1977,683000.0,219600.0,912,24.13,19.0,167.059,321.5
Safflower seed,Oilseed,1978,706500.0,187800.0,956,23.82,21.5,168.239,265.8
Safflower seed,Oilseed,1979,703000.0,209000.0,797,24.29,23.0,168.444,297.3
Safflower seed,Oilseed,1980,733300.0,279400.0,921,24.39,25.0,168.154,381.0
Safflower seed,Oilseed,1981,719900.0,335100.0,912,24.06,28.0,168.412,465.5
Safflower seed,Oilseed,1982,748500.0,421500.0,834,23.98,30.5,168.746,563.1
Safflower seed,Oilseed,1983,782100.0,395900.0,1009,23.86,33.0,168.532,506.2
Safflower seed,Oilseed,1984,831300.0,500900.0,854,23.88,36.0,169.418,602.6
Safflower seed,Oilseed,1985,918100.0,515200.0,897,24.2,39.5,169.34,561.2
Safflower seed,Oilseed,1986,911300.0,347900.0,859,24.18,42.0,169.409,381.8
Safflower seed,Oilseed,1987,892200.0,352500.0,757,24.56,43.5,169.705,395.1
Safflower seed,Oilseed,1988,1051900.0,462200.0,1035,24.5,47.0,169.368,439.4
Safflower seed,Oilseed,1989,815500.0,444900.0,899,23.98,50.5,169.976,545.6
Safflower seed,Oilseed,1990,842300.0,486500.0,926,23.92,55.0,170.109,577.6
Safflower seed,Oilseed,1991,823200.0,320100.0,921,24.18,57.5,170.182,388.8
Safflower seed,Oilseed,1992,501100.0,202800.0,820,24.01,60.0,170.006,404.7
Safflower seed,Oilseed,1993,734100.0,348300.0,960,24.2,63.0,170.286,474.5
Safflower seed,Oilseed,1994,793000.0,522000.0,1010,24.08,67.0,170.325,658.3
Safflower seed,Oilseed,1995,791000.0,423000.0,870,24.21,72.0,169.911,534.8
Safflower seed,Oilseed,1996,684000.0,383300.0,1034,24.3,76.0,169.525,560.4
Safflower seed,Oilseed,1997,704000.0,432300.0,852,23.92,79.0,170.101,614.1
Safflower seed,Oilseed,1998,200000.0,120000.0,1002,24.57,83.0,170.029,600.0
Safflower seed,Oilseed,1999,440200.0,242200.0,823,24.46,87.0,170.125,550.2
Safflower seed,Oilseed,2000,438500.0,260400.0,876,24.33,90.0,170.13,593.8
Safflower seed,Oilseed,2001,424800.0,202000.0,894,24.46,94.0,169.825,475.5
Safflower seed,Oilseed,2002,404300.0,230000.0,705,24.8,156.38,170.032,568.9
Safflower seed,Oilseed,2003,369500.0,178500.0,980,24.66,164.84,169.799,483.1
Safflower seed,Oilseed,2004,363900.0,134900.0,822,24.54,192.35,169.891,370.7
Safflower seed,Oilseed,2005,369100.0,173600.0,919,24.56,208.53,169.674,470.3
Safflower seed,Oilseed,2006,364600.0,228600.0,903,24.64,239.93,169.462,627.0
Safflower seed,Oilseed,2007,350000.0,240000.0,1052,24.6,245.53,169.202,685.7
Safflower seed,Oilseed,2008,350500.0,225000.0,981,24.26,267.03,169.395,641.9
Safflower seed,Oilseed,2009,294600.0,189200.0,731,25.14,289.69,169.724,642.2
Safflower seed,Oilseed,2010,287800.0,178800.0,1011,25.13,305.91,169.234,621.3
Safflower seed,Oilseed,2011,229060.0,150000.0,1011,24.34,321.53,169.369,654.9
Safflower seed,Oilseed,2012,178000.0,145000.0,919,24.48,317.58,169.346,814.6
Safflower seed,Oilseed,2013,150000.0,109000.0,1002,24.42,306.69,169.442,726.7
Safflower seed,Oilseed,2014,177730.0,113000.0,882,24.52,318.21,169.463,635.8
Safflower seed,Oilseed,2015,175000.0,90000.0,772,24.69,329.28,169.413,514.3
Safflower seed,Oilseed,2016,144000.0,53000.0,973,25.07,319.47,169.317,368.1
Safflower seed,Oilseed,2017,144270.0,93900.0,952,24.96,325.62,168.895,650.9
Safflower seed,Oilseed,2018,82150.0,55280.0,913,24.88,336.43,168.778,672.9
Safflower seed,Oilseed,2019,45890.0,24640.0,1012,24.8,365.61,168.669,536.9
Safflower seed,Oilseed,2020,51790.0,43670.0,1089,24.51,472.49,168.048,843.2
Safflower seed,Oilseed,2021,56040.0,35890.0,870,24.73,455.66,168.14,640.4
Safflower seed,Oilseed,2022,78860.0,61270.0,925,24.78,450.93,168.231,776.9
Safflower seed,Oilseed,2023,108927.0,90002.46,820,24.9,455.08,168.323,826.3
Safflower seed,Oilseed,2024,65417.0,50213.96,868,25.14,455.08,168.323,767.6
"Seed cotton, unginned",Cash Crop,1961,7719000.0,2763000.0,1013,23.82,2.0,160.986,357.9
"Seed cotton, unginned",Cash Crop,1962,7845000.0,3353000.0,899,23.53,2.4,162.4,427.4
"Seed cotton, unginned",Cash Crop,1963,8160000.0,3556000.0,920,23.98,2.9,162.05,435.8
"Seed cotton, unginned",Cash Crop,1964,8268000.0,3334000.0,884,23.97,3.5,162.118,403.2
"Seed cotton, unginned",Cash Crop,1965,7943000.0,3116000.0,788,23.93,4.1,162.434,392.3
"Seed cotton, unginned",Cash Crop,1966,7834000.0,3116000.0,939,24.32,4.8,162.72,397.8
"Seed cotton, unginned",Cash Crop,1967,8215000.0,3591000.0,943,23.8,5.7,163.79,437.1
"Seed cotton, unginned",Cash Crop,1968,7649000.0,3319000.0,858,23.81,6.8,164.569,433.9
"Seed cotton, unginned",Cash Crop,1969,7712000.0,3288000.0,999,24.35,8.0,164.476,426.3
"Seed cotton, unginned",Cash Crop,1970,7608000.0,2981000.0,916,24.05,9.5,165.06,391.8
"Seed cotton, unginned",Cash Crop,1971,7800000.0,3931000.0,887,23.51,11.0,164.556,504.0
"Seed cotton, unginned",Cash Crop,1972,7679000.0,3638000.0,761,24.0,12.8,164.986,473.8
"Seed cotton, unginned",Cash Crop,1973,7574000.0,3747000.0,990,24.3,14.0,166.044,494.7
"Seed cotton, unginned",Cash Crop,1974,7559000.0,4031000.0,878,24.01,13.5,166.501,533.3
"Seed cotton, unginned",Cash Crop,1975,7458000.0,3625000.0,963,23.68,15.1,166.838,486.1
"Seed cotton, unginned",Cash Crop,1976,6885000.0,3353000.0,836,23.95,16.8,167.057,487.0
"Seed cotton, unginned",Cash Crop,1977,7866000.0,3850000.0,912,24.13,19.0,167.059,489.4
"Seed cotton, unginned",Cash Crop,1978,8120000.0,4228000.0,956,23.82,21.5,168.239,520.7
"Seed cotton, unginned",Cash Crop,1979,8077000.0,4091000.0,797,24.29,23.0,168.444,506.5
"Seed cotton, unginned",Cash Crop,1980,7820000.0,4038000.0,921,24.39,25.0,168.154,516.4
"Seed cotton, unginned",Cash Crop,1981,8057400.0,4186000.0,912,24.06,28.0,168.412,519.5
"Seed cotton, unginned",Cash Crop,1982,7870700.0,4000000.0,834,23.98,30.5,168.746,508.2
"Seed cotton, unginned",Cash Crop,1983,7721000.0,3393000.0,1009,23.86,33.0,168.532,439.5
"Seed cotton, unginned",Cash Crop,1984,7382100.0,4519000.0,854,23.88,36.0,169.418,612.2
"Seed cotton, unginned",Cash Crop,1985,7532700.0,4636000.0,897,24.2,39.5,169.34,615.4
"Seed cotton, unginned",Cash Crop,1986,6948000.0,3668000.0,859,24.18,42.0,169.409,527.9
"Seed cotton, unginned",Cash Crop,1987,6459300.0,3390000.0,757,24.56,43.5,169.705,524.8
"Seed cotton, unginned",Cash Crop,1988,7342600.0,4645000.0,1035,24.5,47.0,169.368,632.6
"Seed cotton, unginned",Cash Crop,1989,7694800.0,6067000.0,899,23.98,50.5,169.976,788.5
"Seed cotton, unginned",Cash Crop,1990,7439600.0,5228000.0,926,23.92,55.0,170.109,702.7
"Seed cotton, unginned",Cash Crop,1991,7661400.0,5161000.0,921,24.18,57.5,170.182,673.6
"Seed cotton, unginned",Cash Crop,1992,7542000.0,6058000.0,820,24.01,60.0,170.006,803.2
"Seed cotton, unginned",Cash Crop,1993,7321000.0,5706000.0,960,24.2,63.0,170.286,779.4
"Seed cotton, unginned",Cash Crop,1994,7871000.0,6316000.0,1010,24.08,67.0,170.325,802.4
"Seed cotton, unginned",Cash Crop,1995,9035000.0,6832000.0,870,24.21,72.0,169.911,756.2
"Seed cotton, unginned",Cash Crop,1996,9121000.0,7560000.0,1034,24.3,76.0,169.525,828.9
"Seed cotton, unginned",Cash Crop,1997,8868000.0,5765000.0,852,23.92,79.0,170.101,650.1
"Seed cotton, unginned",Cash Crop,1998,9342400.0,6528000.0,1002,24.57,83.0,170.029,698.7
"Seed cotton, unginned",Cash Crop,1999,8709700.0,6125000.0,823,24.46,87.0,170.125,703.2
"Seed cotton, unginned",Cash Crop,2000,8576500.0,5128000.0,876,24.33,90.0,170.13,597.9
"Seed cotton, unginned",Cash Crop,2001,9100000.0,5311000.0,894,24.46,94.0,169.825,583.6
"Seed cotton, unginned",Cash Crop,2002,7669700.0,4582000.0,705,24.8,156.38,170.032,597.4
"Seed cotton, unginned",Cash Crop,2003,7597900.0,7294000.0,980,24.66,164.84,169.799,960.0
"Seed cotton, unginned",Cash Crop,2004,8786600.0,8728000.0,822,24.54,192.35,169.891,993.3
"Seed cotton, unginned",Cash Crop,2005,8677100.0,9828000.0,919,24.56,208.53,169.674,1132.6
"Seed cotton, unginned",Cash Crop,2006,9142000.0,12023000.0,903,24.64,239.93,169.462,1315.1
"Seed cotton, unginned",Cash Crop,2007,9410000.0,13751000.0,1052,24.6,245.53,169.202,1461.3
"Seed cotton, unginned",Cash Crop,2008,9410000.0,11834000.0,981,24.26,267.03,169.395,1257.6
"Seed cotton, unginned",Cash Crop,2009,10310000.0,12761000.0,731,25.14,289.69,169.724,1237.7
"Seed cotton, unginned",Cash Crop,2010,11142000.0,17760000.0,1011,25.13,305.91,169.234,1594.0
"Seed cotton, unginned",Cash Crop,2011,12178000.0,19178000.0,1011,24.34,321.53,169.369,1574.8
"Seed cotton, unginned",Cash Crop,2012,11980000.0,18179000.0,919,24.48,317.58,169.346,1517.4
"Seed cotton, unginned",Cash Crop,2013,11690000.0,18913000.0,1002,24.42,306.69,169.442,1617.9
"Seed cotton, unginned",Cash Crop,2014,13083000.0,18488000.0,882,24.52,318.21,169.463,1413.1
"Seed cotton, unginned",Cash Crop,2015,11870000.0,15943000.0,772,24.69,329.28,169.413,1343.1
"Seed cotton, unginned",Cash Crop,2016,10830000.0,17308000.0,973,25.07,319.47,169.317,1598.2
"Seed cotton, unginned",Cash Crop,2017,12430000.0,17425000.0,952,24.96,325.62,168.895,1401.9
"Seed cotton, unginned",Cash Crop,2018,12586000.0,14657000.0,913,24.88,336.43,168.778,1164.5
"Seed cotton, unginned",Cash Crop,2019,12614000.0,18558000.0,1012,24.8,365.61,168.669,1471.2
"Seed cotton, unginned",Cash Crop,2020,13477000.0,17731050.0,1089,24.51,472.49,168.048,1315.7
"Seed cotton, unginned",Cash Crop,2021,13285890.0,17204000.0,870,24.73,455.66,168.14,1294.9
"Seed cotton, unginned",Cash Crop,2022,12926801.0,15000000.0,925,24.78,450.93,168.231,1160.4
"Seed cotton, unginned",Cash Crop,2023,12687643.0,16400000.0,820,24.9,455.08,168.323,1292.6
"Seed cotton, unginned",Cash Crop,2024,11446846.0,15000000.0,868,25.14,455.08,168.323,1310.4
Sesame seed,Oilseed,1961,2252000.0,372000.0,1013,23.82,2.0,160.986,165.2
Sesame seed,Oilseed,1962,2552000.0,492000.0,899,23.53,2.4,162.4,192.8
Sesame seed,Oilseed,1963,2412000.0,439000.0,920,23.98,2.9,162.05,182.0
Sesame seed,Oilseed,1964,2486000.0,484000.0,884,23.97,3.5,162.118,194.7
Sesame seed,Oilseed,1965,2509000.0,424000.0,788,23.93,4.1,162.434,169.0
Sesame seed,Oilseed,1966,2793400.0,416000.0,939,24.32,4.8,162.72,148.9
Sesame seed,Oilseed,1967,2654300.0,445000.0,943,23.8,5.7,163.79,167.7
Sesame seed,Oilseed,1968,2422800.0,422500.0,858,23.81,6.8,164.569,174.4
Sesame seed,Oilseed,1969,2308700.0,448100.0,999,24.35,8.0,164.476,194.1
Sesame seed,Oilseed,1970,2433200.0,562300.0,916,24.05,9.5,165.06,231.1
Sesame seed,Oilseed,1971,2391500.0,449500.0,887,23.51,11.0,164.556,188.0
Sesame seed,Oilseed,1972,2288400.0,385400.0,761,24.0,12.8,164.986,168.4
Sesame seed,Oilseed,1973,2385800.0,484600.0,990,24.3,14.0,166.044,203.1
Sesame seed,Oilseed,1974,2234300.0,392200.0,878,24.01,13.5,166.501,175.5
Sesame seed,Oilseed,1975,2170100.0,479200.0,963,23.68,15.1,166.838,220.8
Sesame seed,Oilseed,1976,2278800.0,421800.0,836,23.95,16.8,167.057,185.1
Sesame seed,Oilseed,1977,2384300.0,520200.0,912,24.13,19.0,167.059,218.2
Sesame seed,Oilseed,1978,2389100.0,514100.0,956,23.82,21.5,168.239,215.2
Sesame seed,Oilseed,1979,2377200.0,347700.0,797,24.29,23.0,168.444,146.3
Sesame seed,Oilseed,1980,2471900.0,445800.0,921,24.39,25.0,168.154,180.3
Sesame seed,Oilseed,1981,2593200.0,590200.0,912,24.06,28.0,168.412,227.6
Sesame seed,Oilseed,1982,2216700.0,551700.0,834,23.98,30.5,168.746,248.9
Sesame seed,Oilseed,1983,2203600.0,558800.0,1009,23.86,33.0,168.532,253.6
Sesame seed,Oilseed,1984,2117400.0,520700.0,854,23.88,36.0,169.418,245.9
Sesame seed,Oilseed,1985,2217400.0,501000.0,897,24.2,39.5,169.34,225.9
Sesame seed,Oilseed,1986,2163800.0,447700.0,859,24.18,42.0,169.409,206.9
Sesame seed,Oilseed,1987,2153300.0,583100.0,757,24.56,43.5,169.705,270.8
Sesame seed,Oilseed,1988,2447900.0,681800.0,1035,24.5,47.0,169.368,278.5
Sesame seed,Oilseed,1989,2386500.0,745100.0,899,23.98,50.5,169.976,312.2
Sesame seed,Oilseed,1990,2515500.0,835300.0,926,23.92,55.0,170.109,332.1
Sesame seed,Oilseed,1991,2626800.0,705900.0,921,24.18,57.5,170.182,268.7
Sesame seed,Oilseed,1992,2128600.0,758300.0,820,24.01,60.0,170.006,356.2
Sesame seed,Oilseed,1993,2217400.0,563700.0,960,24.2,63.0,170.286,254.2
Sesame seed,Oilseed,1994,1971500.0,586700.0,1010,24.08,67.0,170.325,297.6
Sesame seed,Oilseed,1995,1825900.0,531000.0,870,24.21,72.0,169.911,290.8
Sesame seed,Oilseed,1996,1991700.0,640000.0,1034,24.3,76.0,169.525,321.3
Sesame seed,Oilseed,1997,1660000.0,569980.0,852,23.92,79.0,170.101,343.4
Sesame seed,Oilseed,1998,1609000.0,530000.0,1002,24.57,83.0,170.029,329.4
Sesame seed,Oilseed,1999,1560200.0,479900.0,823,24.46,87.0,170.125,307.6
Sesame seed,Oilseed,2000,1720000.0,520000.0,876,24.33,90.0,170.13,302.3
Sesame seed,Oilseed,2001,1670600.0,697800.0,894,24.46,94.0,169.825,417.7
Sesame seed,Oilseed,2002,1444400.0,441300.0,705,24.8,156.38,170.032,305.5
Sesame seed,Oilseed,2003,1700300.0,782386.0,980,24.66,164.84,169.799,460.1
Sesame seed,Oilseed,2004,1844000.0,674100.0,822,24.54,192.35,169.891,365.6
Sesame seed,Oilseed,2005,1723200.0,641100.0,919,24.56,208.53,169.674,372.0
Sesame seed,Oilseed,2006,1703200.0,618686.0,903,24.64,239.93,169.462,363.2
Sesame seed,Oilseed,2007,1799100.0,757186.0,1052,24.6,245.53,169.202,420.9
Sesame seed,Oilseed,2008,1809060.0,640586.0,981,24.26,267.03,169.395,354.1
Sesame seed,Oilseed,2009,1942064.0,588419.0,731,25.14,289.69,169.724,303.0
Sesame seed,Oilseed,2010,2083203.0,892995.0,1011,25.13,305.91,169.234,428.7
Sesame seed,Oilseed,2011,1901550.0,810272.0,1011,24.34,321.53,169.369,426.1
Sesame seed,Oilseed,2012,1705757.0,685024.0,919,24.48,317.58,169.346,401.6
Sesame seed,Oilseed,2013,1678903.0,714582.5,1002,24.42,306.69,169.442,425.6
Sesame seed,Oilseed,2014,1746062.0,827830.0,882,24.52,318.21,169.463,474.1
Sesame seed,Oilseed,2015,1950880.0,850065.2,772,24.69,329.28,169.413,435.7
Sesame seed,Oilseed,2016,1666926.0,747030.35,973,25.07,319.47,169.317,448.1
Sesame seed,Oilseed,2017,1579767.0,755425.35,952,24.96,325.62,168.895,478.2
Sesame seed,Oilseed,2018,1419975.0,689309.75,913,24.88,336.43,168.778,485.4
Sesame seed,Oilseed,2019,1622602.0,657497.85,1012,24.8,365.61,168.669,405.2
Sesame seed,Oilseed,2020,1722667.0,816813.37,1089,24.51,472.49,168.048,474.2
Sesame seed,Oilseed,2021,1627045.0,788744.0,870,24.73,455.66,168.14,484.8
Sesame seed,Oilseed,2022,1043086.0,391669.44,925,24.78,450.93,168.231,375.5
Sesame seed,Oilseed,2023,1488224.0,805474.37,820,24.9,455.08,168.323,541.2
Sesame seed,Oilseed,2024,1552614.0,866110.89,868,25.14,455.08,168.323,557.8
Sorghum,Cereal,1961,18249008.0,8029000.0,1013,23.82,2.0,160.986,440.0
Sorghum,Cereal,1962,18414000.0,9748000.0,899,23.53,2.4,162.4,529.4
Sorghum,Cereal,1963,18376000.0,9198000.0,920,23.98,2.9,162.05,500.5
Sorghum,Cereal,1964,18056000.0,9683000.0,884,23.97,3.5,162.118,536.3
Sorghum,Cereal,1965,17679008.0,7581000.0,788,23.93,4.1,162.434,428.8
Sorghum,Cereal,1966,18054000.0,9224000.0,939,24.32,4.8,162.72,510.9
Sorghum,Cereal,1967,18422496.0,10048200.0,943,23.8,5.7,163.79,545.4
Sorghum,Cereal,1968,18731200.0,9803600.0,858,23.81,6.8,164.569,523.4
Sorghum,Cereal,1969,18604896.0,9721000.0,999,24.35,8.0,164.476,522.5
Sorghum,Cereal,1970,17373904.0,8104900.0,916,24.05,9.5,165.06,466.5
Sorghum,Cereal,1971,16777000.0,7721900.0,887,23.51,11.0,164.556,460.3
Sorghum,Cereal,1972,15512800.0,6967600.0,761,24.0,12.8,164.986,449.2
Sorghum,Cereal,1973,16716000.0,9097000.0,990,24.3,14.0,166.044,544.2
Sorghum,Cereal,1974,16189200.0,10414200.0,878,24.01,13.5,166.501,643.3
Sorghum,Cereal,1975,16092300.0,9504300.0,963,23.68,15.1,166.838,590.6
Sorghum,Cereal,1976,15771500.0,10524100.0,836,23.95,16.8,167.057,667.3
Sorghum,Cereal,1977,16318000.0,12064300.0,912,24.13,19.0,167.059,739.3
Sorghum,Cereal,1978,16145900.0,11436100.0,956,23.82,21.5,168.239,708.3
Sorghum,Cereal,1979,16673600.0,11647700.0,797,24.29,23.0,168.444,698.6
Sorghum,Cereal,1980,15809400.0,10431000.0,921,24.39,25.0,168.154,659.8
Sorghum,Cereal,1981,16599000.0,12061900.0,912,24.06,28.0,168.412,726.7
Sorghum,Cereal,1982,16376200.0,10753400.0,834,23.98,30.5,168.746,656.6
Sorghum,Cereal,1983,16432000.0,11919000.0,1009,23.86,33.0,168.532,725.4
Sorghum,Cereal,1984,15939400.0,11402300.0,854,23.88,36.0,169.418,715.4
Sorghum,Cereal,1985,16097000.0,10197000.0,897,24.2,39.5,169.34,633.5
Sorghum,Cereal,1986,15947900.0,9185400.0,859,24.18,42.0,169.409,576.0
Sorghum,Cereal,1987,15999400.0,12196300.0,757,24.56,43.5,169.705,762.3
Sorghum,Cereal,1988,14599300.0,10170400.0,1035,24.5,47.0,169.368,696.6
Sorghum,Cereal,1989,14837900.0,12898400.0,899,23.98,50.5,169.976,869.3
Sorghum,Cereal,1990,14358000.0,11681200.0,926,23.92,55.0,170.109,813.6
Sorghum,Cereal,1991,13309900.0,9064500.0,921,24.18,57.5,170.182,681.0
Sorghum,Cereal,1992,12441700.0,11769600.0,820,24.01,60.0,170.006,946.0
Sorghum,Cereal,1993,12254600.0,10708800.0,960,24.2,63.0,170.286,873.9
Sorghum,Cereal,1994,11821300.0,10005400.0,1010,24.08,67.0,170.325,846.4
Sorghum,Cereal,1995,11251900.0,8753300.0,870,24.21,72.0,169.911,777.9
Sorghum,Cereal,1996,11395800.0,10655200.0,1034,24.3,76.0,169.525,935.0
Sorghum,Cereal,1997,10878400.0,8910600.0,852,23.92,79.0,170.101,819.1
Sorghum,Cereal,1998,10640300.0,7845500.0,1002,24.57,83.0,170.029,737.3
Sorghum,Cereal,1999,9577900.0,7954000.0,823,24.46,87.0,170.125,830.5
Sorghum,Cereal,2000,10287800.0,8427700.0,876,24.33,90.0,170.13,819.2
Sorghum,Cereal,2001,9466200.0,7196700.0,894,24.46,94.0,169.825,760.3
Sorghum,Cereal,2002,9565800.0,7550900.0,705,24.8,156.38,170.032,789.4
Sorghum,Cereal,2003,9518900.0,7633300.0,980,24.66,164.84,169.799,801.9
Sorghum,Cereal,2004,8966700.0,5882100.0,822,24.54,192.35,169.891,656.0
Sorghum,Cereal,2005,8757000.0,7271500.0,919,24.56,208.53,169.674,830.4
Sorghum,Cereal,2006,8642200.0,7264800.0,903,24.64,239.93,169.462,840.6
Sorghum,Cereal,2007,8234000.0,7558900.0,1052,24.6,245.53,169.202,918.0
Sorghum,Cereal,2008,7156900.0,6862900.0,981,24.26,267.03,169.395,958.9
Sorghum,Cereal,2009,7877355.0,6956933.0,731,25.14,289.69,169.724,883.2
Sorghum,Cereal,2010,7620438.0,7374117.0,1011,25.13,305.91,169.234,967.7
Sorghum,Cereal,2011,6929541.0,6857018.0,1011,24.34,321.53,169.369,989.5
Sorghum,Cereal,2012,6051300.0,5526480.0,919,24.48,317.58,169.346,913.3
Sorghum,Cereal,2013,6065840.0,4833696.0,1002,24.42,306.69,169.442,796.9
Sorghum,Cereal,2014,5784493.0,5449510.0,882,24.52,318.21,169.463,942.1
Sorghum,Cereal,2015,6031678.0,4961340.0,772,24.69,329.28,169.413,822.5
Sorghum,Cereal,2016,5998351.0,4386084.2,973,25.07,319.47,169.317,731.2
Sorghum,Cereal,2017,5624910.0,4877351.18,952,24.96,325.62,168.895,867.1
Sorghum,Cereal,2018,4719274.0,4264621.52,913,24.88,336.43,168.778,903.7
Sorghum,Cereal,2019,4093763.0,3437334.88,1012,24.8,365.61,168.669,839.7
Sorghum,Cereal,2020,4710840.0,5061470.76,1089,24.51,472.49,168.048,1074.4
Sorghum,Cereal,2021,4201975.0,4423927.4,870,24.73,455.66,168.14,1052.8
Sorghum,Cereal,2022,3716443.0,4032110.5,925,24.78,450.93,168.231,1084.9
Sorghum,Cereal,2023,3442140.0,3842998.2,820,24.9,455.08,168.323,1116.5
Sorghum,Cereal,2024,4611653.0,5413004.64,868,25.14,455.08,168.323,1173.8
Soya beans,Oilseed,1961,11000.0,5000.0,1013,23.82,2.0,160.986,454.5
Soya beans,Oilseed,1962,11000.0,5000.0,899,23.53,2.4,162.4,454.5
Soya beans,Oilseed,1963,18000.0,8000.0,920,23.98,2.9,162.05,444.4
Soya beans,Oilseed,1964,18000.0,8000.0,884,23.97,3.5,162.118,444.4
Soya beans,Oilseed,1965,23000.0,10000.0,788,23.93,4.1,162.434,434.8
Soya beans,Oilseed,1966,23000.0,10000.0,939,24.32,4.8,162.72,434.8
Soya beans,Oilseed,1967,27000.0,12000.0,943,23.8,5.7,163.79,444.4
Soya beans,Oilseed,1968,27000.0,12000.0,858,23.81,6.8,164.569,444.4
Soya beans,Oilseed,1969,32000.0,14000.0,999,24.35,8.0,164.476,437.5
Soya beans,Oilseed,1970,32000.0,14000.0,916,24.05,9.5,165.06,437.5
Soya beans,Oilseed,1971,32000.0,14000.0,887,23.51,11.0,164.556,437.5
Soya beans,Oilseed,1972,34000.0,28000.0,761,24.0,12.8,164.986,823.5
Soya beans,Oilseed,1973,48000.0,39000.0,990,24.3,14.0,166.044,812.5
Soya beans,Oilseed,1974,67000.0,51000.0,878,24.01,13.5,166.501,761.2
Soya beans,Oilseed,1975,93000.0,91000.0,963,23.68,15.1,166.838,978.5
Soya beans,Oilseed,1976,125000.0,123000.0,836,23.95,16.8,167.057,984.0
Soya beans,Oilseed,1977,195000.0,183000.0,912,24.13,19.0,167.059,938.5
Soya beans,Oilseed,1978,306000.0,299000.0,956,23.82,21.5,168.239,977.1
Soya beans,Oilseed,1979,496000.0,282000.0,797,24.29,23.0,168.444,568.5
Soya beans,Oilseed,1980,608000.0,442000.0,921,24.39,25.0,168.154,727.0
Soya beans,Oilseed,1981,475000.0,352000.0,912,24.06,28.0,168.412,741.1
Soya beans,Oilseed,1982,770000.0,491000.0,834,23.98,30.5,168.746,637.7
Soya beans,Oilseed,1983,836000.0,614300.0,1009,23.86,33.0,168.532,734.8
Soya beans,Oilseed,1984,1242700.0,954800.0,854,23.88,36.0,169.418,768.3
Soya beans,Oilseed,1985,1339700.0,1024100.0,897,24.2,39.5,169.34,764.4
Soya beans,Oilseed,1986,1526800.0,891400.0,859,24.18,42.0,169.409,583.8
Soya beans,Oilseed,1987,1542600.0,898300.0,757,24.56,43.5,169.705,582.3
Soya beans,Oilseed,1988,1734100.0,1547100.0,1035,24.5,47.0,169.368,892.2
Soya beans,Oilseed,1989,2253000.0,1805600.0,899,23.98,50.5,169.976,801.4
Soya beans,Oilseed,1990,2564200.0,2601500.0,926,23.92,55.0,170.109,1014.5
Soya beans,Oilseed,1991,3184800.0,2492030.0,921,24.18,57.5,170.182,782.5
Soya beans,Oilseed,1992,3788700.0,3386900.0,820,24.01,60.0,170.006,893.9
Soya beans,Oilseed,1993,4370500.0,4745200.0,960,24.2,63.0,170.286,1085.7
Soya beans,Oilseed,1994,4317900.0,3931900.0,1010,24.08,67.0,170.325,910.6
Soya beans,Oilseed,1995,5035000.0,5095600.0,870,24.21,72.0,169.911,1012.0
Soya beans,Oilseed,1996,5441700.0,5380200.0,1034,24.3,76.0,169.525,988.7
Soya beans,Oilseed,1997,5986100.0,6460000.0,852,23.92,79.0,170.101,1079.2
Soya beans,Oilseed,1998,6488900.0,7140000.0,1002,24.57,83.0,170.029,1100.3
Soya beans,Oilseed,1999,6222400.0,7080000.0,823,24.46,87.0,170.125,1137.8
Soya beans,Oilseed,2000,6416600.0,5280000.0,876,24.33,90.0,170.13,822.9
Soya beans,Oilseed,2001,6343100.0,5962700.0,894,24.46,94.0,169.825,940.0
Soya beans,Oilseed,2002,6105500.0,4654700.0,705,24.8,156.38,170.032,762.4
Soya beans,Oilseed,2003,6554700.0,7818900.0,980,24.66,164.84,169.799,1192.9
Soya beans,Oilseed,2004,7571200.0,6876300.0,822,24.54,192.35,169.891,908.2
Soya beans,Oilseed,2005,7707500.0,8273500.0,919,24.56,208.53,169.674,1073.4
Soya beans,Oilseed,2006,8328700.0,8850800.0,903,24.64,239.93,169.462,1062.7
Soya beans,Oilseed,2007,8881700.0,10968200.0,1052,24.6,245.53,169.202,1234.9
Soya beans,Oilseed,2008,9510800.0,9905430.0,981,24.26,267.03,169.395,1041.5
Soya beans,Oilseed,2009,9734658.0,9964477.0,731,25.14,289.69,169.724,1023.6
Soya beans,Oilseed,2010,9601036.0,12733697.0,1011,25.13,305.91,169.234,1326.3
Soya beans,Oilseed,2011,10109092.0,12213513.0,1011,24.34,321.53,169.369,1208.2
Soya beans,Oilseed,2012,10840733.0,14666448.0,919,24.48,317.58,169.346,1352.9
Soya beans,Oilseed,2013,11716408.0,11860818.02,1002,24.42,306.69,169.442,1012.3
Soya beans,Oilseed,2014,10910830.0,10373800.0,882,24.52,318.21,169.463,950.8
Soya beans,Oilseed,2015,11604541.0,8569794.62,772,24.69,329.28,169.413,738.5
Soya beans,Oilseed,2016,11183401.0,13158730.0,973,25.07,319.47,169.317,1176.6
Soya beans,Oilseed,2017,10328825.0,10932972.36,952,24.96,325.62,168.895,1058.5
Soya beans,Oilseed,2018,11131257.0,13267518.8,913,24.88,336.43,168.778,1191.9
Soya beans,Oilseed,2019,12192707.0,11225853.4,1012,24.8,365.61,168.669,920.7
Soya beans,Oilseed,2020,12918278.0,12610296.12,1089,24.51,472.49,168.048,976.2
Soya beans,Oilseed,2021,12146576.0,12986722.0,870,24.73,455.66,168.14,1069.2
Soya beans,Oilseed,2022,13084089.0,14984927.37,925,24.78,450.93,168.231,1145.3
Soya beans,Oilseed,2023,13254897.0,13061988.83,820,24.9,455.08,168.323,985.4
Soya beans,Oilseed,2024,12939104.0,15132082.17,868,25.14,455.08,168.323,1169.5
Strawberries,Fruit,2015,1000.0,8000.0,772,24.69,329.28,169.413,8000.0
Strawberries,Fruit,2016,694.0,4902.6,973,25.07,319.47,169.317,7064.3
Strawberries,Fruit,2017,511.0,3760.0,952,24.96,325.62,168.895,7358.1
Strawberries,Fruit,2018,653.0,5310.58,913,24.88,336.43,168.778,8137.3
Strawberries,Fruit,2019,742.0,4919.0,1012,24.8,365.61,168.669,6629.4
Strawberries,Fruit,2020,944.0,8663.0,1089,24.51,472.49,168.048,9176.9
Strawberries,Fruit,2021,3309.0,19835.0,870,24.73,455.66,168.14,5994.3
Strawberries,Fruit,2022,2569.0,11382.0,925,24.78,450.93,168.231,4430.5
Strawberries,Fruit,2023,2421.0,18869.0,820,24.9,455.08,168.323,7793.9
Strawberries,Fruit,2024,3031.0,21100.56,868,25.14,455.08,168.323,6961.6
Sugar cane,Cash Crop,1961,2413000.0,110001008.0,1013,23.82,2.0,160.986,45586.8
Sugar cane,Cash Crop,1962,2456000.0,103967008.0,899,23.53,2.4,162.4,42331.8
Sugar cane,Cash Crop,1963,2242000.0,91913008.0,920,23.98,2.9,162.05,40996.0
Sugar cane,Cash Crop,1964,2249000.0,104225008.0,884,23.97,3.5,162.118,46342.8
Sugar cane,Cash Crop,1965,2602900.0,122077008.0,788,23.93,4.1,162.434,46900.4
Sugar cane,Cash Crop,1966,2836000.0,123990000.0,939,24.32,4.8,162.72,43720.0
Sugar cane,Cash Crop,1967,2301000.0,92827008.0,943,23.8,5.7,163.79,40342.0
Sugar cane,Cash Crop,1968,2047000.0,95500000.0,858,23.81,6.8,164.569,46653.6
Sugar cane,Cash Crop,1969,2532200.0,124676096.0,999,24.35,8.0,164.476,49236.3
Sugar cane,Cash Crop,1970,2748000.0,135024000.0,916,24.05,9.5,165.06,49135.4
Sugar cane,Cash Crop,1971,2615000.0,126368000.0,887,23.51,11.0,164.556,48324.3
Sugar cane,Cash Crop,1972,2390400.0,113569504.0,761,24.0,12.8,164.986,47510.7
Sugar cane,Cash Crop,1973,2451600.0,124866704.0,990,24.3,14.0,166.044,50932.7
Sugar cane,Cash Crop,1974,2752100.0,140805008.0,878,24.01,13.5,166.501,51162.8
Sugar cane,Cash Crop,1975,2894200.0,144288896.0,963,23.68,15.1,166.838,49854.5
Sugar cane,Cash Crop,1976,2762200.0,140603504.0,836,23.95,16.8,167.057,50902.7
Sugar cane,Cash Crop,1977,2866200.0,153007008.0,912,24.13,19.0,167.059,53383.2
Sugar cane,Cash Crop,1978,3151100.0,176965008.0,956,23.82,21.5,168.239,56159.8
Sugar cane,Cash Crop,1979,3087800.0,151655104.0,797,24.29,23.0,168.444,49114.3
Sugar cane,Cash Crop,1980,2610200.0,128833408.0,921,24.39,25.0,168.154,49357.7
Sugar cane,Cash Crop,1981,2666600.0,154248000.0,912,24.06,28.0,168.412,57844.4
Sugar cane,Cash Crop,1982,3193300.0,186357600.0,834,23.98,30.5,168.746,58358.9
Sugar cane,Cash Crop,1983,3357600.0,189505600.0,1009,23.86,33.0,168.532,56440.8
Sugar cane,Cash Crop,1984,3109700.0,174076000.0,854,23.88,36.0,169.418,55978.4
Sugar cane,Cash Crop,1985,2953200.0,170319200.0,897,24.2,39.5,169.34,57672.8
Sugar cane,Cash Crop,1986,2862000.0,171680992.0,859,24.18,42.0,169.409,59986.4
Sugar cane,Cash Crop,1987,3078700.0,186089504.0,757,24.56,43.5,169.705,60444.2
Sugar cane,Cash Crop,1988,3278600.0,196736896.0,1035,24.5,47.0,169.368,60006.4
Sugar cane,Cash Crop,1989,3328900.0,203036800.0,899,23.98,50.5,169.976,60992.2
Sugar cane,Cash Crop,1990,3439000.0,225569200.0,926,23.92,55.0,170.109,65591.5
Sugar cane,Cash Crop,1991,3686000.0,241045504.0,921,24.18,57.5,170.182,65394.9
Sugar cane,Cash Crop,1992,3840000.0,254000000.0,820,24.01,60.0,170.006,66145.8
Sugar cane,Cash Crop,1993,3570000.0,228030000.0,960,24.2,63.0,170.286,63873.9
Sugar cane,Cash Crop,1994,3420000.0,229670000.0,1010,24.08,67.0,170.325,67155.0
Sugar cane,Cash Crop,1995,3870000.0,275540000.0,870,24.21,72.0,169.911,71199.0
Sugar cane,Cash Crop,1996,4150000.0,281100000.0,1034,24.3,76.0,169.525,67734.9
Sugar cane,Cash Crop,1997,4174100.0,277560000.0,852,23.92,79.0,170.101,66495.8
Sugar cane,Cash Crop,1998,3929800.0,279541504.0,1002,24.57,83.0,170.029,71133.8
Sugar cane,Cash Crop,1999,4054900.0,310332800.0,823,24.46,87.0,170.125,76532.8
Sugar cane,Cash Crop,2000,4219700.0,299323904.0,876,24.33,90.0,170.13,70934.9
Sugar cane,Cash Crop,2001,4315700.0,295956000.0,894,24.46,94.0,169.825,68576.6
Sugar cane,Cash Crop,2002,4411600.0,297207808.0,705,24.8,156.38,170.032,67369.6
Sugar cane,Cash Crop,2003,4520300.0,287383200.0,980,24.66,164.84,169.799,63576.1
Sugar cane,Cash Crop,2004,3938400.0,233861792.0,822,24.54,192.35,169.891,59379.9
Sugar cane,Cash Crop,2005,3661500.0,237088400.0,919,24.56,208.53,169.674,64751.7
Sugar cane,Cash Crop,2006,4201100.0,281171808.0,903,24.64,239.93,169.462,66928.1
Sugar cane,Cash Crop,2007,5150000.0,355519712.0,1052,24.6,245.53,169.202,69033.0
Sugar cane,Cash Crop,2008,5055200.0,348187904.0,981,24.26,267.03,169.395,68877.2
Sugar cane,Cash Crop,2009,4415400.0,285029312.0,731,25.14,289.69,169.724,64553.5
Sugar cane,Cash Crop,2010,4174600.0,292301600.0,1011,25.13,305.91,169.234,70019.1
Sugar cane,Cash Crop,2011,4944390.0,342382016.0,1011,24.34,321.53,169.369,69246.6
Sugar cane,Cash Crop,2012,5040000.0,361036992.0,919,24.48,317.58,169.346,71634.3
Sugar cane,Cash Crop,2013,5000000.0,341200000.0,1002,24.42,306.69,169.442,68240.0
Sugar cane,Cash Crop,2014,4990000.0,352142000.0,882,24.52,318.21,169.463,70569.5
Sugar cane,Cash Crop,2015,5070000.0,362333000.0,772,24.69,329.28,169.413,71466.1
Sugar cane,Cash Crop,2016,4950000.0,348448000.0,973,25.07,319.47,169.317,70393.5
Sugar cane,Cash Crop,2017,4435690.0,306069000.0,952,24.96,325.62,168.895,69001.4
Sugar cane,Cash Crop,2018,4737060.0,379904850.0,913,24.88,336.43,168.778,80198.4
Sugar cane,Cash Crop,2019,5061090.0,405416180.0,1012,24.8,365.61,168.669,80104.5
Sugar cane,Cash Crop,2020,4602680.0,370500300.0,1089,24.51,472.49,168.048,80496.6
Sugar cane,Cash Crop,2021,4851230.0,405398710.0,870,24.73,455.66,168.14,83566.2
Sugar cane,Cash Crop,2022,5175410.0,439424890.0,925,24.78,450.93,168.231,84906.3
Sugar cane,Cash Crop,2023,5885317.0,490533351.06,820,24.9,455.08,168.323,83348.7
Sugar cane,Cash Crop,2024,5739595.0,453158493.75,868,25.14,455.08,168.323,78953.0
Sunflower seed,Oilseed,1970,117000.0,76000.0,916,24.05,9.5,165.06,649.6
Sunflower seed,Oilseed,1971,117000.0,76000.0,887,23.51,11.0,164.556,649.6
Sunflower seed,Oilseed,1972,117000.0,76000.0,761,24.0,12.8,164.986,649.6
Sunflower seed,Oilseed,1973,237000.0,169000.0,990,24.3,14.0,166.044,713.1
Sunflower seed,Oilseed,1974,340000.0,228000.0,878,24.01,13.5,166.501,670.6
Sunflower seed,Oilseed,1975,316000.0,217000.0,963,23.68,15.1,166.838,686.7
Sunflower seed,Oilseed,1976,255000.0,138000.0,836,23.95,16.8,167.057,541.2
Sunflower seed,Oilseed,1977,270000.0,141000.0,912,24.13,19.0,167.059,522.2
Sunflower seed,Oilseed,1978,182000.0,99000.0,956,23.82,21.5,168.239,544.0
Sunflower seed,Oilseed,1979,61300.0,31800.0,797,24.29,23.0,168.444,518.8
Sunflower seed,Oilseed,1980,119400.0,66300.0,921,24.39,25.0,168.154,555.3
Sunflower seed,Oilseed,1981,281800.0,159000.0,912,24.06,28.0,168.412,564.2
Sunflower seed,Oilseed,1982,462200.0,229700.0,834,23.98,30.5,168.746,497.0
Sunflower seed,Oilseed,1983,696000.0,299600.0,1009,23.86,33.0,168.532,430.5
Sunflower seed,Oilseed,1984,835000.0,439800.0,854,23.88,36.0,169.418,526.7
Sunflower seed,Oilseed,1985,751600.0,280900.0,897,24.2,39.5,169.34,373.7
Sunflower seed,Oilseed,1986,1022500.0,419900.0,859,24.18,42.0,169.409,410.7
Sunflower seed,Oilseed,1987,1651300.0,635300.0,757,24.56,43.5,169.705,384.7
Sunflower seed,Oilseed,1988,1103800.0,370100.0,1035,24.5,47.0,169.368,335.3
Sunflower seed,Oilseed,1989,1192300.0,631300.0,899,23.98,50.5,169.976,529.5
Sunflower seed,Oilseed,1990,1633000.0,873000.0,926,23.92,55.0,170.109,534.6
Sunflower seed,Oilseed,1991,1891100.0,901700.0,921,24.18,57.5,170.182,476.8
Sunflower seed,Oilseed,1992,2059600.0,1266200.0,820,24.01,60.0,170.006,614.8
Sunflower seed,Oilseed,1993,2544900.0,1249400.0,960,24.2,63.0,170.286,490.9
Sunflower seed,Oilseed,1994,1984600.0,1183500.0,1010,24.08,67.0,170.325,596.3
Sunflower seed,Oilseed,1995,2205500.0,1327900.0,870,24.21,72.0,169.911,602.1
Sunflower seed,Oilseed,1996,2013300.0,1200300.0,1034,24.3,76.0,169.525,596.2
Sunflower seed,Oilseed,1997,1727200.0,1099300.0,852,23.92,79.0,170.101,636.5
Sunflower seed,Oilseed,1998,1885800.0,890100.0,1002,24.57,83.0,170.029,472.0
Sunflower seed,Oilseed,1999,1565200.0,910475.0,823,24.46,87.0,170.125,581.7
Sunflower seed,Oilseed,2000,1233800.0,730000.0,876,24.33,90.0,170.13,591.7
Sunflower seed,Oilseed,2001,964000.0,565000.0,894,24.46,94.0,169.825,586.1
Sunflower seed,Oilseed,2002,1399400.0,795900.0,705,24.8,156.38,170.032,568.7
Sunflower seed,Oilseed,2003,1721000.0,907200.0,980,24.66,164.84,169.799,527.1
Sunflower seed,Oilseed,2004,2265900.0,1055400.0,822,24.54,192.35,169.891,465.8
Sunflower seed,Oilseed,2005,2206900.0,1211400.0,919,24.56,208.53,169.674,548.9
Sunflower seed,Oilseed,2006,2280600.0,1348700.0,903,24.64,239.93,169.462,591.4
Sunflower seed,Oilseed,2007,2066300.0,1324800.0,1052,24.6,245.53,169.202,641.1
Sunflower seed,Oilseed,2008,1811200.0,1357400.0,981,24.26,267.03,169.395,749.4
Sunflower seed,Oilseed,2009,1719023.0,1015330.0,731,25.14,289.69,169.724,590.6
Sunflower seed,Oilseed,2010,1224122.0,828144.0,1011,25.13,305.91,169.234,676.5
Sunflower seed,Oilseed,2011,873869.0,606616.0,1011,24.34,321.53,169.369,694.2
Sunflower seed,Oilseed,2012,772712.0,556423.0,919,24.48,317.58,169.346,720.1
Sunflower seed,Oilseed,2013,785543.0,527964.0,1002,24.42,306.69,169.442,672.1
Sunflower seed,Oilseed,2014,635200.0,480900.0,882,24.52,318.21,169.463,757.1
Sunflower seed,Oilseed,2015,532300.0,357432.4,772,24.69,329.28,169.413,671.5
Sunflower seed,Oilseed,2016,502845.0,328358.25,973,25.07,319.47,169.317,653.0
Sunflower seed,Oilseed,2017,342981.0,237832.08,952,24.96,325.62,168.895,693.4
Sunflower seed,Oilseed,2018,266117.0,227193.74,913,24.88,336.43,168.778,853.7
Sunflower seed,Oilseed,2019,269571.0,217745.25,1012,24.8,365.61,168.669,807.7
Sunflower seed,Oilseed,2020,201789.0,198440.27,1089,24.51,472.49,168.048,983.4
Sunflower seed,Oilseed,2021,264977.0,261383.85,870,24.73,455.66,168.14,986.4
Sunflower seed,Oilseed,2022,351445.0,343194.28,925,24.78,450.93,168.231,976.5
Sunflower seed,Oilseed,2023,212714.0,218987.65,820,24.9,455.08,168.323,1029.5
Sunflower seed,Oilseed,2024,157662.0,177328.95,868,25.14,455.08,168.323,1124.7
Sweet potatoes,Vegetable,1961,163000.0,1261000.0,1013,23.82,2.0,160.986,7736.2
Sweet potatoes,Vegetable,1962,138000.0,858000.0,899,23.53,2.4,162.4,6217.4
Sweet potatoes,Vegetable,1963,133000.0,850000.0,920,23.98,2.9,162.05,6391.0
Sweet potatoes,Vegetable,1964,130000.0,855000.0,884,23.97,3.5,162.118,6576.9
Sweet potatoes,Vegetable,1965,155000.0,1098000.0,788,23.93,4.1,162.434,7083.9
Sweet potatoes,Vegetable,1966,179000.0,991000.0,939,24.32,4.8,162.72,5536.3
Sweet potatoes,Vegetable,1967,206000.0,1297000.0,943,23.8,5.7,163.79,6296.1
Sweet potatoes,Vegetable,1968,223000.0,1664000.0,858,23.81,6.8,164.569,7461.9
Sweet potatoes,Vegetable,1969,241545.0,2042000.0,999,24.35,8.0,164.476,8453.9
Sweet potatoes,Vegetable,1970,215000.0,1621000.0,916,24.05,9.5,165.06,7539.5
Sweet potatoes,Vegetable,1971,206000.0,1731000.0,887,23.51,11.0,164.556,8402.9
Sweet potatoes,Vegetable,1972,192000.0,1538000.0,761,24.0,12.8,164.986,8010.4
Sweet potatoes,Vegetable,1973,199000.0,1431000.0,990,24.3,14.0,166.044,7191.0
Sweet potatoes,Vegetable,1974,219000.0,1550000.0,878,24.01,13.5,166.501,7077.6
Sweet potatoes,Vegetable,1975,230500.0,1658400.0,963,23.68,15.1,166.838,7194.8
Sweet potatoes,Vegetable,1976,251300.0,1810900.0,836,23.95,16.8,167.057,7206.1
Sweet potatoes,Vegetable,1977,234200.0,1555300.0,912,24.13,19.0,167.059,6640.9
Sweet potatoes,Vegetable,1978,238000.0,1588500.0,956,23.82,21.5,168.239,6674.4
Sweet potatoes,Vegetable,1979,219900.0,1623000.0,797,24.29,23.0,168.444,7380.6
Sweet potatoes,Vegetable,1980,207200.0,1313100.0,921,24.39,25.0,168.154,6337.4
Sweet potatoes,Vegetable,1981,208500.0,1501900.0,912,24.06,28.0,168.412,7203.4
Sweet potatoes,Vegetable,1982,224600.0,1696000.0,834,23.98,30.5,168.746,7551.2
Sweet potatoes,Vegetable,1983,216700.0,1586900.0,1009,23.86,33.0,168.532,7323.0
Sweet potatoes,Vegetable,1984,215700.0,1585600.0,854,23.88,36.0,169.418,7351.0
Sweet potatoes,Vegetable,1985,192200.0,1627700.0,897,24.2,39.5,169.34,8468.8
Sweet potatoes,Vegetable,1986,175000.0,1408000.0,859,24.18,42.0,169.409,8045.7
Sweet potatoes,Vegetable,1987,178300.0,1490600.0,757,24.56,43.5,169.705,8360.1
Sweet potatoes,Vegetable,1988,162100.0,1257600.0,1035,24.5,47.0,169.368,7758.2
Sweet potatoes,Vegetable,1989,157400.0,1271000.0,899,23.98,50.5,169.976,8075.0
Sweet potatoes,Vegetable,1990,157100.0,1251500.0,926,23.92,55.0,170.109,7966.3
Sweet potatoes,Vegetable,1991,152600.0,1273500.0,921,24.18,57.5,170.182,8345.3
Sweet potatoes,Vegetable,1992,136500.0,1130700.0,820,24.01,60.0,170.006,8283.5
Sweet potatoes,Vegetable,1993,141400.0,1215500.0,960,24.2,63.0,170.286,8596.2
Sweet potatoes,Vegetable,1994,143900.0,1220600.0,1010,24.08,67.0,170.325,8482.3
Sweet potatoes,Vegetable,1995,144600.0,1166100.0,870,24.21,72.0,169.911,8064.3
Sweet potatoes,Vegetable,1996,141000.0,1138100.0,1034,24.3,76.0,169.525,8071.6
Sweet potatoes,Vegetable,1997,129900.0,1102200.0,852,23.92,79.0,170.101,8485.0
Sweet potatoes,Vegetable,1998,120600.0,1048100.0,1002,24.57,83.0,170.029,8690.7
Sweet potatoes,Vegetable,1999,134400.0,1152400.0,823,24.46,87.0,170.125,8574.4
Sweet potatoes,Vegetable,2000,114000.0,1110600.0,876,24.33,90.0,170.13,9742.1
Sweet potatoes,Vegetable,2001,114000.0,1007400.0,894,24.46,94.0,169.825,8836.8
Sweet potatoes,Vegetable,2002,131900.0,1130300.0,705,24.8,156.38,170.032,8569.4
Sweet potatoes,Vegetable,2003,131900.0,1130300.0,980,24.66,164.84,169.799,8569.4
Sweet potatoes,Vegetable,2004,133100.0,1179100.0,822,24.54,192.35,169.891,8858.8
Sweet potatoes,Vegetable,2005,133300.0,1179400.0,919,24.56,208.53,169.674,8847.7
Sweet potatoes,Vegetable,2006,122800.0,1066500.0,903,24.64,239.93,169.462,8684.9
Sweet potatoes,Vegetable,2007,122700.0,1067200.0,1052,24.6,245.53,169.202,8697.6
Sweet potatoes,Vegetable,2008,123000.0,1094000.0,981,24.26,267.03,169.395,8894.3
Sweet potatoes,Vegetable,2009,124300.0,1119700.0,731,25.14,289.69,169.724,9008.0
Sweet potatoes,Vegetable,2010,118900.0,1094700.0,1011,25.13,305.91,169.234,9206.9
Sweet potatoes,Vegetable,2011,113200.0,1046600.0,1011,24.34,321.53,169.369,9245.6
Sweet potatoes,Vegetable,2012,110400.0,1072800.0,919,24.48,317.58,169.346,9717.4
Sweet potatoes,Vegetable,2013,111800.0,1132400.0,1002,24.42,306.69,169.442,10128.8
Sweet potatoes,Vegetable,2014,105870.0,1087880.0,882,24.52,318.21,169.463,10275.6
Sweet potatoes,Vegetable,2015,107000.0,1228000.0,772,24.69,329.28,169.413,11476.6
Sweet potatoes,Vegetable,2016,126000.0,1454000.0,973,25.07,319.47,169.317,11539.7
Sweet potatoes,Vegetable,2017,128000.0,1460000.0,952,24.96,325.62,168.895,11406.3
Sweet potatoes,Vegetable,2018,131000.0,1500000.0,913,24.88,336.43,168.778,11450.4
Sweet potatoes,Vegetable,2019,110000.0,1156000.0,1012,24.8,365.61,168.669,10509.1
Sweet potatoes,Vegetable,2020,108000.0,1141000.0,1089,24.51,472.49,168.048,10564.8
Sweet potatoes,Vegetable,2021,106000.0,1121000.0,870,24.73,455.66,168.14,10575.5
Sweet potatoes,Vegetable,2022,107000.0,1184000.0,925,24.78,450.93,168.231,11065.4
Sweet potatoes,Vegetable,2023,110000.0,1289000.0,820,24.9,455.08,168.323,11718.2
Sweet potatoes,Vegetable,2024,111866.0,1305997.0,868,25.14,455.08,168.323,11674.7
"Tangerines, mandarins, clementines",Fruit,1994,119100.0,1057800.0,1010,24.08,67.0,170.325,8881.6
"Tangerines, mandarins, clementines",Fruit,1995,130700.0,708500.0,870,24.21,72.0,169.911,5420.8
"Tangerines, mandarins, clementines",Fruit,1996,133800.0,1161700.0,1034,24.3,76.0,169.525,8682.4
"Tangerines, mandarins, clementines",Fruit,1997,163400.0,1720100.0,852,23.92,79.0,170.101,10526.9
"Tangerines, mandarins, clementines",Fruit,1998,165400.0,1472400.0,1002,24.57,83.0,170.029,8902.1
"Tangerines, mandarins, clementines",Fruit,1999,165100.0,1674000.0,823,24.46,87.0,170.125,10139.3
"Tangerines, mandarins, clementines",Fruit,2000,198900.0,1657700.0,876,24.33,90.0,170.13,8334.3
"Tangerines, mandarins, clementines",Fruit,2001,168900.0,1414300.0,894,24.46,94.0,169.825,8373.6
"Tangerines, mandarins, clementines",Fruit,2002,198900.0,1660100.0,705,24.8,156.38,170.032,8346.4
"Tangerines, mandarins, clementines",Fruit,2003,142800.0,1136600.0,980,24.66,164.84,169.799,7959.4
"Tangerines, mandarins, clementines",Fruit,2004,183400.0,1244100.0,822,24.54,192.35,169.891,6783.5
"Tangerines, mandarins, clementines",Fruit,2005,183600.0,1235700.0,919,24.56,208.53,169.674,6730.4
"Tangerines, mandarins, clementines",Fruit,2006,210800.0,1298800.0,903,24.64,239.93,169.462,6161.3
"Tangerines, mandarins, clementines",Fruit,2007,198400.0,1357500.0,1052,24.6,245.53,169.202,6842.2
"Tangerines, mandarins, clementines",Fruit,2008,218100.0,1461700.0,981,24.26,267.03,169.395,6702.0
"Tangerines, mandarins, clementines",Fruit,2009,245500.0,1634000.0,731,25.14,289.69,169.724,6655.8
"Tangerines, mandarins, clementines",Fruit,2010,285000.0,2084000.0,1011,25.13,305.91,169.234,7312.3
"Tangerines, mandarins, clementines",Fruit,2011,324000.0,3255000.0,1011,24.34,321.53,169.369,10046.3
"Tangerines, mandarins, clementines",Fruit,2012,329000.0,3128000.0,919,24.48,317.58,169.346,9507.6
"Tangerines, mandarins, clementines",Fruit,2013,311000.0,2906000.0,1002,24.42,306.69,169.442,9344.1
"Tangerines, mandarins, clementines",Fruit,2014,330000.0,3431000.0,882,24.52,318.21,169.463,10397.0
"Tangerines, mandarins, clementines",Fruit,2015,299000.0,3699000.0,772,24.69,329.28,169.413,12371.2
"Tangerines, mandarins, clementines",Fruit,2016,396930.0,4112802.07,973,25.07,319.47,169.317,10361.5
"Tangerines, mandarins, clementines",Fruit,2017,410230.0,4437500.0,952,24.96,325.62,168.895,10817.1
"Tangerines, mandarins, clementines",Fruit,2018,428306.0,5101210.59,913,24.88,336.43,168.778,11910.2
"Tangerines, mandarins, clementines",Fruit,2019,468680.0,6242995.85,1012,24.8,365.61,168.669,13320.4
"Tangerines, mandarins, clementines",Fruit,2020,454456.0,6136154.85,1089,24.51,472.49,168.048,13502.2
"Tangerines, mandarins, clementines",Fruit,2021,476511.0,6219381.0,870,24.73,455.66,168.14,13051.9
"Tangerines, mandarins, clementines",Fruit,2022,454000.0,6303000.0,925,24.78,450.93,168.231,13883.3
"Tangerines, mandarins, clementines",Fruit,2023,460000.0,6178000.0,820,24.9,455.08,168.323,13430.4
"Tangerines, mandarins, clementines",Fruit,2024,474055.0,6075893.0,868,25.14,455.08,168.323,12816.9
Tea leaves,Beverage,1961,331229.0,354397.0,1013,23.82,2.0,160.986,1069.9
Tea leaves,Beverage,1962,332524.0,346736.0,899,23.53,2.4,162.4,1042.7
Tea leaves,Beverage,1963,334036.0,346413.0,920,23.98,2.9,162.05,1037.1
Tea leaves,Beverage,1964,341762.0,372486.0,884,23.97,3.5,162.118,1089.9
Tea leaves,Beverage,1965,345256.0,366374.0,788,23.93,4.1,162.434,1061.2
Tea leaves,Beverage,1966,347653.0,375983.0,939,24.32,4.8,162.72,1081.5
Tea leaves,Beverage,1967,351065.0,384759.0,943,23.8,5.7,163.79,1096.0
Tea leaves,Beverage,1968,353359.0,402489.0,858,23.81,6.8,164.569,1139.0
Tea leaves,Beverage,1969,354133.0,393588.0,999,24.35,8.0,164.476,1111.4
Tea leaves,Beverage,1970,356516.0,418517.0,916,24.05,9.5,165.06,1173.9
Tea leaves,Beverage,1971,358675.0,435468.0,887,23.51,11.0,164.556,1214.1
Tea leaves,Beverage,1972,360108.0,455996.0,761,24.0,12.8,164.986,1266.3
Tea leaves,Beverage,1973,361663.0,471952.0,990,24.3,14.0,166.044,1304.9
Tea leaves,Beverage,1974,363303.0,489475.0,878,24.01,13.5,166.501,1347.3
Tea leaves,Beverage,1975,364275.0,487137.0,963,23.68,15.1,166.838,1337.3
Tea leaves,Beverage,1976,366276.0,511817.0,836,23.95,16.8,167.057,1397.4
Tea leaves,Beverage,1977,369184.0,556267.0,912,24.13,19.0,167.059,1506.7
Tea leaves,Beverage,1978,373747.0,563846.0,956,23.82,21.5,168.239,1508.6
Tea leaves,Beverage,1979,378447.0,543776.0,797,24.29,23.0,168.444,1436.9
Tea leaves,Beverage,1980,381891.0,569550.0,921,24.39,25.0,168.154,1491.4
Tea leaves,Beverage,1981,384242.0,559583.0,912,24.06,28.0,168.412,1456.3
Tea leaves,Beverage,1982,394999.0,560732.0,834,23.98,30.5,168.746,1419.6
Tea leaves,Beverage,1983,396066.0,581484.0,1009,23.86,33.0,168.532,1468.1
Tea leaves,Beverage,1984,398453.0,639864.0,854,23.88,36.0,169.418,1605.9
Tea leaves,Beverage,1985,399929.0,656162.0,897,24.2,39.5,169.34,1640.7
Tea leaves,Beverage,1986,411673.0,620803.0,859,24.18,42.0,169.409,1508.0
Tea leaves,Beverage,1987,411700.0,620800.0,757,24.56,43.5,169.705,1507.9
Tea leaves,Beverage,1988,414200.0,674300.0,1035,24.5,47.0,169.368,1628.0
Tea leaves,Beverage,1989,414300.0,701100.0,899,23.98,50.5,169.976,1692.3
Tea leaves,Beverage,1990,415000.0,688100.0,926,23.92,55.0,170.109,1658.1
Tea leaves,Beverage,1991,421000.0,3132000.0,921,24.18,57.5,170.182,7439.4
Tea leaves,Beverage,1992,444000.0,3279000.0,820,24.01,60.0,170.006,7385.1
Tea leaves,Beverage,1993,448000.0,3060000.0,960,24.2,63.0,170.286,6830.4
Tea leaves,Beverage,1994,426000.0,3274000.0,1010,24.08,67.0,170.325,7685.4
Tea leaves,Beverage,1995,428000.0,3278000.0,870,24.21,72.0,169.911,7658.9
Tea leaves,Beverage,1996,427000.0,3287000.0,1034,24.3,76.0,169.525,7697.9
Tea leaves,Beverage,1997,431000.0,3391000.0,852,23.92,79.0,170.101,7867.7
Tea leaves,Beverage,1998,434000.0,3522000.0,1002,24.57,83.0,170.029,8115.2
Tea leaves,Beverage,1999,474000.0,3800000.0,823,24.46,87.0,170.125,8016.9
Tea leaves,Beverage,2000,490000.0,3591000.0,876,24.33,90.0,170.13,7328.6
Tea leaves,Beverage,2001,504000.0,3683000.0,894,24.46,94.0,169.825,7307.5
Tea leaves,Beverage,2002,510000.0,3713000.0,705,24.8,156.38,170.032,7280.4
Tea leaves,Beverage,2003,516000.0,3678000.0,980,24.66,164.84,169.799,7127.9
Tea leaves,Beverage,2004,520000.0,3822000.0,822,24.54,192.35,169.891,7350.0
Tea leaves,Beverage,2005,521000.0,3943000.0,919,24.56,208.53,169.674,7568.1
Tea leaves,Beverage,2006,555611.0,4126000.0,903,24.64,239.93,169.462,7426.1
Tea leaves,Beverage,2007,567020.0,4230000.0,1052,24.6,245.53,169.202,7460.1
Tea leaves,Beverage,2008,578458.0,4291000.0,981,24.26,267.03,169.395,7418.0
Tea leaves,Beverage,2009,579000.0,4229000.0,731,25.14,289.69,169.724,7304.0
Tea leaves,Beverage,2010,579000.0,4309000.0,1011,25.13,305.91,169.234,7442.1
Tea leaves,Beverage,2011,600000.0,4763000.0,1011,24.34,321.53,169.369,7938.3
Tea leaves,Beverage,2012,605000.0,4935000.0,919,24.48,317.58,169.346,8157.0
Tea leaves,Beverage,2013,563980.0,5256000.0,1002,24.42,306.69,169.442,9319.5
Tea leaves,Beverage,2014,604000.0,5249000.0,882,24.52,318.21,169.463,8690.4
Tea leaves,Beverage,2015,566660.0,5361000.0,772,24.69,329.28,169.413,9460.7
Tea leaves,Beverage,2016,577480.0,5437000.0,973,25.07,319.47,169.317,9415.0
Tea leaves,Beverage,2017,621610.0,5761000.0,952,24.96,325.62,168.895,9267.9
Tea leaves,Beverage,2018,621990.0,5820000.0,913,24.88,336.43,168.778,9357.1
Tea leaves,Beverage,2019,637223.0,6044000.0,1012,24.8,365.61,168.669,9484.9
Tea leaves,Beverage,2020,572021.0,5485000.0,1089,24.51,472.49,168.048,9588.8
Tea leaves,Beverage,2021,627712.0,6090000.0,870,24.73,455.66,168.14,9701.9
Tea leaves,Beverage,2022,633750.0,6231000.0,925,24.78,450.93,168.231,9832.0
Tea leaves,Beverage,2023,607373.0,6033531.0,820,24.9,455.08,168.323,9933.8
Tea leaves,Beverage,2024,613416.0,6156031.41,868,25.14,455.08,168.323,10035.7
Tomatoes,Vegetable,1961,50000.0,464000.0,1013,23.82,2.0,160.986,9280.0
Tomatoes,Vegetable,1962,52000.0,480000.0,899,23.53,2.4,162.4,9230.8
Tomatoes,Vegetable,1963,53000.0,495000.0,920,23.98,2.9,162.05,9339.6
Tomatoes,Vegetable,1964,55000.0,510000.0,884,23.97,3.5,162.118,9272.7
Tomatoes,Vegetable,1965,57000.0,525000.0,788,23.93,4.1,162.434,9210.5
Tomatoes,Vegetable,1966,58000.0,540000.0,939,24.32,4.8,162.72,9310.3
Tomatoes,Vegetable,1967,60000.0,560000.0,943,23.8,5.7,163.79,9333.3
Tomatoes,Vegetable,1968,62000.0,580000.0,858,23.81,6.8,164.569,9354.8
Tomatoes,Vegetable,1969,63000.0,600000.0,999,24.35,8.0,164.476,9523.8
Tomatoes,Vegetable,1970,65000.0,620000.0,916,24.05,9.5,165.06,9538.5
Tomatoes,Vegetable,1971,67000.0,640000.0,887,23.51,11.0,164.556,9552.2
Tomatoes,Vegetable,1972,69000.0,650000.0,761,24.0,12.8,164.986,9420.3
Tomatoes,Vegetable,1973,70000.0,660000.0,990,24.3,14.0,166.044,9428.6
Tomatoes,Vegetable,1974,90000.0,750000.0,878,24.01,13.5,166.501,8333.3
Tomatoes,Vegetable,1975,100000.0,830000.0,963,23.68,15.1,166.838,8300.0
Tomatoes,Vegetable,1976,115000.0,1050000.0,836,23.95,16.8,167.057,9130.4
Tomatoes,Vegetable,1977,120000.0,1020000.0,912,24.13,19.0,167.059,8500.0
Tomatoes,Vegetable,1978,100000.0,950000.0,956,23.82,21.5,168.239,9500.0
Tomatoes,Vegetable,1979,150000.0,1300000.0,797,24.29,23.0,168.444,8666.7
Tomatoes,Vegetable,1980,160000.0,1500000.0,921,24.39,25.0,168.154,9375.0
Tomatoes,Vegetable,1981,190000.0,1800000.0,912,24.06,28.0,168.412,9473.7
Tomatoes,Vegetable,1982,180000.0,1750000.0,834,23.98,30.5,168.746,9722.2
Tomatoes,Vegetable,1983,200000.0,2000000.0,1009,23.86,33.0,168.532,10000.0
Tomatoes,Vegetable,1984,230000.0,2100000.0,854,23.88,36.0,169.418,9130.4
Tomatoes,Vegetable,1985,260000.0,2300000.0,897,24.2,39.5,169.34,8846.2
Tomatoes,Vegetable,1986,250000.0,2280000.0,859,24.18,42.0,169.409,9120.0
Tomatoes,Vegetable,1987,293692.0,2386776.0,757,24.56,43.5,169.705,8126.8
Tomatoes,Vegetable,1988,235776.0,3103301.0,1035,24.5,47.0,169.368,13162.1
Tomatoes,Vegetable,1989,344415.0,4600000.0,899,23.98,50.5,169.976,13356.0
Tomatoes,Vegetable,1990,290279.0,4603446.0,926,23.92,55.0,170.109,15858.7
Tomatoes,Vegetable,1991,289077.0,4244366.0,921,24.18,57.5,170.182,14682.5
Tomatoes,Vegetable,1992,308653.0,4849568.0,820,24.01,60.0,170.006,15712.0
Tomatoes,Vegetable,1993,310000.0,5000000.0,960,24.2,63.0,170.286,16129.0
Tomatoes,Vegetable,1994,350000.0,4930000.0,1010,24.08,67.0,170.325,14085.7
Tomatoes,Vegetable,1995,350000.0,5260000.0,870,24.21,72.0,169.911,15028.6
Tomatoes,Vegetable,1996,374893.0,6000000.0,1034,24.3,76.0,169.525,16004.6
Tomatoes,Vegetable,1997,400000.0,7000000.0,852,23.92,79.0,170.101,17500.0
Tomatoes,Vegetable,1998,410000.0,6180000.0,1002,24.57,83.0,170.029,15073.2
Tomatoes,Vegetable,1999,470000.0,8270000.0,823,24.46,87.0,170.125,17595.7
Tomatoes,Vegetable,2000,460000.0,7430000.0,876,24.33,90.0,170.13,16152.2
Tomatoes,Vegetable,2001,460000.0,7240000.0,894,24.46,94.0,169.825,15739.1
Tomatoes,Vegetable,2002,458100.0,7462300.0,705,24.8,156.38,170.032,16289.7
Tomatoes,Vegetable,2003,478800.0,7616700.0,980,24.66,164.84,169.799,15907.9
Tomatoes,Vegetable,2004,502800.0,8125600.0,822,24.54,192.35,169.891,16160.7
Tomatoes,Vegetable,2005,505400.0,8825400.0,919,24.56,208.53,169.674,17462.2
Tomatoes,Vegetable,2006,546100.0,9820400.0,903,24.64,239.93,169.462,17982.8
Tomatoes,Vegetable,2007,596000.0,10055000.0,1052,24.6,245.53,169.202,16870.8
Tomatoes,Vegetable,2008,566000.0,10303000.0,981,24.26,267.03,169.395,18203.2
Tomatoes,Vegetable,2009,599100.0,11148800.0,731,25.14,289.69,169.724,18609.2
Tomatoes,Vegetable,2010,634400.0,12433200.0,1011,25.13,305.91,169.234,19598.4
Tomatoes,Vegetable,2011,865000.0,16526000.0,1011,24.34,321.53,169.369,19105.2
Tomatoes,Vegetable,2012,907000.0,18653000.0,919,24.48,317.58,169.346,20565.6
Tomatoes,Vegetable,2013,880000.0,18227000.0,1002,24.42,306.69,169.442,20712.5
Tomatoes,Vegetable,2014,882030.0,18735910.0,882,24.52,318.21,169.463,21241.8
Tomatoes,Vegetable,2015,767000.0,16385000.0,772,24.69,329.28,169.413,21362.5
Tomatoes,Vegetable,2016,774000.0,18732000.0,973,25.07,319.47,169.317,24201.6
Tomatoes,Vegetable,2017,797000.0,20708000.0,952,24.96,325.62,168.895,25982.4
Tomatoes,Vegetable,2018,789000.0,19759000.0,913,24.88,336.43,168.778,25043.1
Tomatoes,Vegetable,2019,781000.0,19007000.0,1012,24.8,365.61,168.669,24336.7
Tomatoes,Vegetable,2020,818000.0,20550000.0,1089,24.51,472.49,168.048,25122.2
Tomatoes,Vegetable,2021,845000.0,21181000.0,870,24.73,455.66,168.14,25066.3
Tomatoes,Vegetable,2022,843000.0,20694000.0,925,24.78,450.93,168.231,24548.0
Tomatoes,Vegetable,2023,849000.0,20425000.0,820,24.9,455.08,168.323,24057.7
Tomatoes,Vegetable,2024,853993.0,21323223.0,868,25.14,455.08,168.323,24968.8
Unmanufactured tobacco,Industrial,1961,401000.0,307000.0,1013,23.82,2.0,160.986,765.6
Unmanufactured tobacco,Industrial,1962,418000.0,339000.0,899,23.53,2.4,162.4,811.0
Unmanufactured tobacco,Industrial,1963,405000.0,341000.0,920,23.98,2.9,162.05,842.0
Unmanufactured tobacco,Industrial,1964,441000.0,360000.0,884,23.97,3.5,162.118,816.3
Unmanufactured tobacco,Industrial,1965,394000.0,346000.0,788,23.93,4.1,162.434,878.2
Unmanufactured tobacco,Industrial,1966,377000.0,293000.0,939,24.32,4.8,162.72,777.2
Unmanufactured tobacco,Industrial,1967,423500.0,353400.0,943,23.8,5.7,163.79,834.5
Unmanufactured tobacco,Industrial,1968,423500.0,368700.0,858,23.81,6.8,164.569,870.6
Unmanufactured tobacco,Industrial,1969,439800.0,361000.0,999,24.35,8.0,164.476,820.8
Unmanufactured tobacco,Industrial,1970,437900.0,337100.0,916,24.05,9.5,165.06,769.8
Unmanufactured tobacco,Industrial,1971,446900.0,361900.0,887,23.51,11.0,164.556,809.8
Unmanufactured tobacco,Industrial,1972,458300.0,418900.0,761,24.0,12.8,164.986,914.0
Unmanufactured tobacco,Industrial,1973,444900.0,372200.0,990,24.3,14.0,166.044,836.6
Unmanufactured tobacco,Industrial,1974,461500.0,462100.0,878,24.01,13.5,166.501,1001.3
Unmanufactured tobacco,Industrial,1975,380600.0,363100.0,963,23.68,15.1,166.838,954.0
Unmanufactured tobacco,Industrial,1976,368200.0,349800.0,836,23.95,16.8,167.057,950.0
Unmanufactured tobacco,Industrial,1977,432400.0,418800.0,912,24.13,19.0,167.059,968.5
Unmanufactured tobacco,Industrial,1978,504400.0,493600.0,956,23.82,21.5,168.239,978.6
Unmanufactured tobacco,Industrial,1979,409300.0,453800.0,797,24.29,23.0,168.444,1108.7
Unmanufactured tobacco,Industrial,1980,425400.0,438500.0,921,24.39,25.0,168.154,1030.8
Unmanufactured tobacco,Industrial,1981,451500.0,480800.0,912,24.06,28.0,168.412,1064.9
Unmanufactured tobacco,Industrial,1982,443800.0,520100.0,834,23.98,30.5,168.746,1171.9
Unmanufactured tobacco,Industrial,1983,502700.0,581600.0,1009,23.86,33.0,168.532,1157.0
Unmanufactured tobacco,Industrial,1984,439700.0,492500.0,854,23.88,36.0,169.418,1120.1
Unmanufactured tobacco,Industrial,1985,436600.0,485900.0,897,24.2,39.5,169.34,1112.9
Unmanufactured tobacco,Industrial,1986,397000.0,441200.0,859,24.18,42.0,169.409,1111.3
Unmanufactured tobacco,Industrial,1987,389200.0,461800.0,757,24.56,43.5,169.705,1186.5
Unmanufactured tobacco,Industrial,1988,318000.0,367400.0,1035,24.5,47.0,169.368,1155.3
Unmanufactured tobacco,Industrial,1989,377000.0,492800.0,899,23.98,50.5,169.976,1307.2
Unmanufactured tobacco,Industrial,1990,413100.0,551600.0,926,23.92,55.0,170.109,1335.3
Unmanufactured tobacco,Industrial,1991,410800.0,555900.0,921,24.18,57.5,170.182,1353.2
Unmanufactured tobacco,Industrial,1992,427000.0,584400.0,820,24.01,60.0,170.006,1368.6
Unmanufactured tobacco,Industrial,1993,418500.0,596500.0,960,24.2,63.0,170.286,1425.3
Unmanufactured tobacco,Industrial,1994,384800.0,562900.0,1010,24.08,67.0,170.325,1462.8
Unmanufactured tobacco,Industrial,1995,381000.0,566700.0,870,24.21,72.0,169.911,1487.4
Unmanufactured tobacco,Industrial,1996,394000.0,535200.0,1034,24.3,76.0,169.525,1358.4
Unmanufactured tobacco,Industrial,1997,428000.0,618000.0,852,23.92,79.0,170.101,1443.9
Unmanufactured tobacco,Industrial,1998,464000.0,646000.0,1002,24.57,83.0,170.029,1392.2
Unmanufactured tobacco,Industrial,1999,508100.0,736200.0,823,24.46,87.0,170.125,1448.9
Unmanufactured tobacco,Industrial,2000,433400.0,520000.0,876,24.33,90.0,170.13,1199.8
Unmanufactured tobacco,Industrial,2001,260000.0,340000.0,894,24.46,94.0,169.825,1307.7
Unmanufactured tobacco,Industrial,2002,350000.0,550000.0,705,24.8,156.38,170.032,1571.4
Unmanufactured tobacco,Industrial,2003,330000.0,490000.0,980,24.66,164.84,169.799,1484.8
Unmanufactured tobacco,Industrial,2004,369700.0,549900.0,822,24.54,192.35,169.891,1487.4
Unmanufactured tobacco,Industrial,2005,366500.0,549100.0,919,24.56,208.53,169.674,1498.2
Unmanufactured tobacco,Industrial,2006,372800.0,552200.0,903,24.64,239.93,169.462,1481.2
Unmanufactured tobacco,Industrial,2007,370000.0,520000.0,1052,24.6,245.53,169.202,1405.4
Unmanufactured tobacco,Industrial,2008,350000.0,490000.0,981,24.26,267.03,169.395,1400.0
Unmanufactured tobacco,Industrial,2009,390690.0,622830.0,731,25.14,289.69,169.724,1594.2
Unmanufactured tobacco,Industrial,2010,444280.0,690000.0,1011,25.13,305.91,169.234,1553.1
Unmanufactured tobacco,Industrial,2011,490000.0,830000.0,1011,24.34,321.53,169.369,1693.9
Unmanufactured tobacco,Industrial,2012,460000.0,820000.0,919,24.48,317.58,169.346,1782.6
Unmanufactured tobacco,Industrial,2013,445873.0,765153.82,1002,24.42,306.69,169.442,1716.1
Unmanufactured tobacco,Industrial,2014,424511.0,719419.96,882,24.52,318.21,169.463,1694.7
Unmanufactured tobacco,Industrial,2015,430962.0,738029.07,772,24.69,329.28,169.413,1712.5
Unmanufactured tobacco,Industrial,2016,435530.0,747976.54,973,25.07,319.47,169.317,1717.4
Unmanufactured tobacco,Industrial,2017,431801.0,744410.42,952,24.96,325.62,168.895,1724.0
Unmanufactured tobacco,Industrial,2018,427979.0,744046.46,913,24.88,336.43,168.778,1738.5
Unmanufactured tobacco,Industrial,2019,425736.0,746861.05,1012,24.8,365.61,168.669,1754.3
Unmanufactured tobacco,Industrial,2020,419350.0,740127.71,1089,24.51,472.49,168.048,1764.9
Unmanufactured tobacco,Industrial,2021,409289.0,731141.68,870,24.73,455.66,168.14,1786.4
Unmanufactured tobacco,Industrial,2022,418125.0,727518.19,925,24.78,450.93,168.231,1740.0
Unmanufactured tobacco,Industrial,2023,415588.0,727360.54,820,24.9,455.08,168.323,1750.2
Unmanufactured tobacco,Industrial,2024,414334.0,727202.88,868,25.14,455.08,168.323,1755.1
"Walnuts, in shell",Tree Nut,1961,14000.0,12000.0,1013,23.82,2.0,160.986,857.1
"Walnuts, in shell",Tree Nut,1962,14000.0,12000.0,899,23.53,2.4,162.4,857.1
"Walnuts, in shell",Tree Nut,1963,15000.0,13000.0,920,23.98,2.9,162.05,866.7
"Walnuts, in shell",Tree Nut,1964,16000.0,14000.0,884,23.97,3.5,162.118,875.0
"Walnuts, in shell",Tree Nut,1965,16000.0,14000.0,788,23.93,4.1,162.434,875.0
"Walnuts, in shell",Tree Nut,1966,18000.0,16000.0,939,24.32,4.8,162.72,888.9
"Walnuts, in shell",Tree Nut,1967,12500.0,11000.0,943,23.8,5.7,163.79,880.0
"Walnuts, in shell",Tree Nut,1968,16000.0,14000.0,858,23.81,6.8,164.569,875.0
"Walnuts, in shell",Tree Nut,1969,11000.0,10000.0,999,24.35,8.0,164.476,909.1
"Walnuts, in shell",Tree Nut,1970,16000.0,14000.0,916,24.05,9.5,165.06,875.0
"Walnuts, in shell",Tree Nut,1971,12000.0,11000.0,887,23.51,11.0,164.556,916.7
"Walnuts, in shell",Tree Nut,1972,16000.0,14000.0,761,24.0,12.8,164.986,875.0
"Walnuts, in shell",Tree Nut,1973,15000.0,13500.0,990,24.3,14.0,166.044,900.0
"Walnuts, in shell",Tree Nut,1974,11000.0,9500.0,878,24.01,13.5,166.501,863.6
"Walnuts, in shell",Tree Nut,1975,17000.0,15000.0,963,23.68,15.1,166.838,882.4
"Walnuts, in shell",Tree Nut,1976,18000.0,16000.0,836,23.95,16.8,167.057,888.9
"Walnuts, in shell",Tree Nut,1977,14000.0,12000.0,912,24.13,19.0,167.059,857.1
"Walnuts, in shell",Tree Nut,1978,23000.0,21000.0,956,23.82,21.5,168.239,913.0
"Walnuts, in shell",Tree Nut,1979,20000.0,17000.0,797,24.29,23.0,168.444,850.0
"Walnuts, in shell",Tree Nut,1980,20000.0,18000.0,921,24.39,25.0,168.154,900.0
"Walnuts, in shell",Tree Nut,1981,20000.0,17000.0,912,24.06,28.0,168.412,850.0
"Walnuts, in shell",Tree Nut,1982,22000.0,20000.0,834,23.98,30.5,168.746,909.1
"Walnuts, in shell",Tree Nut,1983,22000.0,20000.0,1009,23.86,33.0,168.532,909.1
"Walnuts, in shell",Tree Nut,1984,17000.0,15000.0,854,23.88,36.0,169.418,882.4
"Walnuts, in shell",Tree Nut,1985,17000.0,15000.0,897,24.2,39.5,169.34,882.4
"Walnuts, in shell",Tree Nut,1986,20000.0,18000.0,859,24.18,42.0,169.409,900.0
"Walnuts, in shell",Tree Nut,1987,22000.0,23000.0,757,24.56,43.5,169.705,1045.5
"Walnuts, in shell",Tree Nut,1988,22000.0,20000.0,1035,24.5,47.0,169.368,909.1
"Walnuts, in shell",Tree Nut,1989,24500.0,17000.0,899,23.98,50.5,169.976,693.9
"Walnuts, in shell",Tree Nut,1990,24600.0,20000.0,926,23.92,55.0,170.109,813.0
"Walnuts, in shell",Tree Nut,1991,25800.0,18000.0,921,24.18,57.5,170.182,697.7
"Walnuts, in shell",Tree Nut,1992,26400.0,23500.0,820,24.01,60.0,170.006,890.2
"Walnuts, in shell",Tree Nut,1993,27500.0,22000.0,960,24.2,63.0,170.286,800.0
"Walnuts, in shell",Tree Nut,1994,28400.0,28000.0,1010,24.08,67.0,170.325,985.9
"Walnuts, in shell",Tree Nut,1995,28800.0,25000.0,870,24.21,72.0,169.911,868.1
"Walnuts, in shell",Tree Nut,1996,29120.0,29000.0,1034,24.3,76.0,169.525,995.9
"Walnuts, in shell",Tree Nut,1997,29950.0,24000.0,852,23.92,79.0,170.101,801.3
"Walnuts, in shell",Tree Nut,1998,29950.0,30000.0,1002,24.57,83.0,170.029,1001.7
"Walnuts, in shell",Tree Nut,1999,30300.0,28000.0,823,24.46,87.0,170.125,924.1
"Walnuts, in shell",Tree Nut,2000,30200.0,31000.0,876,24.33,90.0,170.13,1026.5
"Walnuts, in shell",Tree Nut,2001,30200.0,29000.0,894,24.46,94.0,169.825,960.3
"Walnuts, in shell",Tree Nut,2002,30200.0,30000.0,705,24.8,156.38,170.032,993.4
"Walnuts, in shell",Tree Nut,2003,30500.0,31000.0,980,24.66,164.84,169.799,1016.4
"Walnuts, in shell",Tree Nut,2004,30500.0,34000.0,822,24.54,192.35,169.891,1114.8
"Walnuts, in shell",Tree Nut,2005,30800.0,32000.0,919,24.56,208.53,169.674,1039.0
"Walnuts, in shell",Tree Nut,2006,30800.0,36000.0,903,24.64,239.93,169.462,1168.8
"Walnuts, in shell",Tree Nut,2007,30800.0,33000.0,1052,24.6,245.53,169.202,1071.4
"Walnuts, in shell",Tree Nut,2008,30800.0,37000.0,981,24.26,267.03,169.395,1201.3
"Walnuts, in shell",Tree Nut,2009,30800.0,36000.0,731,25.14,289.69,169.724,1168.8
"Walnuts, in shell",Tree Nut,2010,30800.0,38000.0,1011,25.13,305.91,169.234,1233.8
"Walnuts, in shell",Tree Nut,2011,114000.0,187000.0,1011,24.34,321.53,169.369,1640.4
"Walnuts, in shell",Tree Nut,2012,150000.0,284000.0,919,24.48,317.58,169.346,1893.3
"Walnuts, in shell",Tree Nut,2013,123000.0,233000.0,1002,24.42,306.69,169.442,1894.3
"Walnuts, in shell",Tree Nut,2014,122000.0,241000.0,882,24.52,318.21,169.463,1975.4
"Walnuts, in shell",Tree Nut,2015,115000.0,238000.0,772,24.69,329.28,169.413,2069.6
"Walnuts, in shell",Tree Nut,2016,92062.0,228597.2,973,25.07,319.47,169.317,2483.1
"Walnuts, in shell",Tree Nut,2017,112115.0,287322.0,952,24.96,325.62,168.895,2562.7
"Walnuts, in shell",Tree Nut,2018,108626.0,299707.28,913,24.88,336.43,168.778,2759.1
"Walnuts, in shell",Tree Nut,2019,107544.0,299178.0,1012,24.8,365.61,168.669,2781.9
"Walnuts, in shell",Tree Nut,2020,108029.0,286422.0,1089,24.51,472.49,168.048,2651.3
"Walnuts, in shell",Tree Nut,2021,108535.0,281482.39,870,24.73,455.66,168.14,2593.5
"Walnuts, in shell",Tree Nut,2022,103545.0,288927.0,925,24.78,450.93,168.231,2790.4
"Walnuts, in shell",Tree Nut,2023,97085.0,316008.0,820,24.9,455.08,168.323,3255.0
"Walnuts, in shell",Tree Nut,2024,97284.0,317776.0,868,25.14,455.08,168.323,3266.5
Watermelons,Fruit,1961,6500.0,71000.0,1013,23.82,2.0,160.986,10923.1
Watermelons,Fruit,1962,6800.0,75000.0,899,23.53,2.4,162.4,11029.4
Watermelons,Fruit,1963,7000.0,77000.0,920,23.98,2.9,162.05,11000.0
Watermelons,Fruit,1964,7500.0,80000.0,884,23.97,3.5,162.118,10666.7
Watermelons,Fruit,1965,7600.0,85000.0,788,23.93,4.1,162.434,11184.2
Watermelons,Fruit,1966,7900.0,88000.0,939,24.32,4.8,162.72,11139.2
Watermelons,Fruit,1967,8000.0,89000.0,943,23.8,5.7,163.79,11125.0
Watermelons,Fruit,1968,8400.0,96000.0,858,23.81,6.8,164.569,11428.6
Watermelons,Fruit,1969,8700.0,100000.0,999,24.35,8.0,164.476,11494.3
Watermelons,Fruit,1970,8900.0,102000.0,916,24.05,9.5,165.06,11460.7
Watermelons,Fruit,1971,9500.0,109000.0,887,23.51,11.0,164.556,11473.7
Watermelons,Fruit,1972,9900.0,114000.0,761,24.0,12.8,164.986,11515.2
Watermelons,Fruit,1973,10000.0,116000.0,990,24.3,14.0,166.044,11600.0
Watermelons,Fruit,1974,10200.0,118000.0,878,24.01,13.5,166.501,11568.6
Watermelons,Fruit,1975,10500.0,120000.0,963,23.68,15.1,166.838,11428.6
Watermelons,Fruit,1976,10700.0,125000.0,836,23.95,16.8,167.057,11682.2
Watermelons,Fruit,1977,10900.0,126000.0,912,24.13,19.0,167.059,11559.6
Watermelons,Fruit,1978,11000.0,128000.0,956,23.82,21.5,168.239,11636.4
Watermelons,Fruit,1979,11500.0,133000.0,797,24.29,23.0,168.444,11565.2
Watermelons,Fruit,1980,12000.0,140000.0,921,24.39,25.0,168.154,11666.7
Watermelons,Fruit,1981,12400.0,145000.0,912,24.06,28.0,168.412,11693.5
Watermelons,Fruit,1982,13000.0,153000.0,834,23.98,30.5,168.746,11769.2
Watermelons,Fruit,1983,13500.0,160000.0,1009,23.86,33.0,168.532,11851.9
Watermelons,Fruit,1984,14000.0,165000.0,854,23.88,36.0,169.418,11785.7
Watermelons,Fruit,1985,14300.0,170000.0,897,24.2,39.5,169.34,11888.1
Watermelons,Fruit,1986,14700.0,184000.0,859,24.18,42.0,169.409,12517.0
Watermelons,Fruit,1987,15000.0,188000.0,757,24.56,43.5,169.705,12533.3
Watermelons,Fruit,1988,15500.0,195000.0,1035,24.5,47.0,169.368,12580.6
Watermelons,Fruit,1989,15700.0,197000.0,899,23.98,50.5,169.976,12547.8
Watermelons,Fruit,1990,16000.0,200000.0,926,23.92,55.0,170.109,12500.0
Watermelons,Fruit,1991,16194.0,205900.0,921,24.18,57.5,170.182,12714.6
Watermelons,Fruit,1992,26826.0,357317.14,820,24.01,60.0,170.006,13319.8
Watermelons,Fruit,1993,30372.0,415699.01,960,24.2,63.0,170.286,13686.8
Watermelons,Fruit,1994,33578.0,471088.13,1010,24.08,67.0,170.325,14029.6
Watermelons,Fruit,1995,36366.0,522303.83,870,24.21,72.0,169.911,14362.3
Watermelons,Fruit,1996,38898.0,571462.6,1034,24.3,76.0,169.525,14691.5
Watermelons,Fruit,1997,41276.0,619950.82,852,23.92,79.0,170.101,15019.5
Watermelons,Fruit,1998,43544.0,668291.53,1002,24.57,83.0,170.029,15347.4
Watermelons,Fruit,1999,45719.0,716656.97,823,24.46,87.0,170.125,15675.2
Watermelons,Fruit,2000,47810.0,765106.18,876,24.33,90.0,170.13,16003.2
Watermelons,Fruit,2001,49822.0,813664.55,894,24.46,94.0,169.825,16331.3
Watermelons,Fruit,2002,51336.0,862348.19,705,24.8,156.38,170.032,16798.2
Watermelons,Fruit,2003,52774.0,911171.36,980,24.66,164.84,169.799,17265.4
Watermelons,Fruit,2004,54146.0,960148.73,822,24.54,192.35,169.891,17732.7
Watermelons,Fruit,2005,55455.0,1009296.16,919,24.56,208.53,169.674,18200.2
Watermelons,Fruit,2006,56709.0,1058631.04,903,24.64,239.93,169.462,18667.9
Watermelons,Fruit,2007,57911.0,1108172.49,1052,24.6,245.53,169.202,19135.8
Watermelons,Fruit,2008,59067.0,1157941.59,981,24.26,267.03,169.395,19603.9
Watermelons,Fruit,2009,60181.0,1207961.56,731,25.14,289.69,169.724,20072.2
Watermelons,Fruit,2010,61257.0,1258257.99,1011,25.13,305.91,169.234,20540.7
Watermelons,Fruit,2011,67400.0,1436500.0,1011,24.34,321.53,169.369,21313.1
Watermelons,Fruit,2012,71000.0,1727000.0,919,24.48,317.58,169.346,24323.9
Watermelons,Fruit,2013,81000.0,1789000.0,1002,24.42,306.69,169.442,22086.4
Watermelons,Fruit,2014,75000.0,1810000.0,882,24.52,318.21,169.463,24133.3
Watermelons,Fruit,2015,89000.0,2145000.0,772,24.69,329.28,169.413,24101.1
Watermelons,Fruit,2016,95000.0,2325000.0,973,25.07,319.47,169.317,24473.7
Watermelons,Fruit,2017,91000.0,2182000.0,952,24.96,325.62,168.895,23978.0
Watermelons,Fruit,2018,101000.0,2520000.0,913,24.88,336.43,168.778,24950.5
Watermelons,Fruit,2019,100000.0,2495000.0,1012,24.8,365.61,168.669,24950.0
Watermelons,Fruit,2020,116000.0,3157000.0,1089,24.51,472.49,168.048,27215.5
Watermelons,Fruit,2021,119000.0,3254000.0,870,24.73,455.66,168.14,27344.5
Watermelons,Fruit,2022,120000.0,3308000.0,925,24.78,450.93,168.231,27566.7
Watermelons,Fruit,2023,126000.0,3626000.0,820,24.9,455.08,168.323,28777.8
Watermelons,Fruit,2024,127811.0,3721254.0,868,25.14,455.08,168.323,29115.3
Wheat,Cereal,1961,12927000.0,10997000.0,1013,23.82,2.0,160.986,850.7
Wheat,Cereal,1962,13570000.0,12072000.0,899,23.53,2.4,162.4,889.6
Wheat,Cereal,1963,13590000.0,10776000.0,920,23.98,2.9,162.05,792.9
Wheat,Cereal,1964,13499000.0,9853000.0,884,23.97,3.5,162.118,729.9
Wheat,Cereal,1965,13422000.0,12257000.0,788,23.93,4.1,162.434,913.2
Wheat,Cereal,1966,12572000.0,10394000.0,939,24.32,4.8,162.72,826.8
Wheat,Cereal,1967,12838000.0,11393000.0,943,23.8,5.7,163.79,887.4
Wheat,Cereal,1968,14998200.0,16540100.0,858,23.81,6.8,164.569,1102.8
Wheat,Cereal,1969,15958100.0,18651600.0,999,24.35,8.0,164.476,1168.8
Wheat,Cereal,1970,16625500.0,20093296.0,916,24.05,9.5,165.06,1208.6
Wheat,Cereal,1971,18240496.0,23832496.0,887,23.51,11.0,164.556,1306.6
Wheat,Cereal,1972,19138896.0,26409904.0,761,24.0,12.8,164.986,1379.9
Wheat,Cereal,1973,19463600.0,24734608.0,990,24.3,14.0,166.044,1270.8
Wheat,Cereal,1974,18583008.0,21778000.0,878,24.01,13.5,166.501,1171.9
Wheat,Cereal,1975,18010304.0,24104400.0,963,23.68,15.1,166.838,1338.4
Wheat,Cereal,1976,20453808.0,28846304.0,836,23.95,16.8,167.057,1410.3
Wheat,Cereal,1977,20921504.0,29009904.0,912,24.13,19.0,167.059,1386.6
Wheat,Cereal,1978,21455696.0,31749200.0,956,23.82,21.5,168.239,1479.8
Wheat,Cereal,1979,22641200.0,35507808.0,797,24.29,23.0,168.444,1568.3
Wheat,Cereal,1980,22171696.0,31830000.0,921,24.39,25.0,168.154,1435.6
Wheat,Cereal,1981,22278800.0,36312608.0,912,24.06,28.0,168.412,1629.9
Wheat,Cereal,1982,22144400.0,37451808.0,834,23.98,30.5,168.746,1691.3
Wheat,Cereal,1983,23567408.0,42793904.0,1009,23.86,33.0,168.532,1815.8
Wheat,Cereal,1984,24672000.0,45476000.0,854,23.88,36.0,169.418,1843.2
Wheat,Cereal,1985,23564896.0,44068800.0,897,24.2,39.5,169.34,1870.1
Wheat,Cereal,1986,22997408.0,47051808.0,859,24.18,42.0,169.409,2046.0
Wheat,Cereal,1987,23131200.0,44322896.0,757,24.56,43.5,169.705,1916.2
Wheat,Cereal,1988,23062704.0,46169408.0,1035,24.5,47.0,169.368,2001.9
Wheat,Cereal,1989,24109104.0,54110208.0,899,23.98,50.5,169.976,2244.4
Wheat,Cereal,1990,23501904.0,49849504.0,926,23.92,55.0,170.109,2121.1
Wheat,Cereal,1991,24167104.0,55134496.0,921,24.18,57.5,170.182,2281.4
Wheat,Cereal,1992,23261904.0,55689504.0,820,24.01,60.0,170.006,2394.0
Wheat,Cereal,1993,24588900.0,57210100.0,960,24.2,63.0,170.286,2326.7
Wheat,Cereal,1994,25147300.0,59840000.0,1010,24.08,67.0,170.325,2379.6
Wheat,Cereal,1995,25700000.0,65767400.0,870,24.21,72.0,169.911,2559.0
Wheat,Cereal,1996,25011000.0,62097400.0,1034,24.3,76.0,169.525,2482.8
Wheat,Cereal,1997,25887100.0,69350200.0,852,23.92,79.0,170.101,2678.9
Wheat,Cereal,1998,26696100.0,66345000.0,1002,24.57,83.0,170.029,2485.2
Wheat,Cereal,1999,27523300.0,71287504.0,823,24.46,87.0,170.125,2590.1
Wheat,Cereal,2000,27486000.0,76368896.0,876,24.33,90.0,170.13,2778.5
Wheat,Cereal,2001,25730600.0,69680896.0,894,24.46,94.0,169.825,2708.1
Wheat,Cereal,2002,26344700.0,72766304.0,705,24.8,156.38,170.032,2762.1
Wheat,Cereal,2003,25195700.0,65760800.0,980,24.66,164.84,169.799,2610.0
Wheat,Cereal,2004,26594700.0,72156200.0,822,24.54,192.35,169.891,2713.2
Wheat,Cereal,2005,26382900.0,68636896.0,919,24.56,208.53,169.674,2601.6
Wheat,Cereal,2006,26483600.0,69354496.0,903,24.64,239.93,169.462,2618.8
Wheat,Cereal,2007,27994500.0,75806704.0,1052,24.6,245.53,169.202,2707.9
Wheat,Cereal,2008,28038600.0,78570200.0,981,24.26,267.03,169.395,2802.2
Wheat,Cereal,2009,27752400.0,80679400.0,731,25.14,289.69,169.724,2907.1
Wheat,Cereal,2010,28457400.0,80803600.0,1011,25.13,305.91,169.234,2839.5
Wheat,Cereal,2011,29068600.0,86874000.0,1011,24.34,321.53,169.369,2988.6
Wheat,Cereal,2012,29860000.0,94880000.0,919,24.48,317.58,169.346,3177.5
Wheat,Cereal,2013,29650000.0,93510000.0,1002,24.42,306.69,169.442,3153.8
Wheat,Cereal,2014,30470000.0,95850000.0,882,24.52,318.21,169.463,3145.7
Wheat,Cereal,2015,31470000.0,86530000.0,772,24.69,329.28,169.413,2749.6
Wheat,Cereal,2016,30420000.0,92290000.0,973,25.07,319.47,169.317,3033.9
Wheat,Cereal,2017,30785230.0,98510220.0,952,24.96,325.62,168.895,3199.9
Wheat,Cereal,2018,29650590.0,99869520.0,913,24.88,336.43,168.778,3368.2
Wheat,Cereal,2019,29318780.0,103596230.0,1012,24.8,365.61,168.669,3533.4
Wheat,Cereal,2020,31357020.0,107860510.0,1089,24.51,472.49,168.048,3439.8
Wheat,Cereal,2021,31125160.0,109586500.0,870,24.73,455.66,168.14,3520.8
Wheat,Cereal,2022,30458530.0,107742070.0,925,24.78,450.93,168.231,3537.3
Wheat,Cereal,2023,31400716.0,110553675.31,820,24.9,455.08,168.323,3520.7
Wheat,Cereal,2024,31832884.0,113292368.0,868,25.14,455.08,168.323,3559.0
Yams,Root Crop,2014,5000.0,222000.0,882,24.52,318.21,169.463,44400.0
Yams,Root Crop,2015,24000.0,678000.0,772,24.69,329.28,169.413,28250.0
Yams,Root Crop,2016,27775.0,732727.0,973,25.07,319.47,169.317,26380.8
Yams,Root Crop,2017,28837.0,747769.0,952,24.96,325.62,168.895,25930.9
Yams,Root Crop,2018,30385.0,773879.63,913,24.88,336.43,168.778,25469.3
Yams,Root Crop,2019,32568.0,816972.0,1012,24.8,365.61,168.669,25085.1
Yams,Root Crop,2020,31273.0,724095.8,1089,24.51,472.49,168.048,23154.0
Yams,Root Crop,2021,38384.0,874210.78,870,24.73,455.66,168.14,22775.5
Yams,Root Crop,2022,42000.0,1040000.0,925,24.78,450.93,168.231,24761.9
Yams,Root Crop,2023,39000.0,987000.0,820,24.9,455.08,168.323,25307.7
Yams,Root Crop,2024,39000.0,977000.0,868,25.14,455.08,168.323,25051.3
