Temparature,Humidity,Moisture,Soil Type,Crop Type,Nitrogen,Potassium,Phosphorous,Fertilizer Name
26,52,58,Sandy,Rice,40,15,15,20-20
39,70,57,Loamy,Cotton,10,1,44,MOP
34,51,63,Black,Rice,30,1,43,MOP
30,87,70,Black,Maize,48,4,49,MOP
27,63,52,Loamy,Wheat,0,45,25,Urea
26,89,79,Sandy,Rice,40,20,44,28-28
38,44,40,Loamy,Wheat,31,9,36,MOP
30,39,45,Sandy,Maize,2,41,27,Urea
30,44,65,Sandy,Wheat,31,17,27,20-20
23,71,55,Black,Rice,41,25,29,28-28
27,58,24,Sandy,Cotton,4,19,12,Urea
22,86,52,Sandy,Wheat,42,40,24,28-28
21,52,20,Loamy,Wheat,36,35,44,28-28
31,88,72,Loamy,Ground Nuts,11,48,18,20-20
25,46,25,Sandy,Ground Nuts,13,20,12,20-20
21,89,56,Black,Maize,43,1,10,MOP
20,38,21,Loamy,Sugarcane,8,45,47,Urea
31,79,76,Red,Cotton,6,32,22,Urea
31,65,72,Black,Rice,15,22,13,20-20
36,38,78,Loamy,Maize,27,38,9,DAP
29,45,78,Loamy,Rice,6,30,33,Urea
35,65,24,Red,Rice,13,3,39,MOP
34,77,45,Sandy,Wheat,31,40,22,20-20
34,80,60,Loamy,Maize,7,2,39,Urea
38,62,70,Red,Maize,26,36,20,20-20
31,84,72,Red,Ground Nuts,49,9,19,MOP
39,60,66,Loamy,Cotton,2,41,31,Urea
22,35,32,Black,Sugarcane,26,31,13,20-20
24,39,31,Loamy,Rice,29,35,23,20-20
38,45,24,Red,Cotton,33,48,45,20-20
26,33,21,Loamy,Ground Nuts,25,26,17,20-20
28,83,78,Black,Cotton,36,48,46,28-28
26,51,23,Sandy,Rice,39,18,29,28-28
37,42,78,Sandy,Wheat,21,37,27,20-20
23,45,46,Loamy,Wheat,31,0,47,MOP
33,81,69,Loamy,Rice,40,25,13,20-20
37,58,72,Red,Ground Nuts,1,45,41,Urea
28,35,29,Black,Ground Nuts,46,12,20,20-20
21,55,32,Red,Maize,7,34,33,Urea
39,40,63,Red,Sugarcane,41,1,4,DAP
34,53,21,Sandy,Wheat,6,21,30,Urea
26,58,45,Red,Sugarcane,18,38,2,DAP
31,32,34,Red,Cotton,32,27,22,20-20
27,81,65,Sandy,Cotton,1,43,38,Urea
34,39,76,Sandy,Rice,2,1,43,Urea
22,89,29,Black,Rice,27,10,29,20-20
33,30,41,Black,Rice,13,47,41,20-20
36,81,59,Black,Ground Nuts,14,36,42,20-20
23,72,44,Loamy,Wheat,20,25,29,20-20
37,55,34,Sandy,Sugarcane,13,27,48,20-20
27,87,32,Loamy,Cotton,39,25,35,28-28
23,41,27,Loamy,Sugarcane,17,16,37,20-20
21,43,40,Black,Wheat,48,2,6,DAP
25,54,40,Sandy,Sugarcane,38,13,4,DAP
29,37,41,Loamy,Sugarcane,19,15,5,DAP
23,72,65,Red,Ground Nuts,0,48,48,Urea
37,33,52,Red,Rice,8,35,13,Urea
31,57,64,Sandy,Ground Nuts,8,27,10,Urea
21,36,46,Loamy,Ground Nuts,42,27,36,28-28
29,39,59,Black,Sugarcane,37,24,1,DAP
23,80,69,Loamy,Sugarcane,38,8,30,MOP
33,86,41,Red,Ground Nuts,28,10,45,20-20
35,87,49,Red,Sugarcane,14,36,26,20-20
34,65,28,Black,Ground Nuts,19,42,15,20-20
27,31,64,Sandy,Maize,37,44,1,DAP
33,55,54,Loamy,Ground Nuts,40,20,48,28-28
27,82,37,Red,Cotton,29,1,25,MOP
35,79,61,Loamy,Cotton,46,33,15,20-20
32,43,24,Black,Sugarcane,25,41,8,DAP
37,87,46,Black,Ground Nuts,5,12,8,Urea
34,45,76,Sandy,Ground Nuts,38,4,4,DAP
32,83,25,Black,Rice,16,10,35,20-20
28,72,51,Sandy,Rice,5,28,6,Urea
34,71,27,Loamy,Rice,27,46,31,20-20
32,46,75,Red,Ground Nuts,8,27,28,Urea
20,75,58,Red,Ground Nuts,26,27,36,20-20
26,51,40,Sandy,Cotton,34,4,2,DAP
28,33,37,Red,Wheat,45,19,29,28-28
20,48,33,Sandy,Sugarcane,5,36,39,Urea
31,31,34,Sandy,Cotton,3,38,30,Urea
27,68,61,Loamy,Rice,15,9,47,MOP
30,38,45,Loamy,Cotton,22,31,26,20-20
38,89,72,Black,Cotton,47,28,5,DAP
36,48,63,Sandy,Cotton,22,1,28,MOP
27,45,51,Loamy,Rice,28,0,8,DAP
22,83,58,Sandy,Wheat,40,19,19,20-20
22,54,47,Sandy,Maize,3,0,49,Urea
20,77,79,Sandy,Sugarcane,39,3,10,MOP
24,47,58,Loamy,Sugarcane,39,14,18,20-20
29,52,62,Sandy,Cotton,23,46,38,20-20
26,82,51,Sandy,Wheat,5,29,9,Urea
28,50,32,Black,Rice,39,5,4,DAP
26,40,34,Sandy,Maize,5,37,38,Urea
28,68,37,Black,Maize,13,0,22,MOP
27,70,58,Sandy,Cotton,13,6,5,DAP
31,33,25,Black,Cotton,49,4,30,MOP
21,54,74,Loamy,Rice,44,48,17,20-20
20,61,30,Loamy,Rice,46,6,20,MOP
35,59,51,Red,Ground Nuts,34,35,14,20-20
24,74,59,Sandy,Rice,5,2,30,Urea
22,88,39,Red,Cotton,22,11,9,DAP
31,55,52,Red,Wheat,19,14,5,DAP
27,86,59,Black,Cotton,16,19,23,20-20
22,65,27,Loamy,Cotton,19,40,32,20-20
20,80,70,Sandy,Maize,47,20,27,28-28
22,63,54,Sandy,Rice,5,31,27,Urea
24,38,24,Black,Sugarcane,39,11,9,DAP
34,41,54,Red,Rice,27,36,22,20-20
33,31,66,Black,Ground Nuts,12,39,14,20-20
22,67,33,Red,Wheat,28,46,45,20-20
20,34,40,Sandy,Wheat,44,6,47,MOP
24,34,66,Black,Rice,19,44,36,20-20
33,81,43,Red,Rice,16,30,13,20-20
26,51,36,Black,Cotton,34,0,47,MOP
28,34,37,Loamy,Sugarcane,44,10,13,20-20
34,88,53,Black,Cotton,38,44,6,DAP
34,33,31,Sandy,Maize,36,33,35,28-28
29,38,35,Black,Maize,42,18,17,20-20
32,58,23,Sandy,Wheat,22,10,14,20-20
38,51,44,Sandy,Wheat,17,32,48,20-20
26,56,53,Black,Sugarcane,35,32,32,20-20
36,39,47,Black,Wheat,19,7,46,MOP
39,45,65,Black,Ground Nuts,6,44,47,Urea
23,71,30,Loamy,Maize,35,7,21,MOP
24,71,32,Loamy,Sugarcane,41,33,42,28-28
26,80,50,Red,Maize,0,39,40,Urea
32,39,79,Black,Rice,48,26,16,20-20
34,35,44,Red,Rice,36,28,25,28-28
30,78,58,Red,Sugarcane,48,13,14,20-20
23,34,29,Sandy,Cotton,34,33,39,20-20
32,87,43,Red,Ground Nuts,40,44,17,20-20
26,35,20,Black,Ground Nuts,2,36,7,Urea
38,88,72,Loamy,Wheat,34,0,2,DAP
21,85,44,Red,Sugarcane,28,8,13,MOP
29,88,47,Red,Ground Nuts,8,9,33,Urea
32,76,55,Loamy,Wheat,36,29,32,28-28
25,54,37,Red,Maize,41,42,36,28-28
31,88,25,Black,Cotton,46,17,48,28-28
31,80,21,Red,Wheat,24,16,0,DAP
39,79,22,Sandy,Rice,11,5,47,MOP
30,33,65,Red,Rice,37,10,34,28-28
26,69,27,Sandy,Maize,6,23,9,Urea
20,88,50,Loamy,Sugarcane,6,35,18,Urea
20,77,67,Loamy,Wheat,3,32,10,Urea
39,61,38,Red,Maize,44,32,34,28-28
32,85,69,Red,Rice,46,17,1,DAP
28,80,25,Loamy,Rice,30,4,2,DAP
22,81,33,Sandy,Rice,49,30,14,20-20
26,64,22,Loamy,Cotton,49,15,40,28-28
25,39,67,Loamy,Cotton,38,1,46,MOP
27,63,20,Sandy,Rice,9,8,27,Urea
28,65,63,Loamy,Ground Nuts,47,1,1,DAP
24,35,49,Red,Sugarcane,22,36,29,20-20
20,72,65,Red,Cotton,25,19,37,20-20
38,75,38,Loamy,Wheat,22,16,4,DAP
29,45,73,Red,Cotton,28,24,5,DAP
31,88,38,Black,Wheat,7,18,4,Urea
34,82,28,Loamy,Cotton,18,41,11,20-20
28,48,26,Black,Rice,28,7,3,DAP
39,63,65,Loamy,Wheat,42,10,23,28-28
36,54,56,Loamy,Sugarcane,5,12,24,Urea
36,60,69,Black,Cotton,28,12,25,20-20
39,78,60,Loamy,Cotton,23,8,45,MOP
31,70,72,Red,Rice,9,4,45,Urea
26,46,26,Black,Wheat,13,17,42,20-20
21,76,28,Loamy,Ground Nuts,5,39,32,Urea
22,59,23,Red,Rice,3,13,20,Urea
36,68,44,Black,Wheat,14,33,22,20-20
24,83,68,Black,Cotton,36,21,36,28-28
36,84,31,Red,Cotton,47,47,36,28-28
36,60,25,Loamy,Cotton,38,32,11,20-20
36,48,37,Loamy,Cotton,27,23,36,20-20
21,64,59,Black,Maize,1,28,20,Urea
21,58,40,Sandy,Cotton,12,12,12,20-20
24,88,34,Loamy,Cotton,1,49,42,Urea
20,30,22,Loamy,Ground Nuts,40,26,32,28-28
20,33,21,Red,Ground Nuts,31,0,43,MOP
38,57,75,Sandy,Wheat,4,6,5,Urea
21,47,74,Sandy,Cotton,2,3,42,Urea
31,55,60,Black,Cotton,1,9,11,Urea
25,69,59,Red,Wheat,13,39,37,20-20
23,48,78,Red,Cotton,39,34,29,28-28
30,84,23,Loamy,Cotton,43,38,36,28-28
36,84,51,Black,Rice,48,15,17,20-20
25,89,21,Loamy,Maize,28,26,15,20-20
24,86,65,Sandy,Wheat,47,19,44,28-28
39,35,48,Red,Rice,37,9,6,DAP
21,30,21,Black,Ground Nuts,5,44,45,Urea
25,37,53,Loamy,Sugarcane,49,32,0,DAP
30,62,46,Loamy,Sugarcane,33,6,27,MOP
35,80,79,Sandy,Ground Nuts,7,41,43,Urea
35,72,73,Red,Maize,45,43,2,DAP
20,50,58,Sandy,Sugarcane,1,45,49,Urea
28,53,63,Loamy,Maize,25,21,42,20-20
25,54,57,Red,Sugarcane,16,42,38,20-20
35,76,37,Red,Sugarcane,23,16,9,DAP
22,84,55,Sandy,Rice,30,8,44,MOP
39,86,38,Red,Sugarcane,15,39,13,20-20
23,72,46,Sandy,Ground Nuts,49,9,14,MOP
38,48,64,Red,Maize,20,35,5,DAP
22,58,39,Red,Cotton,37,30,38,28-28
38,82,40,Black,Cotton,25,30,44,20-20
39,39,42,Red,Cotton,16,4,15,MOP
26,85,49,Loamy,Maize,49,17,46,28-28
39,41,44,Black,Maize,45,5,17,MOP
28,62,50,Sandy,Cotton,41,41,34,28-28
20,85,46,Loamy,Ground Nuts,3,49,47,Urea
27,36,53,Sandy,Sugarcane,49,27,24,28-28
26,46,27,Sandy,Cotton,42,42,32,28-28
37,87,38,Loamy,Wheat,47,23,32,28-28
27,89,60,Sandy,Maize,3,4,18,Urea
20,39,45,Black,Wheat,18,27,37,20-20
30,60,47,Loamy,Wheat,37,2,10,MOP
37,89,23,Sandy,Maize,24,17,38,20-20
29,35,50,Sandy,Cotton,7,3,2,Urea
22,46,35,Red,Ground Nuts,17,39,37,20-20
26,79,70,Red,Rice,17,48,0,DAP
35,66,29,Sandy,Wheat,47,41,39,28-28
35,47,57,Loamy,Cotton,6,31,24,Urea
39,55,67,Black,Rice,16,31,31,20-20
36,78,29,Sandy,Wheat,2,18,45,Urea
21,83,64,Sandy,Cotton,21,28,35,20-20
20,45,28,Sandy,Wheat,14,32,3,DAP
35,37,58,Red,Cotton,30,1,22,MOP
31,53,55,Loamy,Ground Nuts,35,10,15,20-20
24,42,70,Sandy,Sugarcane,25,46,10,20-20
24,58,77,Red,Sugarcane,47,32,21,28-28
28,61,55,Sandy,Maize,13,40,38,20-20
28,53,38,Sandy,Rice,16,39,32,20-20
22,45,79,Loamy,Wheat,8,0,40,Urea
38,40,38,Red,Wheat,6,41,37,Urea
35,61,31,Black,Cotton,45,16,12,20-20
35,35,32,Loamy,Rice,26,49,20,20-20
22,88,44,Black,Wheat,27,15,11,20-20
39,64,55,Red,Rice,11,1,25,MOP
20,62,44,Red,Rice,16,48,48,20-20
39,47,47,Black,Sugarcane,8,3,0,Urea
30,66,61,Red,Wheat,43,31,40,28-28
36,42,72,Loamy,Wheat,43,6,21,MOP
27,39,58,Sandy,Maize,7,28,26,Urea
23,66,49,Black,Rice,26,8,31,MOP
25,55,24,Sandy,Cotton,41,34,7,DAP
27,75,36,Black,Sugarcane,11,4,33,MOP
39,46,37,Sandy,Maize,36,49,17,20-20
22,30,62,Sandy,Sugarcane,19,20,3,DAP
35,54,66,Loamy,Cotton,0,16,0,Urea
22,63,40,Sandy,Maize,8,38,43,Urea
37,68,41,Black,Sugarcane,46,13,15,20-20
33,39,58,Sandy,Cotton,23,31,29,20-20
37,49,69,Red,Ground Nuts,33,14,22,20-20
21,36,77,Sandy,Maize,35,20,30,20-20
22,85,76,Sandy,Cotton,3,13,27,Urea
35,45,25,Red,Maize,28,40,49,20-20
28,66,69,Red,Wheat,22,15,36,20-20
23,58,35,Black,Wheat,34,0,15,MOP
20,89,21,Red,Sugarcane,15,39,40,20-20
23,41,70,Red,Rice,7,17,8,Urea
20,46,20,Black,Ground Nuts,26,33,1,DAP
33,77,76,Black,Rice,38,25,45,28-28
35,49,49,Sandy,Cotton,11,35,42,20-20
39,55,77,Loamy,Maize,43,20,1,DAP
27,77,62,Black,Wheat,3,0,31,Urea
26,48,71,Red,Rice,46,26,15,20-20
22,87,56,Sandy,Wheat,24,10,12,20-20
36,76,67,Red,Ground Nuts,5,37,48,Urea
20,41,42,Black,Cotton,2,13,26,Urea
35,50,20,Loamy,Ground Nuts,38,27,30,28-28
31,71,38,Sandy,Ground Nuts,23,26,32,20-20
38,87,65,Black,Cotton,20,21,20,20-20
33,83,22,Black,Maize,5,20,18,Urea
25,63,21,Red,Ground Nuts,32,23,47,20-20
25,36,75,Loamy,Rice,7,18,12,Urea
32,74,56,Black,Cotton,32,23,18,20-20
38,64,36,Red,Cotton,47,25,34,28-28
27,44,47,Sandy,Wheat,2,24,34,Urea
21,30,37,Red,Sugarcane,1,44,32,Urea
20,55,52,Sandy,Ground Nuts,37,43,2,DAP
34,64,34,Red,Rice,39,28,47,28-28
20,54,41,Loamy,Maize,38,9,20,MOP
24,71,60,Red,Ground Nuts,38,10,39,28-28
35,88,46,Loamy,Maize,23,23,22,20-20
38,88,74,Loamy,Wheat,20,23,47,20-20
23,44,56,Sandy,Ground Nuts,17,11,44,20-20
22,51,51,Red,Maize,34,6,44,MOP
36,88,79,Red,Ground Nuts,10,39,10,20-20
36,35,64,Red,Cotton,10,16,3,DAP
31,81,38,Loamy,Ground Nuts,2,34,3,Urea
33,44,47,Black,Rice,22,5,14,MOP
25,53,47,Red,Ground Nuts,0,11,27,Urea
22,50,75,Red,Maize,22,14,35,20-20
28,36,29,Black,Rice,21,31,7,DAP
24,86,39,Sandy,Maize,41,22,23,28-28
36,58,44,Red,Sugarcane,29,6,33,MOP
33,61,40,Black,Sugarcane,1,37,14,Urea
22,61,33,Red,Rice,16,30,22,20-20
20,82,41,Loamy,Sugarcane,40,28,26,28-28
39,88,72,Black,Sugarcane,49,43,13,20-20
20,34,45,Loamy,Cotton,19,27,1,DAP
22,33,63,Black,Maize,8,11,34,Urea
37,51,30,Sandy,Sugarcane,10,26,42,20-20
29,47,74,Loamy,Rice,16,3,6,DAP
22,64,26,Red,Cotton,13,20,15,20-20
27,46,36,Black,Sugarcane,17,8,21,MOP
33,79,37,Red,Ground Nuts,17,48,27,20-20
37,79,26,Sandy,Rice,43,33,31,28-28
34,85,75,Black,Maize,49,36,6,DAP
21,53,39,Sandy,Ground Nuts,7,20,21,Urea
29,31,57,Black,Sugarcane,28,22,42,20-20
21,42,30,Loamy,Rice,7,23,1,Urea
36,83,63,Red,Ground Nuts,25,9,7,DAP
27,44,77,Loamy,Rice,27,37,6,DAP
20,34,35,Loamy,Wheat,7,5,37,Urea
28,32,70,Loamy,Ground Nuts,19,20,47,20-20
30,66,74,Loamy,Rice,46,36,20,20-20
35,66,46,Black,Ground Nuts,7,28,42,Urea
26,66,70,Red,Wheat,13,39,21,20-20
29,32,30,Black,Maize,12,20,34,20-20
22,64,35,Black,Maize,39,21,17,20-20
37,81,42,Black,Cotton,16,34,8,DAP
32,52,79,Loamy,Ground Nuts,25,45,48,20-20
26,89,78,Sandy,Wheat,5,4,1,Urea
23,57,31,Loamy,Rice,16,14,41,20-20
32,89,78,Black,Cotton,3,40,41,Urea
39,59,59,Loamy,Ground Nuts,24,46,16,20-20
20,47,22,Red,Cotton,6,18,39,Urea
27,87,21,Red,Ground Nuts,16,15,19,20-20
33,81,79,Loamy,Maize,21,39,5,DAP
35,65,57,Loamy,Rice,27,46,10,20-20
33,62,67,Sandy,Wheat,49,42,4,DAP
31,55,71,Loamy,Maize,5,22,9,Urea
38,77,43,Loamy,Cotton,29,3,22,MOP
34,69,48,Sandy,Sugarcane,9,20,32,Urea
21,46,66,Loamy,Cotton,49,23,39,28-28
21,69,65,Loamy,Sugarcane,38,41,35,28-28
38,36,53,Loamy,Ground Nuts,13,25,38,20-20
36,86,39,Loamy,Maize,45,41,46,28-28
39,37,37,Loamy,Ground Nuts,41,1,33,MOP
29,82,33,Black,Wheat,21,39,16,20-20
25,85,37,Loamy,Rice,40,7,25,MOP
34,60,21,Sandy,Sugarcane,25,8,47,MOP
30,88,20,Loamy,Rice,9,1,26,Urea
24,87,39,Black,Ground Nuts,1,13,45,Urea
20,41,53,Sandy,Maize,2,19,2,Urea
27,77,60,Sandy,Maize,47,1,18,MOP
31,60,60,Loamy,Ground Nuts,41,3,7,DAP
31,73,67,Red,Ground Nuts,10,34,16,20-20
24,48,30,Black,Maize,9,13,49,Urea
26,39,46,Red,Wheat,11,20,0,DAP
23,68,42,Loamy,Sugarcane,13,47,6,DAP
25,41,57,Black,Rice,29,14,35,20-20
32,49,63,Red,Cotton,40,38,2,DAP
39,66,22,Black,Ground Nuts,12,49,18,20-20
34,77,31,Loamy,Ground Nuts,29,19,41,20-20
22,70,49,Black,Maize,37,5,26,MOP
27,36,50,Loamy,Rice,10,27,2,DAP
39,81,42,Red,Rice,0,47,33,Urea
35,83,20,Black,Wheat,26,42,4,DAP
32,87,60,Sandy,Sugarcane,46,1,48,MOP
37,43,39,Loamy,Wheat,38,27,36,28-28
29,40,73,Black,Wheat,42,33,45,28-28
38,36,25,Sandy,Rice,48,13,15,20-20
36,58,30,Sandy,Sugarcane,36,8,13,MOP
38,39,54,Sandy,Sugarcane,8,22,29,Urea
24,58,23,Sandy,Sugarcane,47,43,31,28-28
28,38,48,Loamy,Maize,42,34,44,28-28
31,65,78,Black,Sugarcane,25,21,11,20-20
20,77,29,Sandy,Rice,24,4,26,MOP
20,39,70,Black,Maize,16,40,25,20-20
34,48,48,Black,Cotton,5,28,47,Urea
21,85,57,Red,Ground Nuts,14,34,28,20-20
35,60,20,Black,Wheat,2,49,22,Urea
27,46,59,Loamy,Sugarcane,30,33,48,20-20
32,38,27,Loamy,Cotton,27,3,21,MOP
20,74,76,Sandy,Sugarcane,8,44,19,Urea
35,62,57,Black,Wheat,43,48,37,28-28
26,63,36,Loamy,Rice,17,8,45,MOP
24,74,38,Loamy,Rice,47,13,15,20-20
22,53,52,Loamy,Wheat,39,44,30,28-28
31,38,34,Sandy,Cotton,31,4,2,DAP
35,36,64,Loamy,Maize,18,49,20,20-20
38,45,50,Black,Ground Nuts,4,46,38,Urea
24,48,40,Loamy,Ground Nuts,43,26,4,DAP
33,68,22,Loamy,Ground Nuts,5,10,19,Urea
24,35,21,Sandy,Maize,11,29,22,20-20
34,79,54,Black,Sugarcane,46,36,31,28-28
36,80,60,Loamy,Wheat,41,38,41,28-28
33,40,78,Black,Wheat,16,33,8,DAP
39,41,35,Black,Maize,38,23,2,DAP
24,87,75,Loamy,Cotton,6,15,26,Urea
31,71,64,Sandy,Ground Nuts,10,29,26,20-20
35,42,70,Black,Wheat,33,23,9,DAP
35,41,78,Red,Rice,1,2,15,Urea
26,50,69,Loamy,Rice,13,28,23,20-20
23,39,40,Black,Wheat,17,41,22,20-20
20,49,31,Black,Ground Nuts,47,11,8,DAP
24,79,47,Black,Ground Nuts,42,26,1,DAP
29,65,31,Loamy,Ground Nuts,8,28,5,Urea
24,57,52,Red,Cotton,38,1,36,MOP
23,53,39,Black,Rice,3,28,34,Urea
21,34,59,Black,Cotton,47,39,6,DAP
39,66,68,Sandy,Maize,13,8,14,MOP
29,89,40,Loamy,Sugarcane,10,43,20,20-20
38,41,79,Loamy,Ground Nuts,29,27,37,20-20
20,87,71,Black,Maize,39,36,35,28-28
24,64,73,Sandy,Sugarcane,42,22,22,28-28
32,69,58,Black,Rice,26,12,28,20-20
23,83,60,Black,Sugarcane,28,4,12,MOP
35,31,68,Loamy,Sugarcane,31,31,4,DAP
35,79,78,Sandy,Wheat,48,27,46,28-28
21,70,61,Black,Sugarcane,29,14,38,20-20
36,74,55,Loamy,Wheat,25,23,38,20-20
39,68,41,Black,Sugarcane,29,31,41,20-20
31,71,45,Black,Wheat,9,20,44,Urea
37,38,26,Sandy,Rice,11,4,42,MOP
22,51,26,Sandy,Rice,32,36,0,DAP
20,76,27,Sandy,Sugarcane,33,35,19,20-20
20,34,45,Black,Cotton,17,27,42,20-20
38,41,43,Red,Rice,38,31,0,DAP
30,30,43,Sandy,Maize,15,22,34,20-20
24,73,59,Red,Maize,44,15,39,28-28
31,51,67,Red,Wheat,3,49,44,Urea
22,67,31,Red,Cotton,9,9,6,Urea
20,80,66,Loamy,Ground Nuts,27,28,34,20-20
20,48,27,Black,Wheat,40,26,33,28-28
27,45,73,Sandy,Sugarcane,17,34,49,20-20
29,60,28,Black,Rice,8,41,4,Urea
30,80,22,Black,Cotton,21,44,28,20-20
31,32,73,Loamy,Wheat,9,23,49,Urea
32,52,40,Loamy,Wheat,39,22,47,28-28
31,71,50,Loamy,Maize,22,2,26,MOP
33,88,67,Black,Sugarcane,42,35,6,DAP
21,47,66,Red,Wheat,12,44,0,DAP
38,55,43,Black,Maize,23,13,8,DAP
37,42,23,Loamy,Cotton,12,3,46,MOP
22,87,39,Black,Wheat,47,43,0,DAP
36,47,35,Loamy,Ground Nuts,44,47,26,28-28
27,32,29,Loamy,Ground Nuts,24,41,16,20-20
29,87,62,Sandy,Maize,43,31,31,28-28
21,89,45,Red,Ground Nuts,46,19,40,28-28
38,52,48,Loamy,Sugarcane,28,16,29,20-20
28,32,24,Sandy,Rice,15,28,14,20-20
26,84,30,Red,Ground Nuts,39,38,41,28-28
23,54,48,Loamy,Cotton,5,31,27,Urea
37,56,64,Red,Wheat,7,3,2,Urea
32,87,34,Red,Maize,33,23,27,20-20
30,73,25,Black,Wheat,17,43,4,DAP
23,56,67,Sandy,Rice,42,41,1,DAP
23,81,34,Red,Wheat,31,1,37,MOP
29,68,62,Black,Wheat,48,13,15,20-20
24,54,39,Red,Maize,9,39,43,Urea
28,53,53,Black,Rice,33,41,16,20-20
22,37,79,Loamy,Cotton,22,37,11,20-20
36,38,79,Loamy,Maize,18,33,25,20-20
22,75,21,Black,Rice,19,45,48,20-20
35,66,63,Loamy,Rice,33,42,6,DAP
23,59,35,Loamy,Wheat,37,1,23,MOP
37,82,38,Loamy,Sugarcane,16,35,15,20-20
36,48,53,Red,Sugarcane,43,5,17,MOP
26,82,68,Black,Cotton,4,35,7,Urea
24,45,33,Sandy,Wheat,1,21,26,Urea
31,53,43,Sandy,Sugarcane,40,4,25,MOP
36,73,47,Black,Maize,33,37,30,20-20
32,50,67,Red,Cotton,19,40,17,20-20
22,65,51,Loamy,Wheat,45,21,1,DAP
28,69,56,Loamy,Ground Nuts,46,47,40,28-28
36,68,29,Red,Maize,1,10,22,Urea
36,76,68,Sandy,Sugarcane,27,42,47,20-20
39,35,64,Black,Sugarcane,17,30,48,20-20
35,34,67,Black,Sugarcane,43,41,41,28-28
32,43,28,Red,Sugarcane,38,28,21,28-28
38,82,43,Loamy,Rice,47,32,32,28-28
36,74,55,Loamy,Ground Nuts,34,21,17,20-20
23,71,75,Loamy,Cotton,14,48,14,20-20
31,79,48,Black,Cotton,46,26,40,28-28
28,33,79,Sandy,Sugarcane,38,7,2,DAP
38,37,48,Black,Cotton,39,47,47,28-28
31,53,77,Red,Ground Nuts,38,5,22,MOP
28,40,67,Black,Maize,2,45,46,Urea
26,46,42,Red,Maize,18,24,1,DAP
33,79,46,Black,Cotton,22,33,41,20-20
39,50,50,Sandy,Sugarcane,18,8,3,DAP
38,86,62,Red,Wheat,17,35,25,20-20
34,55,26,Loamy,Ground Nuts,29,30,18,20-20
35,72,68,Loamy,Sugarcane,38,18,48,28-28
24,77,73,Black,Rice,18,48,9,DAP
22,73,64,Black,Wheat,4,0,21,Urea
31,74,23,Sandy,Ground Nuts,12,23,5,DAP
39,56,33,Sandy,Rice,33,33,0,DAP
23,45,61,Loamy,Cotton,23,16,42,20-20
35,84,61,Black,Rice,17,33,15,20-20
26,55,29,Red,Cotton,3,34,6,Urea
32,82,78,Sandy,Rice,35,35,23,20-20
29,62,63,Red,Wheat,7,12,34,Urea
26,60,53,Red,Rice,42,24,13,20-20
33,77,45,Sandy,Sugarcane,0,11,3,Urea
24,76,42,Black,Cotton,40,20,40,28-28
22,35,28,Red,Maize,37,36,14,20-20
30,73,56,Black,Rice,35,45,43,20-20
30,37,27,Red,Cotton,37,37,47,28-28
37,36,72,Black,Maize,12,0,22,MOP
34,63,33,Black,Cotton,21,47,18,20-20
31,73,26,Black,Cotton,28,5,13,MOP
28,82,26,Black,Maize,8,44,26,Urea
29,43,28,Sandy,Maize,26,44,35,20-20
31,45,22,Red,Wheat,45,10,37,28-28
36,72,33,Black,Ground Nuts,43,15,21,28-28
25,81,36,Loamy,Rice,3,21,10,Urea
26,38,69,Red,Rice,39,45,3,DAP
33,39,63,Red,Cotton,16,10,31,20-20
32,46,41,Black,Sugarcane,36,36,39,28-28
27,41,65,Red,Sugarcane,2,25,40,Urea
29,35,45,Loamy,Ground Nuts,3,25,23,Urea
28,48,77,Loamy,Cotton,39,41,33,28-28
37,72,47,Loamy,Wheat,15,20,2,DAP
21,70,64,Red,Maize,10,25,37,20-20
24,82,33,Red,Cotton,26,14,1,DAP
24,58,28,Black,Rice,25,38,22,20-20
25,35,70,Red,Sugarcane,30,34,39,20-20
38,88,45,Red,Sugarcane,33,10,19,20-20
27,54,21,Black,Sugarcane,7,8,7,Urea
35,86,30,Loamy,Wheat,38,41,34,28-28
32,53,36,Black,Rice,0,22,48,Urea
20,54,53,Sandy,Wheat,1,3,42,Urea
39,45,38,Red,Maize,26,29,2,DAP
36,81,58,Red,Cotton,44,27,31,28-28
26,45,37,Sandy,Cotton,42,24,30,28-28
32,35,32,Sandy,Sugarcane,2,21,43,Urea
23,66,24,Sandy,Sugarcane,33,24,45,20-20
23,50,69,Black,Maize,15,25,30,20-20
25,33,42,Loamy,Wheat,0,49,0,Urea
38,63,77,Black,Ground Nuts,6,28,11,Urea
31,57,75,Sandy,Ground Nuts,34,45,17,20-20
26,67,43,Black,Ground Nuts,21,40,23,20-20
29,70,48,Red,Rice,47,31,35,28-28
38,57,67,Black,Maize,31,25,28,20-20
26,46,66,Sandy,Cotton,25,27,24,20-20
22,43,27,Red,Cotton,5,19,22,Urea
32,36,45,Loamy,Wheat,45,47,2,DAP
32,51,34,Black,Maize,10,1,29,MOP
37,80,76,Black,Rice,30,22,16,20-20
39,30,20,Sandy,Maize,20,38,44,20-20
27,58,47,Loamy,Maize,21,4,48,MOP
28,81,68,Red,Wheat,0,20,29,Urea
26,60,66,Sandy,Rice,20,21,48,20-20
20,59,65,Sandy,Ground Nuts,44,48,18,20-20
22,86,33,Black,Cotton,19,10,4,DAP
32,44,61,Loamy,Sugarcane,8,29,39,Urea
36,47,53,Sandy,Ground Nuts,26,27,33,20-20
20,64,78,Black,Rice,28,35,8,DAP
25,79,50,Red,Cotton,42,16,38,28-28
25,59,25,Sandy,Ground Nuts,32,20,47,20-20
31,63,68,Red,Wheat,44,36,43,28-28
32,71,24,Red,Rice,0,35,25,Urea
32,40,50,Black,Rice,2,24,4,Urea
34,56,56,Loamy,Cotton,31,23,23,20-20
35,53,34,Red,Cotton,19,29,30,20-20
30,64,34,Sandy,Maize,16,41,23,20-20
24,68,71,Loamy,Maize,36,34,20,20-20
23,37,62,Loamy,Rice,37,20,21,28-28
22,80,24,Black,Sugarcane,48,5,37,MOP
38,47,47,Sandy,Wheat,9,20,21,Urea
39,42,52,Sandy,Cotton,42,7,20,MOP
37,74,30,Black,Maize,44,4,29,MOP
34,53,62,Black,Wheat,28,39,48,20-20
28,80,25,Loamy,Ground Nuts,41,9,46,MOP
36,52,42,Red,Ground Nuts,45,30,9,DAP
33,41,59,Red,Rice,31,29,2,DAP
34,78,21,Red,Cotton,12,20,38,20-20
20,59,34,Red,Ground Nuts,30,35,28,20-20
22,60,42,Sandy,Cotton,3,26,24,Urea
35,57,41,Sandy,Maize,48,37,1,DAP
30,51,28,Black,Ground Nuts,17,34,12,20-20
31,73,66,Black,Sugarcane,10,31,26,20-20
29,57,59,Red,Ground Nuts,41,25,28,28-28
35,42,49,Black,Cotton,17,3,13,MOP
27,54,35,Sandy,Sugarcane,40,26,3,DAP
25,73,78,Red,Wheat,36,35,7,DAP
31,80,65,Red,Ground Nuts,32,36,4,DAP
27,75,66,Sandy,Cotton,36,26,43,28-28
23,36,71,Loamy,Ground Nuts,2,46,26,Urea
27,74,49,Red,Ground Nuts,0,47,23,Urea
37,35,64,Black,Cotton,18,5,43,MOP
24,53,28,Loamy,Sugarcane,5,17,42,Urea
28,48,20,Sandy,Maize,9,25,33,Urea
23,48,78,Loamy,Ground Nuts,36,43,27,28-28
36,65,57,Loamy,Rice,11,23,23,20-20
28,80,27,Red,Wheat,43,6,4,DAP
20,38,78,Loamy,Cotton,16,43,12,20-20
39,77,78,Black,Ground Nuts,26,13,17,20-20
32,88,71,Red,Maize,1,12,16,Urea
35,65,37,Sandy,Cotton,24,25,29,20-20
32,67,46,Black,Ground Nuts,45,42,37,28-28
33,69,37,Red,Wheat,43,42,18,20-20
22,88,51,Loamy,Rice,27,1,21,MOP
25,58,77,Black,Cotton,44,45,48,28-28
37,53,68,Red,Ground Nuts,36,46,48,28-28
38,77,51,Red,Sugarcane,36,22,17,20-20
24,34,72,Sandy,Maize,16,27,25,20-20
34,82,67,Red,Rice,4,0,14,Urea
21,83,64,Sandy,Cotton,18,31,27,20-20
29,71,73,Loamy,Ground Nuts,3,11,29,Urea
37,84,55,Red,Rice,38,45,27,28-28
32,74,55,Red,Sugarcane,48,49,19,20-20
24,55,40,Loamy,Cotton,42,34,3,DAP
20,43,65,Red,Rice,37,25,3,DAP
20,68,51,Red,Cotton,44,30,36,28-28
37,58,50,Black,Cotton,43,11,14,20-20
34,81,56,Sandy,Rice,29,28,33,20-20
36,35,35,Red,Cotton,31,4,10,MOP
30,36,65,Red,Sugarcane,36,34,22,28-28
36,66,65,Sandy,Rice,26,6,34,MOP
32,82,33,Black,Ground Nuts,31,15,42,20-20
20,47,76,Sandy,Rice,41,31,34,28-28
21,52,43,Red,Sugarcane,10,16,10,20-20
28,73,44,Loamy,Sugarcane,40,20,1,DAP
22,67,65,Loamy,Sugarcane,12,26,14,20-20
20,88,70,Black,Ground Nuts,34,39,39,20-20
35,30,54,Black,Ground Nuts,16,46,27,20-20
25,33,36,Red,Cotton,29,14,30,20-20
36,80,65,Black,Cotton,17,22,31,20-20
24,73,61,Red,Wheat,36,7,33,MOP
24,76,64,Loamy,Cotton,47,24,49,28-28
25,64,73,Black,Sugarcane,29,10,21,20-20
22,52,23,Red,Wheat,25,20,28,20-20
24,56,30,Sandy,Sugarcane,15,9,7,DAP
24,89,66,Black,Maize,10,49,21,20-20
29,55,34,Red,Ground Nuts,3,8,11,Urea
29,81,49,Red,Rice,40,47,22,28-28
38,89,43,Sandy,Maize,14,0,37,MOP
36,37,21,Loamy,Ground Nuts,11,21,1,DAP
33,72,62,Sandy,Ground Nuts,26,5,11,MOP
28,45,53,Red,Sugarcane,47,29,20,20-20
33,70,42,Sandy,Cotton,3,33,11,Urea
20,32,50,Sandy,Rice,34,12,44,20-20
38,61,56,Red,Cotton,20,21,30,20-20
32,34,32,Loamy,Cotton,35,5,8,DAP
32,49,52,Sandy,Rice,1,40,14,Urea
23,43,26,Sandy,Rice,38,45,31,28-28
20,89,51,Black,Maize,27,23,42,20-20
36,61,26,Black,Sugarcane,33,20,8,DAP
27,55,61,Red,Cotton,32,38,23,20-20
21,76,57,Red,Sugarcane,49,22,7,DAP
27,35,71,Red,Sugarcane,7,4,27,Urea
26,88,63,Black,Wheat,7,6,17,Urea
21,87,32,Red,Maize,41,2,42,MOP
22,65,43,Sandy,Cotton,49,12,36,28-28
37,69,47,Sandy,Ground Nuts,21,11,35,20-20
31,80,51,Loamy,Rice,26,5,36,MOP
20,88,62,Red,Rice,27,33,31,20-20
31,34,37,Sandy,Sugarcane,10,14,20,20-20
24,42,53,Sandy,Maize,26,46,38,20-20
36,61,67,Loamy,Maize,0,17,48,Urea
35,45,53,Sandy,Cotton,38,48,28,28-28
34,30,70,Loamy,Cotton,27,2,17,MOP
34,42,57,Loamy,Sugarcane,26,21,22,20-20
24,83,20,Black,Sugarcane,7,34,32,Urea
33,40,62,Sandy,Sugarcane,45,27,47,28-28
21,82,69,Black,Wheat,23,40,8,DAP
30,37,61,Sandy,Maize,39,41,43,28-28
38,54,50,Black,Sugarcane,35,11,42,20-20
26,69,69,Loamy,Maize,23,0,37,MOP
25,61,79,Loamy,Ground Nuts,41,35,3,DAP
21,53,20,Loamy,Rice,21,29,15,20-20
25,57,70,Loamy,Rice,9,22,2,Urea
37,43,35,Sandy,Maize,3,36,7,Urea
21,74,77,Red,Ground Nuts,7,27,15,Urea
37,32,58,Sandy,Rice,38,48,1,DAP
34,65,34,Black,Rice,14,4,44,MOP
38,56,52,Sandy,Rice,7,35,18,Urea
21,49,42,Sandy,Cotton,28,46,23,20-20
39,76,72,Black,Ground Nuts,41,9,15,MOP
25,44,60,Loamy,Cotton,38,4,39,MOP
20,56,53,Black,Maize,34,13,1,DAP
34,82,36,Black,Maize,40,23,31,28-28
29,74,44,Red,Wheat,47,27,0,DAP
38,70,75,Red,Cotton,13,20,48,20-20
36,57,61,Loamy,Maize,31,44,17,20-20
24,54,25,Black,Cotton,6,39,38,Urea
23,71,50,Black,Wheat,43,11,31,28-28
29,73,24,Black,Maize,32,19,8,DAP
36,75,59,Sandy,Maize,47,31,2,DAP
29,62,59,Red,Maize,34,37,23,20-20
36,75,49,Red,Maize,26,39,10,20-20
39,43,24,Loamy,Sugarcane,0,41,27,Urea
24,37,31,Red,Ground Nuts,5,20,15,Urea
21,77,26,Red,Ground Nuts,1,16,28,Urea
25,43,64,Loamy,Cotton,6,0,40,Urea
21,30,32,Black,Cotton,7,43,11,Urea
32,45,68,Sandy,Cotton,44,27,45,28-28
30,47,23,Loamy,Wheat,28,1,3,DAP
30,36,69,Red,Sugarcane,15,16,25,20-20
35,44,61,Loamy,Cotton,28,38,3,DAP
30,53,22,Red,Cotton,30,13,10,20-20
38,78,31,Black,Maize,21,13,1,DAP
34,80,20,Black,Maize,9,43,30,Urea
35,84,46,Black,Maize,3,47,49,Urea
30,42,62,Red,Cotton,24,17,2,DAP
35,38,69,Loamy,Maize,12,39,24,20-20
27,85,32,Red,Cotton,16,33,33,20-20
23,85,36,Black,Wheat,39,42,0,DAP
27,44,27,Black,Wheat,7,0,4,Urea
23,86,51,Black,Rice,22,41,38,20-20
22,87,39,Red,Sugarcane,6,17,30,Urea
22,64,70,Sandy,Maize,31,47,35,20-20
37,53,36,Black,Ground Nuts,23,33,2,DAP
38,62,53,Loamy,Maize,0,22,37,Urea
38,45,54,Black,Sugarcane,46,48,11,20-20
24,37,54,Red,Sugarcane,46,15,15,20-20
37,58,57,Loamy,Rice,35,18,7,DAP
29,52,61,Red,Sugarcane,26,36,10,20-20
25,74,43,Sandy,Cotton,5,5,44,Urea
20,60,73,Sandy,Maize,41,23,13,20-20
24,69,37,Red,Sugarcane,30,16,26,20-20
28,78,69,Black,Cotton,11,47,17,20-20
31,83,65,Loamy,Sugarcane,25,15,7,DAP
33,84,67,Black,Ground Nuts,24,38,32,20-20
21,43,58,Red,Cotton,3,47,3,Urea
36,88,52,Red,Wheat,5,40,48,Urea
33,82,68,Black,Cotton,45,5,29,MOP
32,59,42,Loamy,Rice,12,15,19,20-20
28,82,44,Loamy,Cotton,24,8,29,MOP
34,68,56,Loamy,Sugarcane,30,28,26,20-20
34,56,46,Loamy,Wheat,21,3,24,MOP
30,76,20,Loamy,Wheat,34,25,5,DAP
35,45,40,Sandy,Cotton,20,37,4,DAP
36,80,78,Sandy,Sugarcane,14,25,13,20-20
23,35,68,Red,Wheat,2,13,13,Urea
20,84,29,Sandy,Ground Nuts,36,34,33,28-28
27,62,50,Loamy,Cotton,44,48,40,28-28
36,73,63,Loamy,Cotton,25,42,24,20-20
22,47,44,Loamy,Cotton,46,23,38,28-28
39,45,39,Red,Wheat,16,7,17,MOP
34,41,76,Red,Maize,37,39,19,20-20
34,49,21,Black,Sugarcane,49,24,42,28-28
33,74,74,Sandy,Rice,34,3,7,DAP
33,69,67,Sandy,Rice,40,14,25,28-28
21,88,34,Black,Sugarcane,7,15,20,Urea
32,58,47,Black,Maize,10,10,26,20-20
33,59,32,Sandy,Sugarcane,23,27,31,20-20
38,55,69,Loamy,Cotton,42,6,41,MOP
26,51,79,Sandy,Ground Nuts,7,49,49,Urea
22,62,71,Loamy,Sugarcane,29,37,16,20-20
34,87,73,Red,Sugarcane,0,23,48,Urea
33,82,33,Sandy,Ground Nuts,33,30,0,DAP
30,68,69,Sandy,Wheat,19,3,26,MOP
34,76,21,Red,Rice,35,36,35,20-20
32,58,53,Red,Rice,33,34,10,20-20
37,51,54,Red,Cotton,33,5,40,MOP
25,74,56,Red,Ground Nuts,12,45,40,20-20
22,42,44,Red,Cotton,5,32,34,Urea
38,89,67,Black,Wheat,35,31,37,20-20
34,38,73,Black,Cotton,24,45,37,20-20
24,53,34,Red,Ground Nuts,26,37,41,20-20
29,44,31,Red,Ground Nuts,46,34,41,28-28
26,65,28,Red,Maize,30,16,48,20-20
36,42,77,Red,Wheat,2,31,46,Urea
26,56,50,Loamy,Ground Nuts,27,13,35,20-20
31,73,33,Loamy,Ground Nuts,3,18,9,Urea
36,66,48,Red,Wheat,16,23,39,20-20
32,36,72,Red,Sugarcane,37,38,0,DAP
39,37,67,Sandy,Sugarcane,33,10,21,20-20
23,66,62,Red,Maize,19,6,16,MOP
29,70,57,Red,Ground Nuts,12,44,11,20-20
22,43,61,Black,Wheat,46,23,43,28-28
28,87,79,Loamy,Wheat,4,23,12,Urea
32,41,27,Red,Sugarcane,23,13,24,20-20
37,65,67,Loamy,Rice,37,23,25,28-28
34,81,22,Loamy,Rice,16,10,45,20-20
23,69,21,Sandy,Ground Nuts,30,7,39,MOP
34,46,35,Loamy,Sugarcane,27,43,45,20-20
21,69,38,Loamy,Ground Nuts,0,14,38,Urea
34,82,49,Red,Cotton,1,41,48,Urea
27,58,60,Black,Wheat,32,1,42,MOP
27,56,35,Red,Ground Nuts,39,23,32,28-28
36,30,50,Red,Maize,28,44,7,DAP
31,81,73,Black,Rice,3,9,12,Urea
38,63,77,Black,Ground Nuts,17,31,25,20-20
29,33,47,Sandy,Cotton,23,16,16,20-20
28,53,23,Black,Wheat,31,9,23,MOP
24,50,29,Red,Cotton,8,21,23,Urea
25,62,70,Black,Ground Nuts,46,5,11,MOP
39,36,64,Black,Wheat,15,26,30,20-20
21,30,37,Black,Wheat,20,19,15,20-20
32,70,66,Loamy,Sugarcane,29,0,41,MOP
25,32,51,Sandy,Sugarcane,2,16,15,Urea
24,73,49,Loamy,Maize,32,0,29,MOP
20,80,55,Loamy,Maize,30,36,27,20-20
25,44,28,Sandy,Cotton,44,14,2,DAP
25,60,55,Loamy,Sugarcane,13,0,32,MOP
35,83,48,Black,Wheat,5,16,23,Urea
23,45,35,Sandy,Sugarcane,4,45,29,Urea
30,39,47,Loamy,Wheat,28,44,39,20-20
28,83,40,Red,Sugarcane,36,42,47,28-28
22,58,66,Loamy,Wheat,35,43,27,20-20
38,88,75,Red,Cotton,20,37,46,20-20
27,88,21,Black,Sugarcane,11,42,38,20-20
24,35,79,Red,Rice,45,1,1,DAP
23,58,78,Loamy,Rice,22,17,12,20-20
25,46,65,Loamy,Wheat,13,11,36,20-20
21,82,54,Loamy,Cotton,42,28,9,DAP
39,89,73,Sandy,Wheat,41,22,39,28-28
30,51,47,Sandy,Cotton,9,46,12,Urea
23,53,74,Loamy,Maize,26,8,18,MOP
34,46,55,Loamy,Sugarcane,40,7,5,DAP
25,50,50,Black,Cotton,1,49,17,Urea
36,80,52,Sandy,Wheat,13,15,39,20-20
25,79,42,Sandy,Maize,6,22,8,Urea
38,40,79,Sandy,Wheat,16,28,16,20-20
21,85,60,Red,Rice,19,9,3,DAP
34,36,36,Loamy,Rice,7,11,49,Urea
30,71,65,Black,Sugarcane,19,11,5,DAP
27,68,68,Black,Ground Nuts,35,29,10,20-20
38,34,20,Loamy,Sugarcane,4,9,41,Urea
32,73,61,Loamy,Maize,12,13,25,20-20
31,77,42,Black,Rice,38,3,10,MOP
24,86,67,Red,Cotton,37,46,7,DAP
25,50,46,Black,Rice,16,19,2,DAP
23,47,44,Red,Ground Nuts,5,40,1,Urea
38,64,51,Red,Sugarcane,18,38,17,20-20
39,49,38,Sandy,Wheat,24,6,1,DAP
20,44,43,Loamy,Maize,2,29,25,Urea
39,34,76,Sandy,Ground Nuts,40,40,11,20-20
36,42,22,Red,Rice,27,23,36,20-20
31,80,79,Black,Cotton,25,9,25,MOP
34,41,31,Sandy,Ground Nuts,46,44,35,28-28
20,84,54,Black,Cotton,7,37,15,Urea
33,50,34,Red,Cotton,14,35,13,20-20
25,66,36,Black,Maize,0,16,1,Urea
24,35,69,Sandy,Cotton,39,20,20,20-20
30,36,51,Red,Cotton,22,45,6,DAP
23,55,26,Loamy,Rice,35,2,10,MOP
32,71,38,Sandy,Maize,41,0,43,MOP
30,77,26,Sandy,Wheat,15,17,28,20-20
22,37,24,Loamy,Wheat,49,1,36,MOP
20,38,77,Red,Cotton,3,39,47,Urea
25,56,59,Loamy,Ground Nuts,7,47,38,Urea
37,33,40,Sandy,Sugarcane,35,3,27,MOP
29,50,67,Red,Maize,9,31,39,Urea
24,60,67,Black,Sugarcane,29,18,3,DAP
29,50,70,Sandy,Maize,35,19,3,DAP
31,69,76,Black,Maize,15,41,26,20-20
21,54,66,Loamy,Rice,29,48,5,DAP
32,68,26,Red,Cotton,43,48,33,28-28
27,44,56,Loamy,Rice,9,6,40,Urea
21,82,42,Black,Ground Nuts,10,8,39,MOP
39,64,30,Sandy,Sugarcane,33,6,17,MOP
20,78,29,Red,Sugarcane,15,26,43,20-20
24,72,76,Loamy,Wheat,18,20,47,20-20
28,70,40,Black,Ground Nuts,43,34,29,28-28
36,66,74,Black,Ground Nuts,3,23,32,Urea
28,86,78,Sandy,Rice,48,31,19,20-20
30,71,60,Black,Rice,43,11,35,28-28
34,76,52,Red,Ground Nuts,30,22,45,20-20
25,57,39,Black,Rice,47,35,49,28-28
22,43,52,Sandy,Wheat,34,48,4,DAP
36,33,59,Loamy,Rice,33,28,34,20-20
24,82,54,Red,Rice,25,2,18,MOP
31,49,53,Loamy,Ground Nuts,38,42,11,20-20
37,63,55,Loamy,Ground Nuts,5,7,25,Urea
33,41,46,Black,Rice,32,33,18,20-20
30,62,38,Black,Rice,46,13,10,20-20
28,53,62,Sandy,Ground Nuts,26,35,19,20-20
21,49,24,Black,Sugarcane,11,47,8,DAP
31,34,48,Black,Cotton,44,45,19,20-20
22,67,75,Loamy,Sugarcane,7,31,26,Urea
22,59,29,Red,Rice,8,6,4,Urea
20,53,75,Black,Maize,0,9,9,Urea
27,72,78,Red,Maize,4,11,8,Urea
27,69,74,Black,Wheat,6,39,24,Urea
30,36,59,Black,Sugarcane,17,22,12,20-20
28,65,32,Sandy,Ground Nuts,39,10,31,28-28
24,67,48,Black,Wheat,23,12,7,DAP
33,45,24,Sandy,Wheat,25,11,44,20-20
22,81,77,Loamy,Maize,9,6,26,Urea
24,44,77,Red,Sugarcane,39,43,21,28-28
24,75,78,Black,Cotton,43,9,27,MOP
38,52,31,Sandy,Ground Nuts,47,6,17,MOP
33,41,78,Loamy,Sugarcane,11,26,22,20-20
23,58,32,Black,Wheat,21,6,40,MOP
32,73,41,Sandy,Rice,26,49,30,20-20
29,77,59,Sandy,Wheat,2,23,40,Urea
37,44,34,Loamy,Sugarcane,17,22,33,20-20
27,58,32,Black,Maize,4,24,6,Urea
27,74,20,Black,Sugarcane,13,43,4,DAP
26,72,73,Red,Cotton,24,35,20,20-20
27,78,57,Black,Ground Nuts,30,32,5,DAP
33,50,62,Sandy,Ground Nuts,20,36,44,20-20
38,44,64,Red,Rice,47,41,49,28-28
25,43,72,Red,Rice,37,38,34,28-28
20,71,71,Black,Wheat,47,6,41,MOP
34,73,20,Red,Sugarcane,19,29,22,20-20
20,45,30,Sandy,Ground Nuts,13,30,2,DAP
36,44,77,Sandy,Maize,19,44,32,20-20
20,71,62,Loamy,Cotton,36,45,37,28-28
34,33,59,Sandy,Wheat,45,36,22,28-28
21,56,41,Loamy,Sugarcane,29,20,15,20-20
33,52,54,Red,Maize,42,33,24,28-28
27,58,79,Loamy,Sugarcane,40,45,48,28-28
27,70,70,Black,Maize,19,20,15,20-20
38,82,63,Loamy,Sugarcane,6,39,24,Urea
26,81,25,Black,Sugarcane,4,19,41,Urea
38,38,47,Red,Ground Nuts,30,33,6,DAP
25,82,50,Loamy,Wheat,28,7,7,DAP
25,86,74,Sandy,Sugarcane,14,31,2,DAP
22,85,27,Black,Sugarcane,24,29,4,DAP
26,81,24,Red,Wheat,12,28,18,20-20
38,72,61,Sandy,Wheat,43,4,6,DAP
27,72,73,Black,Rice,23,29,49,20-20
29,36,67,Red,Rice,14,11,21,20-20
39,82,63,Red,Ground Nuts,23,38,25,20-20
34,71,36,Sandy,Wheat,25,26,49,20-20
34,33,57,Red,Cotton,18,12,24,20-20
20,34,28,Loamy,Ground Nuts,23,46,5,DAP
39,34,29,Red,Maize,18,9,4,DAP
26,40,39,Black,Wheat,41,35,37,28-28
23,70,33,Black,Rice,16,30,37,20-20
25,57,33,Black,Sugarcane,47,15,21,28-28
20,45,45,Loamy,Wheat,4,38,30,Urea
24,70,48,Sandy,Wheat,3,44,21,Urea
20,83,68,Loamy,Rice,21,35,10,20-20
23,59,46,Loamy,Rice,9,25,31,Urea
21,33,44,Loamy,Cotton,20,43,16,20-20
29,31,35,Red,Ground Nuts,24,19,40,20-20
24,75,55,Sandy,Rice,5,33,21,Urea
29,32,53,Red,Rice,29,36,15,20-20
20,79,35,Loamy,Rice,28,7,41,MOP
25,50,52,Black,Ground Nuts,10,3,14,MOP
32,35,22,Loamy,Sugarcane,10,28,7,DAP
34,72,42,Sandy,Wheat,47,30,45,28-28
23,82,30,Black,Wheat,45,1,47,MOP
32,47,67,Sandy,Rice,26,24,2,DAP
39,73,77,Loamy,Ground Nuts,18,37,12,20-20
34,34,37,Sandy,Cotton,21,2,29,MOP
27,38,66,Red,Rice,27,45,27,20-20
24,49,60,Black,Ground Nuts,3,41,8,Urea
34,57,63,Sandy,Ground Nuts,36,42,11,20-20
23,55,48,Black,Cotton,18,4,24,MOP
31,47,78,Black,Ground Nuts,16,21,36,20-20
32,48,69,Loamy,Wheat,49,15,20,20-20
21,32,24,Loamy,Cotton,39,8,38,MOP
38,38,43,Black,Cotton,35,47,38,20-20
38,65,48,Sandy,Maize,22,8,18,MOP
23,60,48,Black,Cotton,49,48,7,DAP
23,78,79,Loamy,Cotton,27,11,37,20-20
30,46,45,Sandy,Sugarcane,10,46,2,DAP
24,84,59,Black,Wheat,13,41,21,20-20
39,52,22,Loamy,Rice,12,3,0,DAP
30,63,21,Black,Maize,23,48,37,20-20
29,70,44,Black,Cotton,15,17,18,20-20
27,70,38,Black,Sugarcane,27,17,20,20-20
25,34,59,Sandy,Sugarcane,29,41,12,20-20
25,44,21,Loamy,Ground Nuts,43,42,26,28-28
27,76,38,Loamy,Rice,40,32,16,20-20
34,32,20,Red,Rice,38,41,49,28-28
33,48,46,Black,Wheat,41,2,19,MOP
30,57,73,Black,Ground Nuts,26,37,29,20-20
31,32,64,Red,Cotton,16,16,37,20-20
32,67,74,Black,Sugarcane,49,11,10,20-20
27,33,71,Sandy,Maize,25,10,26,20-20
37,53,68,Red,Wheat,6,16,37,Urea
20,60,54,Loamy,Cotton,34,34,27,20-20
34,74,60,Black,Ground Nuts,14,40,25,20-20
27,88,24,Loamy,Rice,15,49,38,20-20
30,74,57,Black,Ground Nuts,20,5,32,MOP
31,88,23,Red,Cotton,16,34,31,20-20
31,40,36,Loamy,Ground Nuts,44,5,24,MOP
23,66,72,Black,Rice,25,31,23,20-20
35,30,40,Sandy,Cotton,34,10,39,20-20
23,38,72,Red,Maize,19,42,26,20-20
24,46,67,Black,Wheat,19,38,45,20-20
24,83,50,Black,Ground Nuts,22,12,21,20-20
27,30,67,Black,Rice,4,12,19,Urea
29,32,41,Red,Maize,8,38,32,Urea
36,76,30,Black,Sugarcane,22,45,4,DAP
28,55,53,Black,Maize,17,33,28,20-20
38,82,68,Loamy,Maize,28,2,4,DAP
33,60,34,Loamy,Maize,10,31,45,20-20
27,55,69,Red,Rice,42,3,38,MOP
28,52,29,Red,Sugarcane,47,39,16,20-20
30,59,57,Sandy,Wheat,7,0,28,Urea
20,39,51,Black,Maize,26,8,10,MOP
33,37,72,Loamy,Rice,1,48,21,Urea
24,73,67,Loamy,Rice,22,49,30,20-20
33,54,50,Black,Wheat,20,6,38,MOP
23,51,56,Black,Cotton,9,26,0,Urea
20,44,63,Red,Sugarcane,37,2,14,MOP
38,88,47,Sandy,Sugarcane,3,21,18,Urea
27,70,50,Sandy,Ground Nuts,20,15,9,DAP
34,85,25,Red,Maize,36,7,8,DAP
34,86,33,Red,Cotton,42,4,12,MOP
28,39,77,Loamy,Sugarcane,11,48,44,20-20
28,49,42,Red,Ground Nuts,47,29,25,28-28
29,70,35,Sandy,Maize,45,27,5,DAP
39,76,44,Loamy,Cotton,13,26,39,20-20
28,52,58,Sandy,Rice,19,49,43,20-20
22,82,21,Black,Maize,46,21,1,DAP
39,82,57,Sandy,Cotton,7,29,28,Urea
30,30,60,Loamy,Wheat,26,36,47,20-20
25,31,58,Sandy,Sugarcane,36,6,11,MOP
21,87,53,Loamy,Maize,40,49,22,28-28
26,48,70,Loamy,Ground Nuts,20,29,49,20-20
37,43,59,Red,Rice,47,12,2,DAP
21,37,62,Sandy,Ground Nuts,34,21,49,20-20
36,67,44,Red,Maize,43,10,10,20-20
30,41,55,Red,Sugarcane,38,4,4,DAP
31,55,35,Sandy,Sugarcane,48,21,44,28-28
38,56,76,Loamy,Cotton,14,14,9,DAP
26,58,37,Black,Ground Nuts,46,38,46,28-28
39,44,32,Sandy,Ground Nuts,11,36,5,DAP
25,75,78,Red,Rice,33,30,15,20-20
20,82,56,Red,Cotton,7,28,30,Urea
36,30,46,Loamy,Rice,36,38,22,28-28
30,89,53,Red,Maize,29,16,29,20-20
37,72,30,Black,Maize,2,40,39,Urea
36,57,20,Red,Ground Nuts,29,5,19,MOP
26,86,32,Loamy,Cotton,28,40,24,20-20
36,32,49,Sandy,Wheat,0,16,34,Urea
39,80,24,Loamy,Sugarcane,15,33,4,DAP
28,47,37,Red,Cotton,41,22,46,28-28
36,81,33,Loamy,Cotton,30,29,2,DAP
39,89,32,Red,Maize,9,12,46,Urea
27,63,51,Loamy,Sugarcane,29,29,33,20-20
36,61,26,Sandy,Cotton,42,48,11,20-20
26,58,27,Red,Maize,25,19,26,20-20
20,54,69,Black,Maize,11,5,4,DAP
32,89,26,Black,Ground Nuts,39,30,40,28-28
38,55,71,Black,Ground Nuts,4,18,21,Urea
38,68,68,Black,Cotton,8,5,3,Urea
36,37,35,Red,Cotton,10,33,27,20-20
32,48,62,Red,Maize,46,27,6,DAP
35,83,50,Sandy,Ground Nuts,22,12,47,20-20
27,76,70,Loamy,Cotton,16,9,44,MOP
38,71,46,Red,Sugarcane,42,40,33,28-28
37,51,79,Black,Maize,12,44,1,DAP
20,58,52,Red,Maize,16,6,8,DAP
33,62,72,Black,Cotton,22,17,14,20-20
38,67,48,Sandy,Cotton,38,21,30,28-28
34,74,27,Loamy,Cotton,8,13,35,Urea
37,75,52,Red,Sugarcane,17,35,48,20-20
21,64,60,Loamy,Maize,17,7,40,MOP
36,72,38,Black,Wheat,29,11,14,20-20
37,32,40,Black,Sugarcane,41,39,32,28-28
25,48,60,Loamy,Sugarcane,43,47,30,28-28
38,39,40,Sandy,Ground Nuts,25,32,26,20-20
23,56,44,Loamy,Maize,17,23,1,DAP
20,44,61,Loamy,Wheat,20,41,8,DAP
27,40,75,Red,Maize,40,38,42,28-28
26,76,42,Red,Sugarcane,40,13,0,DAP
22,55,30,Black,Cotton,41,48,18,20-20
29,88,52,Red,Maize,32,4,8,DAP
29,53,39,Sandy,Maize,42,18,1,DAP
38,42,44,Sandy,Cotton,13,2,36,MOP
33,61,45,Sandy,Wheat,9,0,48,Urea
21,66,59,Black,Wheat,27,39,0,DAP
20,33,71,Sandy,Maize,13,40,45,20-20
37,42,31,Sandy,Cotton,18,36,11,20-20
26,38,51,Red,Ground Nuts,25,32,25,20-20
27,86,52,Black,Maize,9,48,9,Urea
20,78,29,Loamy,Cotton,16,45,46,20-20
22,63,23,Sandy,Sugarcane,33,16,0,DAP
27,85,34,Red,Ground Nuts,13,8,0,DAP
34,66,70,Loamy,Cotton,25,30,42,20-20
24,77,25,Sandy,Maize,49,34,30,28-28
22,36,46,Loamy,Rice,33,2,10,MOP
38,30,24,Loamy,Wheat,18,12,4,DAP
20,89,24,Black,Maize,23,36,34,20-20
34,87,37,Black,Cotton,30,37,10,20-20
27,41,47,Sandy,Ground Nuts,39,13,3,DAP
21,50,54,Sandy,Ground Nuts,5,5,37,Urea
22,40,78,Black,Cotton,19,28,49,20-20
33,73,41,Sandy,Wheat,38,48,38,28-28
33,80,53,Sandy,Maize,44,8,20,MOP
30,87,23,Black,Ground Nuts,33,35,35,20-20
35,73,37,Loamy,Ground Nuts,21,22,45,20-20
23,73,60,Sandy,Rice,6,14,27,Urea
39,43,70,Red,Sugarcane,32,49,7,DAP
24,63,45,Black,Rice,5,46,19,Urea
33,63,61,Sandy,Sugarcane,15,49,42,20-20
35,54,41,Sandy,Ground Nuts,7,6,45,Urea
37,33,66,Black,Sugarcane,44,46,20,20-20
26,81,52,Red,Maize,22,24,34,20-20
29,84,62,Red,Ground Nuts,17,36,42,20-20
26,55,33,Black,Ground Nuts,13,22,31,20-20
20,45,50,Red,Sugarcane,49,10,35,28-28
38,39,29,Sandy,Cotton,35,45,40,20-20
35,74,70,Red,Sugarcane,14,7,4,DAP
38,31,43,Sandy,Sugarcane,4,35,44,Urea
23,64,40,Loamy,Wheat,45,41,3,DAP
37,48,67,Red,Wheat,47,38,6,DAP
21,35,27,Loamy,Maize,14,0,33,MOP
20,48,51,Black,Maize,10,43,19,20-20
34,88,50,Red,Cotton,1,12,6,Urea
24,82,53,Sandy,Wheat,22,15,23,20-20
39,81,42,Red,Rice,23,45,20,20-20
30,80,44,Black,Maize,17,12,8,DAP
29,37,26,Black,Maize,3,36,18,Urea
21,43,38,Sandy,Wheat,14,13,19,20-20
22,39,26,Red,Wheat,11,12,27,20-20
31,32,66,Loamy,Cotton,2,45,31,Urea
39,67,27,Black,Wheat,31,11,33,20-20
24,58,33,Black,Sugarcane,35,27,15,20-20
24,44,20,Sandy,Ground Nuts,20,21,37,20-20
25,52,32,Red,Rice,47,19,49,28-28
28,52,22,Loamy,Ground Nuts,5,46,16,Urea
21,47,72,Red,Sugarcane,1,18,10,Urea
31,75,47,Red,Sugarcane,8,10,3,Urea
22,48,57,Loamy,Ground Nuts,11,29,39,20-20
39,57,70,Sandy,Sugarcane,43,25,49,28-28
31,55,34,Black,Maize,23,14,44,20-20
36,39,55,Sandy,Ground Nuts,13,29,39,20-20
29,76,72,Sandy,Sugarcane,48,28,41,28-28
33,33,22,Red,Maize,40,31,17,20-20
36,84,23,Loamy,Wheat,11,29,49,20-20
37,31,24,Black,Rice,26,43,48,20-20
38,32,69,Red,Rice,9,15,47,Urea
36,36,45,Black,Sugarcane,42,35,5,DAP
33,84,44,Red,Rice,1,17,45,Urea
28,45,29,Loamy,Maize,30,40,31,20-20
27,60,27,Black,Wheat,27,47,4,DAP
21,39,31,Black,Sugarcane,15,38,14,20-20
32,48,73,Sandy,Cotton,0,27,44,Urea
26,57,77,Red,Ground Nuts,21,18,15,20-20
28,46,78,Red,Rice,0,10,47,Urea
30,57,22,Red,Rice,30,16,16,20-20
33,48,46,Sandy,Sugarcane,21,20,36,20-20
23,66,69,Sandy,Ground Nuts,33,36,42,20-20
32,52,42,Black,Ground Nuts,11,43,14,20-20
21,49,59,Red,Rice,22,33,34,20-20
24,42,77,Red,Rice,27,32,7,DAP
30,42,52,Black,Cotton,49,28,34,28-28
25,72,33,Black,Ground Nuts,11,3,35,MOP
37,40,73,Black,Maize,26,31,26,20-20
29,77,42,Loamy,Sugarcane,22,10,13,20-20
23,44,50,Loamy,Sugarcane,0,25,22,Urea
28,46,32,Black,Cotton,42,17,19,20-20
25,83,76,Sandy,Cotton,1,31,5,Urea
21,79,31,Sandy,Maize,43,26,23,28-28
36,57,54,Red,Wheat,30,15,22,20-20
24,48,37,Loamy,Sugarcane,1,9,35,Urea
25,33,40,Loamy,Ground Nuts,48,43,11,20-20
31,51,64,Black,Rice,24,33,1,DAP
29,51,66,Black,Maize,37,32,26,28-28
25,84,61,Black,Sugarcane,47,9,31,MOP
27,66,20,Black,Ground Nuts,18,41,28,20-20
21,68,57,Black,Maize,27,25,49,20-20
31,63,60,Sandy,Wheat,5,41,45,Urea
32,62,61,Sandy,Ground Nuts,38,24,39,28-28
26,73,66,Black,Sugarcane,18,1,39,MOP
29,71,28,Sandy,Rice,16,25,43,20-20
32,69,42,Black,Ground Nuts,5,19,32,Urea
36,62,33,Black,Sugarcane,14,2,28,MOP
33,41,30,Loamy,Maize,21,31,32,20-20
21,31,26,Sandy,Wheat,40,0,35,MOP
30,88,50,Sandy,Ground Nuts,33,23,16,20-20
20,57,43,Loamy,Maize,4,49,9,Urea
38,39,45,Sandy,Maize,22,42,0,DAP
23,51,49,Loamy,Cotton,4,43,42,Urea
38,46,53,Red,Maize,43,32,16,20-20
30,55,65,Sandy,Ground Nuts,9,37,41,Urea
27,32,57,Black,Wheat,3,47,27,Urea
30,36,24,Loamy,Rice,11,34,37,20-20
23,73,24,Black,Cotton,46,16,35,28-28
36,37,38,Black,Maize,9,47,44,Urea
26,49,70,Sandy,Ground Nuts,29,42,26,20-20
27,41,57,Loamy,Sugarcane,49,47,42,28-28
22,64,47,Red,Cotton,23,43,36,20-20
21,46,45,Black,Wheat,4,32,45,Urea
34,57,61,Black,Sugarcane,12,10,24,20-20
24,70,42,Red,Wheat,35,22,33,20-20
20,39,65,Loamy,Sugarcane,8,37,2,Urea
23,51,68,Sandy,Rice,17,31,28,20-20
34,67,49,Black,Wheat,34,18,34,20-20
39,86,22,Sandy,Sugarcane,30,11,42,20-20
38,62,47,Loamy,Wheat,23,27,40,20-20
22,51,52,Red,Cotton,42,1,9,DAP
39,73,61,Sandy,Wheat,3,9,37,Urea
30,66,22,Loamy,Ground Nuts,40,18,37,28-28
36,42,24,Sandy,Wheat,25,27,0,DAP
32,56,76,Sandy,Sugarcane,43,46,0,DAP
30,44,38,Black,Wheat,41,7,31,MOP
21,51,61,Sandy,Rice,9,42,21,Urea
28,59,77,Black,Maize,40,22,18,20-20
21,72,76,Loamy,Cotton,41,47,34,28-28
28,69,67,Loamy,Ground Nuts,8,44,5,Urea
28,66,20,Black,Sugarcane,0,29,33,Urea
27,63,57,Red,Wheat,15,27,14,20-20
36,73,28,Sandy,Wheat,45,12,43,28-28
20,89,79,Loamy,Wheat,12,36,41,20-20
30,63,24,Loamy,Cotton,37,11,44,28-28
27,87,78,Red,Ground Nuts,13,9,2,DAP
29,77,65,Loamy,Maize,39,16,49,28-28
26,82,61,Black,Rice,22,0,36,MOP
22,64,53,Red,Ground Nuts,17,21,21,20-20
22,71,56,Loamy,Rice,27,14,44,20-20
37,48,52,Red,Ground Nuts,19,15,28,20-20
24,37,44,Red,Sugarcane,0,19,13,Urea
31,68,61,Loamy,Maize,11,9,29,MOP
31,62,48,Loamy,Maize,26,41,14,20-20
38,73,77,Loamy,Cotton,42,25,49,28-28
25,57,44,Red,Ground Nuts,12,48,28,20-20
21,66,73,Black,Wheat,3,22,13,Urea
31,77,78,Black,Maize,24,16,2,DAP
38,54,28,Sandy,Ground Nuts,5,33,21,Urea
24,65,22,Loamy,Wheat,44,40,32,28-28
31,46,34,Black,Cotton,21,21,22,20-20
36,53,23,Sandy,Ground Nuts,44,3,6,DAP
36,50,64,Sandy,Ground Nuts,37,6,19,MOP
29,31,57,Loamy,Sugarcane,35,4,6,DAP
36,60,39,Sandy,Ground Nuts,2,30,16,Urea
34,73,68,Black,Sugarcane,14,18,31,20-20
31,62,42,Sandy,Wheat,10,3,14,MOP
35,59,56,Sandy,Wheat,33,49,12,20-20
38,41,66,Black,Maize,26,21,46,20-20
27,73,27,Sandy,Cotton,22,2,2,DAP
36,41,76,Sandy,Sugarcane,16,22,24,20-20
24,80,56,Red,Maize,22,3,48,MOP
35,86,75,Sandy,Rice,33,45,31,20-20
25,78,64,Sandy,Maize,20,23,15,20-20
27,81,52,Red,Wheat,32,13,0,DAP
37,53,52,Red,Rice,4,48,45,Urea
31,53,26,Red,Maize,16,40,2,DAP
34,87,41,Loamy,Ground Nuts,0,2,19,Urea
28,89,24,Loamy,Cotton,6,46,27,Urea
32,40,65,Black,Sugarcane,2,20,21,Urea
34,42,34,Sandy,Ground Nuts,25,25,35,20-20
29,56,40,Black,Rice,15,0,40,MOP
35,37,44,Loamy,Cotton,15,29,0,DAP
26,39,36,Sandy,Maize,43,3,13,MOP
36,37,75,Sandy,Ground Nuts,40,13,44,28-28
26,49,69,Red,Wheat,13,17,14,20-20
33,37,26,Loamy,Wheat,43,11,31,28-28
34,38,73,Sandy,Cotton,25,37,17,20-20
26,36,77,Red,Wheat,26,41,47,20-20
28,43,69,Sandy,Sugarcane,47,35,37,28-28
38,57,79,Loamy,Cotton,16,15,21,20-20
35,31,38,Black,Cotton,43,0,15,MOP
27,86,71,Black,Wheat,3,2,10,Urea
37,72,26,Sandy,Cotton,16,38,6,DAP
37,37,59,Red,Maize,32,34,8,DAP
39,42,64,Red,Rice,29,14,0,DAP
26,50,78,Red,Ground Nuts,20,37,41,20-20
22,76,69,Loamy,Rice,16,15,7,DAP
37,57,43,Black,Ground Nuts,10,16,10,20-20
29,64,30,Black,Wheat,29,33,4,DAP
26,52,60,Sandy,Sugarcane,17,9,28,MOP
36,75,74,Black,Sugarcane,19,10,5,DAP
33,44,20,Red,Wheat,33,27,11,20-20
22,31,73,Loamy,Wheat,40,26,42,28-28
31,80,51,Red,Cotton,27,37,38,20-20
32,41,59,Red,Sugarcane,8,17,6,Urea
21,86,72,Black,Rice,43,46,43,28-28
22,81,63,Loamy,Wheat,30,47,11,20-20
24,65,21,Loamy,Rice,44,29,32,28-28
30,32,34,Red,Ground Nuts,15,12,18,20-20
27,34,40,Sandy,Rice,30,15,35,20-20
31,32,43,Black,Sugarcane,28,1,18,MOP
26,86,69,Sandy,Ground Nuts,12,19,20,20-20
34,76,36,Red,Rice,22,11,18,20-20
36,48,66,Black,Cotton,13,28,42,20-20
23,31,71,Sandy,Cotton,38,45,8,DAP
32,73,71,Sandy,Sugarcane,1,7,44,Urea
37,66,28,Sandy,Cotton,11,37,21,20-20
20,83,54,Black,Wheat,27,45,18,20-20
35,46,39,Sandy,Ground Nuts,31,46,36,20-20
32,43,38,Loamy,Sugarcane,48,19,10,20-20
29,57,37,Red,Ground Nuts,23,34,24,20-20
31,56,39,Black,Rice,36,38,34,28-28
21,83,49,Loamy,Wheat,28,30,4,DAP
22,39,59,Sandy,Sugarcane,41,15,44,28-28
29,32,20,Red,Rice,17,22,30,20-20
21,65,43,Sandy,Rice,2,33,13,Urea
32,67,43,Loamy,Rice,12,31,12,20-20
32,85,66,Sandy,Rice,12,16,33,20-20
37,54,38,Black,Rice,41,42,33,28-28
22,51,49,Loamy,Sugarcane,28,23,17,20-20
26,77,45,Black,Cotton,1,34,5,Urea
33,68,61,Red,Rice,27,22,41,20-20
39,76,63,Black,Wheat,47,7,20,MOP
36,59,79,Black,Sugarcane,3,22,39,Urea
31,50,57,Sandy,Maize,4,20,4,Urea
35,59,48,Sandy,Cotton,38,18,1,DAP
31,57,32,Loamy,Wheat,40,30,5,DAP
34,60,23,Red,Rice,4,49,49,Urea
29,86,64,Loamy,Sugarcane,7,6,7,Urea
26,81,36,Red,Sugarcane,33,47,1,DAP
39,55,52,Red,Rice,24,23,22,20-20
24,72,24,Black,Wheat,26,45,19,20-20
20,51,47,Sandy,Sugarcane,6,7,3,Urea
36,50,43,Red,Ground Nuts,35,12,14,20-20
22,30,36,Sandy,Cotton,31,2,29,MOP
32,66,69,Red,Wheat,20,33,19,20-20
33,42,58,Sandy,Rice,46,12,23,28-28
37,50,67,Loamy,Wheat,17,31,8,DAP
23,75,59,Sandy,Ground Nuts,1,34,20,Urea
37,38,63,Black,Wheat,45,20,37,28-28
24,46,65,Red,Maize,41,0,40,MOP
35,76,70,Black,Rice,4,1,12,Urea
20,50,30,Red,Cotton,43,41,4,DAP
33,60,31,Black,Rice,41,42,45,28-28
34,68,32,Red,Maize,49,25,13,20-20
28,88,27,Sandy,Rice,37,2,49,MOP
34,83,20,Red,Rice,27,23,6,DAP
36,51,28,Black,Cotton,30,25,5,DAP
23,41,47,Black,Maize,43,7,11,MOP
31,84,21,Red,Rice,23,46,45,20-20
24,35,33,Red,Ground Nuts,32,36,15,20-20
24,82,32,Loamy,Rice,38,7,31,MOP
30,45,67,Loamy,Sugarcane,11,17,41,20-20
25,55,21,Sandy,Rice,38,17,10,20-20
26,34,23,Sandy,Cotton,8,11,3,Urea
33,38,31,Sandy,Sugarcane,14,35,28,20-20
30,75,67,Sandy,Ground Nuts,22,39,33,20-20
32,69,29,Sandy,Ground Nuts,43,1,8,DAP
21,43,22,Red,Ground Nuts,44,19,9,DAP
26,73,23,Loamy,Maize,21,2,7,DAP
39,71,25,Red,Ground Nuts,35,39,35,20-20
23,59,42,Loamy,Wheat,9,43,31,Urea
27,81,24,Loamy,Cotton,27,33,44,20-20
39,81,69,Black,Maize,34,48,5,DAP
38,55,22,Black,Sugarcane,28,45,5,DAP
32,82,29,Loamy,Wheat,4,45,26,Urea
33,74,62,Red,Maize,3,5,1,Urea
29,58,38,Loamy,Cotton,14,39,8,DAP
30,48,33,Sandy,Sugarcane,29,9,37,MOP
21,76,40,Red,Cotton,25,23,4,DAP
28,37,79,Red,Cotton,22,17,33,20-20
36,52,62,Loamy,Sugarcane,38,32,13,20-20
22,82,47,Sandy,Ground Nuts,28,38,9,DAP
25,71,40,Loamy,Rice,21,6,46,MOP
24,64,55,Sandy,Cotton,34,44,48,20-20
24,60,43,Red,Ground Nuts,47,47,6,DAP
34,82,73,Loamy,Sugarcane,46,43,19,20-20
36,64,57,Sandy,Cotton,17,28,10,20-20
28,61,36,Black,Rice,34,18,12,20-20
22,87,41,Red,Sugarcane,45,37,16,20-20
39,34,38,Red,Maize,32,38,36,20-20
36,45,64,Black,Maize,6,24,43,Urea
29,46,73,Sandy,Ground Nuts,33,16,35,20-20
22,61,29,Red,Maize,9,36,32,Urea
37,67,30,Sandy,Wheat,23,2,9,DAP
37,87,57,Black,Cotton,24,23,33,20-20
36,61,21,Loamy,Cotton,47,17,44,28-28
22,81,52,Red,Sugarcane,43,48,12,20-20
22,49,62,Red,Wheat,26,25,24,20-20
25,77,50,Sandy,Cotton,49,20,43,28-28
32,85,67,Red,Sugarcane,5,10,32,Urea
34,31,54,Loamy,Rice,48,40,9,DAP
28,49,56,Black,Cotton,7,16,23,Urea
23,76,66,Red,Ground Nuts,20,44,4,DAP
33,47,66,Black,Cotton,40,37,9,DAP
24,30,55,Sandy,Rice,18,20,38,20-20
21,87,42,Loamy,Rice,33,3,46,MOP
30,58,55,Red,Cotton,38,31,26,28-28
28,58,59,Black,Rice,42,17,49,28-28
22,48,58,Loamy,Sugarcane,22,43,35,20-20
28,73,45,Black,Cotton,12,27,32,20-20
22,69,44,Sandy,Cotton,41,35,27,28-28
21,35,36,Loamy,Maize,46,36,39,28-28
31,73,34,Loamy,Ground Nuts,38,43,42,28-28
29,68,56,Sandy,Cotton,27,49,2,DAP
28,79,64,Sandy,Maize,5,25,30,Urea
34,83,23,Red,Rice,11,48,28,20-20
27,75,41,Sandy,Ground Nuts,2,23,43,Urea
24,37,36,Sandy,Ground Nuts,47,9,44,MOP
30,53,41,Black,Rice,19,37,49,20-20
21,49,36,Loamy,Sugarcane,40,48,43,28-28
34,83,33,Black,Maize,41,7,41,MOP
25,43,33,Sandy,Cotton,44,1,20,MOP
27,34,36,Red,Maize,7,43,31,Urea
24,70,27,Black,Rice,25,34,27,20-20
35,69,53,Black,Rice,37,20,20,20-20
37,63,45,Loamy,Sugarcane,27,26,46,20-20
25,89,64,Loamy,Ground Nuts,34,22,34,20-20
24,45,49,Loamy,Ground Nuts,43,31,29,28-28
35,74,41,Red,Rice,40,25,46,28-28
32,36,35,Red,Maize,40,6,16,MOP
24,45,49,Sandy,Ground Nuts,42,32,28,28-28
32,36,35,Sandy,Cotton,37,16,47,28-28
36,56,57,Loamy,Cotton,1,7,1,Urea
37,43,73,Black,Maize,6,41,32,Urea
27,43,43,Loamy,Sugarcane,40,16,3,DAP
32,73,55,Sandy,Cotton,24,47,48,20-20
38,62,54,Black,Maize,49,41,38,28-28
22,62,25,Sandy,Maize,31,46,24,20-20
27,73,23,Red,Rice,11,47,4,DAP
21,49,37,Loamy,Ground Nuts,10,17,3,DAP
27,82,25,Loamy,Rice,9,35,28,Urea
32,76,45,Black,Ground Nuts,34,38,36,20-20
32,65,56,Loamy,Sugarcane,43,43,7,DAP
20,36,46,Sandy,Sugarcane,3,22,19,Urea
25,61,60,Sandy,Sugarcane,41,11,40,28-28
38,77,30,Red,Maize,1,22,5,Urea
35,32,57,Sandy,Maize,43,32,35,28-28
27,68,35,Black,Rice,27,27,31,20-20
20,58,38,Sandy,Cotton,42,43,4,DAP
35,53,62,Red,Ground Nuts,45,22,39,28-28
28,51,72,Red,Ground Nuts,46,6,19,MOP
32,35,34,Loamy,Sugarcane,13,46,44,20-20
30,77,45,Black,Ground Nuts,43,1,3,DAP
32,53,75,Sandy,Wheat,28,0,38,MOP
29,69,60,Red,Sugarcane,1,3,21,Urea
23,52,75,Sandy,Ground Nuts,33,7,32,MOP
25,83,50,Red,Rice,32,48,30,20-20
26,67,38,Loamy,Ground Nuts,19,28,40,20-20
24,39,76,Red,Maize,46,17,28,28-28
30,45,70,Loamy,Rice,29,36,4,DAP
32,40,43,Black,Rice,41,30,9,DAP
38,61,77,Sandy,Rice,25,5,10,MOP
29,74,28,Sandy,Wheat,19,43,49,20-20
29,35,42,Loamy,Wheat,0,23,36,Urea
30,53,23,Black,Ground Nuts,0,47,21,Urea
26,62,29,Loamy,Sugarcane,24,40,23,20-20
37,82,28,Red,Ground Nuts,32,14,20,20-20
23,80,38,Loamy,Ground Nuts,22,39,35,20-20
21,41,34,Black,Ground Nuts,10,11,15,20-20
33,85,70,Red,Maize,43,45,1,DAP
32,56,53,Sandy,Rice,14,48,14,20-20
31,67,61,Sandy,Cotton,13,13,40,20-20
26,47,38,Sandy,Sugarcane,0,26,48,Urea
21,74,68,Black,Sugarcane,32,36,25,20-20
32,68,71,Black,Rice,5,12,29,Urea
33,84,75,Black,Sugarcane,22,37,1,DAP
36,42,40,Black,Rice,25,45,28,20-20
28,82,53,Black,Sugarcane,2,37,5,Urea
36,69,70,Red,Ground Nuts,45,2,0,DAP
27,59,36,Loamy,Maize,5,15,39,Urea
21,82,37,Sandy,Sugarcane,39,11,10,20-20
32,78,36,Black,Sugarcane,24,13,22,20-20
22,70,21,Sandy,Cotton,46,33,25,28-28
35,81,70,Black,Maize,16,49,30,20-20
25,42,20,Sandy,Ground Nuts,27,30,14,20-20
38,63,62,Loamy,Maize,31,38,8,DAP
26,65,76,Sandy,Maize,28,4,33,MOP
29,59,29,Sandy,Sugarcane,22,11,38,20-20
28,54,56,Black,Wheat,40,25,16,20-20
21,31,67,Red,Sugarcane,15,16,34,20-20
34,65,75,Red,Rice,31,43,35,20-20
24,47,24,Sandy,Cotton,25,10,2,DAP
23,34,75,Red,Maize,32,32,39,20-20
39,48,74,Loamy,Rice,47,40,10,20-20
23,71,31,Loamy,Ground Nuts,18,39,27,20-20
37,47,55,Red,Rice,40,45,47,28-28
23,86,50,Red,Wheat,16,3,27,MOP
36,61,74,Loamy,Maize,37,31,45,28-28
31,50,57,Red,Sugarcane,13,30,18,20-20
36,39,70,Red,Maize,17,10,1,DAP
29,66,28,Black,Cotton,20,16,31,20-20
20,78,63,Black,Maize,45,26,43,28-28
37,51,45,Red,Rice,38,7,10,MOP
37,42,34,Red,Rice,41,20,15,20-20
33,84,35,Black,Sugarcane,47,32,10,20-20
34,46,32,Black,Sugarcane,38,49,2,DAP
31,38,44,Red,Sugarcane,27,4,41,MOP
23,53,49,Black,Ground Nuts,19,31,28,20-20
22,73,72,Loamy,Cotton,5,24,4,Urea
39,43,75,Sandy,Ground Nuts,25,7,27,MOP
31,75,26,Loamy,Ground Nuts,5,26,30,Urea
26,37,76,Black,Ground Nuts,38,25,12,20-20
30,84,74,Loamy,Maize,25,39,24,20-20
20,66,71,Sandy,Wheat,16,28,5,DAP
25,48,23,Black,Maize,39,8,2,DAP
34,57,62,Loamy,Sugarcane,1,17,21,Urea
34,75,59,Loamy,Cotton,20,6,40,MOP
38,70,57,Sandy,Ground Nuts,6,41,38,Urea
30,59,76,Black,Maize,43,20,31,28-28
21,36,49,Red,Rice,19,15,29,20-20
33,88,29,Black,Ground Nuts,2,2,6,Urea
21,87,49,Sandy,Maize,35,31,24,20-20
23,55,58,Sandy,Rice,42,9,1,DAP
36,69,26,Sandy,Maize,43,31,7,DAP
22,75,55,Sandy,Maize,18,7,49,MOP
32,83,54,Red,Ground Nuts,29,31,32,20-20
28,89,43,Black,Maize,10,49,27,20-20
26,75,58,Black,Sugarcane,12,3,9,DAP
34,40,55,Loamy,Rice,32,28,37,20-20
30,43,64,Red,Cotton,37,11,17,20-20
39,50,39,Red,Wheat,47,36,12,20-20
21,37,68,Loamy,Ground Nuts,1,35,20,Urea
34,32,51,Loamy,Rice,45,18,32,28-28
33,57,78,Black,Sugarcane,22,36,22,20-20
39,58,58,Black,Rice,49,46,0,DAP
30,52,68,Black,Cotton,48,30,43,28-28
22,47,45,Red,Ground Nuts,19,43,39,20-20
36,64,45,Red,Rice,49,25,20,20-20
31,42,55,Loamy,Sugarcane,29,44,4,DAP
34,41,62,Sandy,Ground Nuts,14,5,34,MOP
35,76,54,Sandy,Sugarcane,1,28,17,Urea
24,79,62,Sandy,Ground Nuts,29,16,37,20-20
39,34,54,Sandy,Wheat,24,19,35,20-20
25,68,31,Sandy,Cotton,3,41,46,Urea
38,40,52,Black,Wheat,0,45,28,Urea
24,87,55,Loamy,Maize,7,46,25,Urea
22,88,33,Sandy,Sugarcane,13,9,35,MOP
20,40,52,Sandy,Wheat,10,5,37,MOP
25,88,65,Sandy,Sugarcane,23,47,49,20-20
34,76,64,Black,Ground Nuts,23,31,17,20-20
21,71,64,Sandy,Sugarcane,31,1,28,MOP
22,76,43,Loamy,Maize,24,9,30,MOP
36,60,34,Black,Sugarcane,45,36,41,28-28
31,60,50,Black,Ground Nuts,27,26,12,20-20
37,42,36,Red,Ground Nuts,15,40,49,20-20
34,43,31,Red,Wheat,41,18,29,28-28
31,78,41,Black,Cotton,38,40,6,DAP
35,74,42,Sandy,Rice,15,15,39,20-20
27,71,45,Sandy,Wheat,35,19,5,DAP
33,54,33,Sandy,Maize,11,35,1,DAP
36,62,31,Sandy,Rice,11,4,7,DAP
27,62,69,Red,Sugarcane,33,17,9,DAP
34,44,23,Loamy,Wheat,37,7,48,MOP
33,45,78,Black,Rice,19,12,43,20-20
37,73,65,Sandy,Wheat,46,40,42,28-28
39,87,70,Red,Sugarcane,14,9,48,MOP
26,85,32,Loamy,Ground Nuts,21,35,47,20-20
22,67,76,Black,Wheat,15,18,21,20-20
31,35,74,Black,Maize,23,30,9,DAP
22,73,37,Black,Rice,2,35,34,Urea
39,54,62,Sandy,Rice,0,28,18,Urea
33,44,47,Black,Rice,43,44,3,DAP
34,33,57,Sandy,Wheat,46,22,18,20-20
33,85,60,Loamy,Sugarcane,37,31,40,28-28
26,33,63,Red,Wheat,16,48,19,20-20
36,59,38,Red,Wheat,40,10,48,28-28
31,63,65,Red,Ground Nuts,20,1,3,DAP
39,56,66,Black,Rice,44,31,48,28-28
23,60,62,Red,Sugarcane,46,4,25,MOP
28,85,57,Loamy,Cotton,47,30,2,DAP
25,61,65,Sandy,Sugarcane,12,12,29,20-20
35,73,22,Red,Wheat,1,21,35,Urea
21,68,38,Sandy,Maize,1,34,40,Urea
27,81,39,Sandy,Sugarcane,42,18,5,DAP
30,38,44,Red,Rice,24,28,38,20-20
32,70,30,Red,Maize,27,22,26,20-20
36,37,75,Red,Cotton,47,18,15,20-20
27,43,36,Black,Cotton,48,15,46,28-28
37,62,79,Red,Maize,25,30,15,20-20
37,52,78,Black,Cotton,34,15,45,20-20
33,50,68,Loamy,Maize,27,25,35,20-20
34,84,74,Sandy,Wheat,32,2,33,MOP
25,41,54,Loamy,Maize,17,22,38,20-20
30,86,33,Red,Wheat,13,8,23,MOP
32,31,78,Sandy,Rice,40,23,38,28-28
20,42,58,Red,Rice,8,32,5,Urea
25,88,76,Red,Cotton,43,13,19,20-20
28,33,38,Sandy,Ground Nuts,29,27,8,DAP
27,49,22,Loamy,Ground Nuts,2,23,48,Urea
30,79,53,Red,Maize,33,42,20,20-20
38,80,77,Sandy,Wheat,32,49,10,20-20
28,77,68,Loamy,Rice,26,6,47,MOP
36,88,60,Black,Rice,8,37,29,Urea
31,43,41,Loamy,Rice,12,43,0,DAP
33,59,57,Loamy,Cotton,29,24,26,20-20
34,58,75,Sandy,Rice,15,1,47,MOP
35,37,46,Loamy,Ground Nuts,41,44,48,28-28
39,41,40,Black,Sugarcane,25,0,5,DAP
20,70,60,Black,Cotton,4,22,42,Urea
29,67,50,Red,Maize,45,46,6,DAP
27,55,46,Black,Sugarcane,26,39,47,20-20
37,79,56,Red,Cotton,14,17,21,20-20
20,31,21,Black,Cotton,27,46,33,20-20
21,84,73,Loamy,Wheat,2,7,19,Urea
20,69,66,Red,Sugarcane,40,33,44,28-28
20,85,28,Black,Sugarcane,0,42,44,Urea
28,43,38,Loamy,Ground Nuts,0,7,14,Urea
32,35,61,Loamy,Sugarcane,5,28,46,Urea
20,71,55,Red,Rice,10,12,8,DAP
32,69,29,Sandy,Ground Nuts,49,0,17,MOP
39,60,78,Loamy,Rice,45,28,45,28-28
26,46,59,Loamy,Ground Nuts,15,49,45,20-20
21,54,73,Sandy,Maize,32,36,35,20-20
25,61,64,Red,Ground Nuts,23,0,45,MOP
26,41,58,Black,Maize,31,43,41,20-20
33,78,26,Black,Ground Nuts,9,4,29,Urea
37,42,23,Loamy,Maize,24,47,10,20-20
34,48,34,Sandy,Rice,9,49,32,Urea
21,73,31,Loamy,Ground Nuts,12,1,45,MOP
29,77,67,Red,Wheat,0,46,39,Urea
31,54,25,Loamy,Ground Nuts,34,21,5,DAP
36,60,79,Black,Maize,13,29,42,20-20
27,88,28,Sandy,Cotton,20,10,45,20-20
30,66,54,Red,Rice,47,28,38,28-28
22,54,27,Loamy,Wheat,37,41,21,28-28
25,45,26,Black,Cotton,0,2,38,Urea
28,86,23,Loamy,Cotton,19,44,18,20-20
25,67,77,Black,Rice,4,12,21,Urea
28,72,32,Sandy,Ground Nuts,39,2,30,MOP
26,78,38,Red,Sugarcane,43,9,41,MOP
28,87,26,Loamy,Wheat,31,3,24,MOP
37,52,29,Red,Ground Nuts,0,13,40,Urea
31,43,44,Sandy,Rice,44,22,49,28-28
27,35,63,Black,Sugarcane,40,16,48,28-28
27,54,77,Sandy,Rice,39,0,29,MOP
37,52,54,Sandy,Rice,44,14,44,28-28
39,89,77,Red,Cotton,1,1,3,Urea
34,72,44,Sandy,Ground Nuts,30,17,25,20-20
26,41,48,Loamy,Rice,46,38,6,DAP
30,42,75,Black,Ground Nuts,45,21,39,28-28
39,65,31,Sandy,Sugarcane,25,27,47,20-20
35,68,70,Loamy,Cotton,8,29,11,Urea
23,63,66,Black,Sugarcane,29,12,0,DAP
25,35,59,Red,Sugarcane,45,2,5,DAP
22,67,31,Black,Cotton,7,2,0,Urea
28,79,71,Red,Ground Nuts,4,44,7,Urea
29,81,25,Black,Sugarcane,38,25,43,28-28
33,69,79,Sandy,Maize,3,3,47,Urea
30,37,29,Red,Ground Nuts,39,15,32,28-28
37,37,21,Red,Rice,35,27,3,DAP
31,69,75,Red,Cotton,20,7,49,MOP
31,62,64,Sandy,Cotton,32,39,39,20-20
32,63,44,Sandy,Ground Nuts,25,15,5,DAP
32,73,26,Black,Maize,39,30,44,28-28
38,44,59,Black,Maize,38,22,2,DAP
38,65,42,Sandy,Maize,10,1,14,MOP
33,89,67,Sandy,Maize,20,8,5,DAP
23,86,30,Red,Wheat,47,26,5,DAP
32,64,77,Black,Cotton,21,44,36,20-20
27,75,55,Black,Sugarcane,48,21,26,28-28
38,51,68,Red,Cotton,36,43,41,28-28
31,52,67,Red,Cotton,6,33,40,Urea
37,69,70,Red,Cotton,41,8,45,MOP
25,74,42,Loamy,Maize,12,32,4,DAP
37,84,78,Loamy,Maize,19,37,38,20-20
38,80,62,Sandy,Wheat,14,33,16,20-20
24,51,26,Black,Ground Nuts,37,34,22,28-28
28,34,46,Red,Cotton,33,46,16,20-20
22,60,32,Red,Rice,35,25,40,20-20
29,42,70,Black,Ground Nuts,45,6,22,MOP
38,57,36,Loamy,Wheat,24,44,38,20-20
22,87,51,Black,Maize,28,47,32,20-20
34,49,45,Sandy,Cotton,46,44,1,DAP
20,62,76,Loamy,Maize,27,26,9,DAP
26,45,79,Black,Ground Nuts,13,11,18,20-20
31,58,41,Black,Sugarcane,3,16,39,Urea
36,52,32,Sandy,Maize,37,20,8,DAP
39,53,31,Black,Maize,6,42,14,Urea
24,63,26,Loamy,Wheat,12,21,42,20-20
23,36,20,Red,Sugarcane,16,25,23,20-20
31,67,52,Red,Ground Nuts,28,38,11,20-20
39,66,71,Red,Rice,16,12,21,20-20
37,33,74,Loamy,Rice,35,41,17,20-20
36,63,33,Black,Rice,18,41,1,DAP
38,71,78,Black,Cotton,25,44,14,20-20
28,51,66,Black,Rice,44,22,41,28-28
23,34,62,Black,Cotton,8,29,38,Urea
21,79,75,Red,Ground Nuts,1,16,8,Urea
23,71,77,Loamy,Ground Nuts,19,26,21,20-20
21,52,60,Sandy,Maize,22,19,16,20-20
34,83,36,Loamy,Rice,17,6,13,MOP
21,89,23,Black,Wheat,25,3,30,MOP
23,44,71,Black,Ground Nuts,24,48,40,20-20
25,60,70,Loamy,Sugarcane,16,30,6,DAP
26,88,58,Loamy,Sugarcane,38,29,46,28-28
29,38,20,Red,Ground Nuts,48,30,34,28-28
38,72,60,Black,Maize,9,3,33,Urea
38,87,64,Loamy,Sugarcane,24,17,2,DAP
31,82,43,Black,Sugarcane,45,19,1,DAP
22,54,53,Loamy,Maize,27,39,44,20-20
32,54,53,Black,Maize,25,39,26,20-20
37,78,43,Loamy,Maize,11,47,44,20-20
27,50,78,Black,Wheat,43,46,1,DAP
34,38,34,Sandy,Maize,48,49,40,28-28
20,84,36,Red,Maize,18,22,4,DAP
22,77,32,Sandy,Maize,22,37,20,20-20
27,67,26,Red,Ground Nuts,13,8,6,DAP
23,51,28,Red,Rice,16,15,24,20-20
35,72,63,Loamy,Ground Nuts,14,20,44,20-20
29,52,54,Sandy,Rice,20,8,0,DAP
31,78,42,Red,Wheat,37,24,8,DAP
33,33,73,Black,Wheat,29,48,1,DAP
33,58,66,Loamy,Sugarcane,18,35,2,DAP
21,44,58,Loamy,Ground Nuts,31,46,43,20-20
24,30,42,Black,Rice,28,42,36,20-20
24,83,45,Black,Wheat,21,13,43,20-20
25,59,20,Red,Wheat,19,16,3,DAP
32,58,33,Black,Ground Nuts,37,27,20,20-20
28,49,51,Loamy,Sugarcane,37,44,25,28-28
34,62,70,Black,Maize,35,40,43,20-20
33,70,67,Sandy,Cotton,0,47,36,Urea
26,73,29,Loamy,Sugarcane,18,7,13,MOP
39,65,20,Black,Cotton,42,13,45,28-28
21,89,24,Loamy,Sugarcane,25,14,9,DAP
26,51,22,Red,Sugarcane,6,38,25,Urea
25,42,68,Sandy,Maize,33,24,9,DAP
36,36,69,Red,Wheat,35,10,36,20-20
21,37,77,Sandy,Rice,5,28,17,Urea
22,57,72,Black,Sugarcane,36,2,26,MOP
24,74,46,Loamy,Maize,21,38,16,20-20
24,72,70,Black,Cotton,8,21,9,Urea
20,38,73,Red,Ground Nuts,42,36,10,20-20
27,54,76,Loamy,Ground Nuts,28,40,46,20-20
31,85,41,Black,Wheat,49,19,23,28-28
23,45,37,Black,Ground Nuts,16,18,18,20-20
32,39,35,Loamy,Sugarcane,12,12,43,20-20
34,40,21,Loamy,Cotton,16,26,15,20-20
30,60,66,Red,Sugarcane,9,18,22,Urea
29,41,32,Sandy,Ground Nuts,24,15,11,20-20
22,89,64,Sandy,Rice,17,1,18,MOP
33,60,35,Loamy,Ground Nuts,48,0,24,MOP
35,43,27,Sandy,Rice,43,2,2,DAP
29,80,62,Red,Ground Nuts,14,23,12,20-20
29,73,27,Sandy,Wheat,26,43,20,20-20
31,61,73,Loamy,Cotton,18,37,21,20-20
28,79,29,Red,Rice,14,1,46,MOP
20,82,74,Loamy,Maize,44,15,28,28-28
24,46,52,Red,Wheat,6,28,48,Urea
39,64,50,Red,Sugarcane,42,36,42,28-28
27,30,31,Loamy,Ground Nuts,39,43,24,28-28
30,58,28,Black,Cotton,15,3,22,MOP
31,80,56,Loamy,Cotton,23,13,11,20-20
20,33,28,Red,Ground Nuts,22,16,48,20-20
39,52,67,Loamy,Maize,10,43,22,20-20
30,57,37,Loamy,Rice,23,44,4,DAP
24,45,49,Red,Ground Nuts,4,16,28,Urea
34,41,51,Sandy,Cotton,38,19,4,DAP
24,82,59,Red,Maize,47,46,38,28-28
31,50,42,Loamy,Maize,29,28,34,20-20
24,74,30,Red,Sugarcane,15,40,34,20-20
36,46,39,Red,Maize,19,25,16,20-20
36,69,38,Sandy,Wheat,28,41,29,20-20
31,42,55,Black,Cotton,16,37,1,DAP
34,81,71,Loamy,Wheat,18,16,14,20-20
34,87,45,Loamy,Maize,25,11,22,20-20
25,61,29,Sandy,Maize,14,27,41,20-20
31,66,43,Red,Wheat,24,8,25,MOP
39,79,32,Black,Sugarcane,14,31,10,20-20
37,44,71,Loamy,Maize,19,33,23,20-20
33,41,65,Black,Wheat,29,15,8,DAP
21,78,72,Black,Wheat,20,47,13,20-20
28,86,53,Red,Cotton,46,30,23,28-28
24,44,48,Red,Sugarcane,34,26,6,DAP
39,63,55,Red,Rice,43,28,9,DAP
20,35,26,Loamy,Wheat,5,0,32,Urea
22,46,70,Black,Cotton,36,26,32,28-28
25,77,49,Black,Rice,10,31,45,20-20
24,78,36,Loamy,Cotton,22,10,26,20-20
24,86,67,Sandy,Cotton,43,34,7,DAP
20,49,32,Red,Ground Nuts,38,1,13,MOP
36,38,75,Loamy,Sugarcane,8,45,6,Urea
38,88,43,Red,Maize,17,0,17,MOP
33,34,73,Black,Sugarcane,45,5,25,MOP
31,52,74,Loamy,Rice,35,6,40,MOP
29,62,50,Sandy,Ground Nuts,39,1,14,MOP
39,67,77,Red,Sugarcane,47,1,32,MOP
37,85,46,Black,Maize,35,46,10,20-20
30,43,69,Black,Sugarcane,27,4,18,MOP
21,46,40,Sandy,Sugarcane,18,12,41,20-20
37,86,63,Sandy,Sugarcane,29,18,17,20-20
26,48,74,Red,Wheat,37,18,21,28-28
34,62,76,Black,Wheat,14,46,35,20-20
30,30,20,Sandy,Sugarcane,43,0,17,MOP
37,42,34,Loamy,Maize,11,34,17,20-20
31,75,22,Sandy,Maize,1,17,21,Urea
25,56,25,Loamy,Maize,8,48,24,Urea
39,35,33,Black,Maize,34,31,43,20-20
32,88,74,Red,Ground Nuts,0,31,30,Urea
39,35,57,Black,Ground Nuts,45,7,8,DAP
35,62,52,Black,Cotton,30,10,49,20-20
37,59,71,Black,Sugarcane,27,19,37,20-20
29,75,57,Black,Sugarcane,44,7,18,MOP
27,64,27,Red,Cotton,36,27,24,28-28
37,52,45,Sandy,Maize,6,20,14,Urea
20,39,34,Red,Rice,45,37,4,DAP
27,80,33,Red,Rice,15,37,10,20-20
25,48,67,Red,Cotton,49,5,12,MOP
24,80,39,Red,Rice,13,1,33,MOP
34,57,74,Sandy,Wheat,32,9,7,DAP
34,52,67,Black,Sugarcane,5,41,24,Urea
21,33,78,Sandy,Rice,20,8,26,MOP
20,49,38,Sandy,Ground Nuts,9,2,10,Urea
30,48,75,Black,Ground Nuts,31,1,17,MOP
29,71,52,Sandy,Wheat,5,35,9,Urea
37,56,55,Red,Sugarcane,1,7,32,Urea
37,86,43,Red,Wheat,38,8,35,MOP
36,63,29,Black,Sugarcane,48,25,16,20-20
27,33,71,Black,Sugarcane,26,33,48,20-20
34,85,69,Black,Rice,13,47,4,DAP
27,67,53,Red,Ground Nuts,22,29,22,20-20
36,36,55,Black,Cotton,38,37,2,DAP
31,77,66,Sandy,Rice,20,7,38,MOP
27,36,55,Sandy,Maize,40,2,36,MOP
33,79,35,Loamy,Wheat,29,10,9,DAP
23,81,34,Loamy,Maize,24,24,26,20-20
20,55,37,Black,Sugarcane,23,4,6,DAP
20,55,26,Loamy,Rice,10,11,48,20-20
38,83,66,Red,Maize,34,29,28,20-20
35,48,41,Red,Maize,3,26,48,Urea
33,38,51,Sandy,Ground Nuts,36,42,38,28-28
35,49,62,Sandy,Maize,35,4,5,DAP
24,71,38,Loamy,Ground Nuts,12,19,8,DAP
28,74,59,Loamy,Ground Nuts,8,20,7,Urea
21,79,75,Red,Sugarcane,27,2,13,MOP
37,45,20,Sandy,Ground Nuts,45,40,37,28-28
25,83,54,Loamy,Sugarcane,15,49,8,DAP
28,46,24,Red,Ground Nuts,5,43,10,Urea
20,51,69,Sandy,Ground Nuts,26,3,10,MOP
28,42,31,Red,Sugarcane,9,23,39,Urea
35,41,31,Red,Maize,22,6,34,MOP
32,39,40,Sandy,Wheat,20,23,10,20-20
28,30,78,Red,Rice,25,10,35,20-20
32,61,77,Loamy,Rice,44,1,2,DAP
28,59,38,Red,Sugarcane,2,43,44,Urea
30,37,28,Loamy,Maize,42,40,18,20-20
23,50,62,Black,Wheat,34,5,7,DAP
21,51,68,Black,Cotton,6,6,27,Urea
25,47,67,Black,Sugarcane,26,37,0,DAP
33,31,55,Red,Cotton,41,17,39,28-28
23,77,61,Black,Rice,32,44,29,20-20
25,73,73,Black,Rice,3,8,40,Urea
38,38,66,Red,Wheat,25,27,37,20-20
25,32,76,Sandy,Wheat,7,18,10,Urea
21,83,70,Red,Cotton,19,3,28,MOP
37,55,51,Loamy,Rice,16,3,30,MOP
32,50,54,Red,Wheat,4,12,9,Urea
28,59,50,Sandy,Wheat,48,27,34,28-28
38,57,79,Black,Rice,8,10,39,Urea
32,65,72,Red,Rice,7,1,28,Urea
30,55,74,Black,Maize,6,5,36,Urea
20,63,51,Loamy,Ground Nuts,36,11,1,DAP
26,37,56,Sandy,Wheat,35,39,47,20-20
34,39,51,Black,Cotton,2,36,0,Urea
20,77,62,Black,Sugarcane,7,23,31,Urea
31,84,75,Black,Sugarcane,4,8,23,Urea
26,72,56,Black,Rice,4,25,1,Urea
34,79,58,Red,Ground Nuts,16,3,2,DAP
38,83,57,Sandy,Cotton,46,40,8,DAP
20,43,49,Sandy,Maize,26,43,48,20-20
36,69,77,Black,Wheat,39,3,23,MOP
36,84,51,Sandy,Maize,38,48,11,20-20
22,44,64,Black,Cotton,48,33,33,28-28
31,46,21,Loamy,Maize,11,21,33,20-20
25,82,70,Loamy,Rice,27,12,22,20-20
30,47,30,Loamy,Sugarcane,3,14,18,Urea
22,61,78,Sandy,Rice,27,39,31,20-20
27,67,39,Black,Wheat,24,37,48,20-20
33,52,56,Red,Rice,49,40,27,28-28
33,75,28,Red,Cotton,35,42,25,20-20
29,52,57,Loamy,Cotton,41,43,48,28-28
21,64,68,Loamy,Wheat,2,1,44,Urea
33,68,38,Sandy,Wheat,30,1,11,MOP
28,44,74,Red,Sugarcane,36,42,42,28-28
22,82,59,Sandy,Maize,11,7,30,MOP
27,53,26,Loamy,Sugarcane,36,37,10,20-20
35,57,24,Black,Rice,36,17,39,28-28
21,45,66,Black,Maize,3,28,49,Urea
25,45,61,Black,Wheat,29,10,3,DAP
31,69,43,Loamy,Cotton,37,5,17,MOP
24,68,67,Sandy,Rice,41,8,28,MOP
21,35,60,Black,Sugarcane,37,21,46,28-28
35,31,26,Red,Ground Nuts,26,45,38,20-20
24,83,30,Red,Ground Nuts,21,24,46,20-20
34,42,28,Loamy,Wheat,0,30,30,Urea
31,73,68,Red,Maize,47,20,27,28-28
23,76,49,Red,Ground Nuts,42,37,26,28-28
34,88,60,Loamy,Maize,37,18,29,28-28
30,38,22,Sandy,Cotton,19,9,48,MOP
35,63,41,Black,Wheat,17,45,41,20-20
25,46,59,Loamy,Wheat,5,36,10,Urea
33,56,70,Red,Rice,48,11,13,20-20
37,58,39,Black,Rice,11,18,3,DAP
31,66,51,Black,Maize,16,1,35,MOP
30,72,67,Black,Ground Nuts,21,14,0,DAP
32,51,26,Loamy,Ground Nuts,17,37,43,20-20
30,80,79,Black,Sugarcane,9,7,38,Urea
35,53,26,Sandy,Maize,23,45,36,20-20
34,36,39,Red,Ground Nuts,19,34,32,20-20
34,63,44,Loamy,Rice,11,37,20,20-20
23,77,64,Loamy,Rice,3,42,23,Urea
30,41,54,Black,Rice,41,29,39,28-28
38,52,63,Red,Maize,4,8,49,Urea
34,44,43,Black,Wheat,25,29,12,20-20
23,62,59,Black,Sugarcane,35,48,48,20-20
32,86,32,Loamy,Sugarcane,15,18,33,20-20
38,42,71,Sandy,Rice,4,28,37,Urea
21,52,67,Red,Cotton,25,1,28,MOP
33,67,58,Red,Maize,18,27,35,20-20
23,61,23,Red,Ground Nuts,5,7,39,Urea
35,74,31,Red,Ground Nuts,23,24,46,20-20
39,79,36,Sandy,Wheat,30,9,4,DAP
33,64,20,Loamy,Rice,30,21,19,20-20
34,30,36,Sandy,Cotton,6,34,28,Urea
22,76,21,Black,Rice,9,41,10,Urea
27,87,25,Loamy,Cotton,38,23,7,DAP
35,74,63,Sandy,Sugarcane,21,25,27,20-20
29,34,77,Red,Cotton,13,30,48,20-20
23,86,30,Red,Sugarcane,27,22,40,20-20
37,42,72,Loamy,Sugarcane,41,1,17,MOP
21,83,62,Sandy,Maize,21,38,29,20-20
36,34,37,Loamy,Cotton,31,32,13,20-20
32,89,59,Red,Wheat,10,23,8,DAP
23,61,44,Sandy,Wheat,13,11,9,DAP
30,80,58,Red,Cotton,30,36,24,20-20
26,50,47,Loamy,Maize,43,8,26,MOP
31,53,65,Loamy,Wheat,3,43,1,Urea
29,89,35,Loamy,Rice,44,42,2,DAP
26,47,31,Loamy,Wheat,21,43,28,20-20
32,50,60,Loamy,Maize,28,2,36,MOP
26,83,71,Black,Sugarcane,34,43,26,20-20
36,39,48,Loamy,Sugarcane,12,22,3,DAP
29,53,42,Loamy,Sugarcane,19,23,34,20-20
29,69,40,Red,Maize,18,32,26,20-20
23,76,35,Loamy,Sugarcane,14,29,18,20-20
39,50,72,Sandy,Sugarcane,25,37,9,DAP
23,54,70,Loamy,Maize,19,42,25,20-20
26,81,67,Black,Rice,35,1,6,DAP
20,89,60,Loamy,Wheat,5,39,26,Urea
31,86,64,Red,Maize,14,21,29,20-20
32,88,45,Sandy,Maize,3,10,11,Urea
29,52,56,Sandy,Cotton,5,11,39,Urea
34,51,41,Loamy,Sugarcane,1,18,4,Urea
32,33,70,Loamy,Ground Nuts,35,19,12,20-20
28,63,29,Loamy,Rice,49,8,40,MOP
28,85,26,Loamy,Ground Nuts,14,42,3,DAP
34,35,28,Red,Cotton,11,17,1,DAP
29,57,44,Red,Rice,39,40,36,28-28
29,60,65,Sandy,Sugarcane,43,46,33,28-28
27,64,34,Loamy,Ground Nuts,40,17,49,28-28
35,68,32,Red,Sugarcane,6,39,5,Urea
36,71,61,Red,Sugarcane,21,35,25,20-20
24,52,65,Sandy,Wheat,7,26,10,Urea
23,35,45,Sandy,Rice,41,12,41,28-28
37,45,40,Black,Rice,10,46,0,DAP
38,31,42,Red,Cotton,1,7,33,Urea
23,53,63,Sandy,Maize,29,47,20,20-20
26,46,47,Red,Sugarcane,3,42,9,Urea
29,74,70,Red,Sugarcane,24,22,4,DAP
37,30,57,Loamy,Ground Nuts,20,12,25,20-20
38,35,31,Loamy,Cotton,24,6,43,MOP
23,34,43,Loamy,Rice,8,49,18,Urea
29,86,32,Loamy,Wheat,7,39,20,Urea
20,74,59,Red,Rice,4,1,33,Urea
37,89,67,Black,Wheat,45,2,28,MOP
24,84,21,Black,Wheat,27,41,37,20-20
34,79,73,Black,Rice,1,38,14,Urea
36,58,58,Red,Ground Nuts,20,22,39,20-20
22,41,31,Black,Sugarcane,48,6,15,MOP
31,68,58,Red,Wheat,7,3,17,Urea
21,76,70,Sandy,Ground Nuts,33,7,48,MOP
20,32,33,Black,Cotton,22,31,0,DAP
36,77,49,Red,Cotton,14,18,10,20-20
35,30,60,Sandy,Wheat,26,11,35,20-20
24,56,69,Loamy,Sugarcane,1,9,31,Urea
34,77,62,Sandy,Wheat,27,13,27,20-20
22,53,67,Sandy,Cotton,10,26,5,DAP
26,73,38,Black,Cotton,45,43,6,DAP
30,48,50,Loamy,Rice,20,20,39,20-20
29,88,62,Loamy,Sugarcane,41,19,23,28-28
28,37,69,Black,Rice,31,3,9,DAP
33,84,62,Sandy,Ground Nuts,31,18,29,20-20
32,73,44,Red,Ground Nuts,6,28,16,Urea
21,76,23,Black,Ground Nuts,21,6,43,MOP
22,31,69,Sandy,Maize,13,32,7,DAP
26,59,70,Red,Ground Nuts,12,7,11,MOP
37,59,32,Black,Wheat,20,10,25,20-20
22,78,55,Black,Rice,21,32,16,20-20
29,68,61,Loamy,Ground Nuts,33,24,34,20-20
26,74,73,Loamy,Sugarcane,9,32,45,Urea
28,61,56,Loamy,Ground Nuts,0,35,43,Urea
36,30,22,Red,Wheat,0,25,4,Urea
30,67,35,Black,Wheat,23,35,44,20-20
26,42,45,Loamy,Wheat,2,10,10,Urea
33,40,59,Loamy,Wheat,30,29,15,20-20
38,39,75,Black,Wheat,42,32,41,28-28
23,77,58,Red,Sugarcane,40,9,29,MOP
25,88,38,Loamy,Maize,12,28,39,20-20
29,55,65,Sandy,Cotton,3,24,5,Urea
26,85,34,Red,Maize,22,31,19,20-20
32,84,51,Loamy,Cotton,5,3,19,Urea
33,49,68,Sandy,Rice,33,38,23,20-20
23,46,40,Loamy,Wheat,40,33,26,28-28
27,46,20,Red,Rice,17,21,2,DAP
24,33,25,Black,Rice,35,12,23,20-20
20,34,46,Black,Cotton,25,35,9,DAP
23,89,42,Red,Sugarcane,32,5,24,MOP
22,52,66,Loamy,Wheat,32,16,27,20-20
28,75,50,Red,Ground Nuts,24,25,17,20-20
27,81,31,Sandy,Rice,16,23,41,20-20
20,39,40,Loamy,Maize,2,8,44,Urea
25,75,71,Red,Wheat,21,1,13,MOP
28,57,21,Black,Sugarcane,48,19,0,DAP
26,62,24,Red,Wheat,34,26,19,20-20
23,72,28,Loamy,Ground Nuts,3,5,46,Urea
32,55,39,Red,Ground Nuts,27,49,24,20-20
36,84,65,Black,Rice,12,26,11,20-20
21,79,37,Sandy,Maize,29,23,47,20-20
24,77,41,Red,Rice,46,14,38,28-28
31,58,27,Red,Sugarcane,11,47,45,20-20
27,56,53,Sandy,Cotton,2,32,8,Urea
25,47,28,Red,Ground Nuts,20,41,8,DAP
27,69,26,Black,Maize,39,9,41,MOP
37,89,49,Sandy,Ground Nuts,0,20,40,Urea
22,39,37,Black,Sugarcane,17,5,24,MOP
31,87,46,Black,Sugarcane,12,29,29,20-20
22,71,35,Black,Ground Nuts,6,22,47,Urea
25,34,40,Loamy,Rice,12,35,39,20-20
21,39,24,Sandy,Ground Nuts,16,45,27,20-20
31,79,74,Loamy,Rice,44,48,1,DAP
21,50,48,Loamy,Ground Nuts,31,2,24,MOP
25,53,66,Red,Rice,28,25,17,20-20
36,67,56,Sandy,Cotton,44,33,23,28-28
22,32,62,Red,Wheat,29,29,17,20-20
21,69,41,Loamy,Wheat,10,17,26,20-20
39,60,33,Red,Rice,13,16,43,20-20
27,70,76,Black,Rice,9,44,34,Urea
31,66,38,Loamy,Cotton,7,41,33,Urea
23,31,54,Black,Wheat,30,20,37,20-20
24,31,43,Sandy,Cotton,5,23,5,Urea
32,68,61,Red,Sugarcane,18,3,48,MOP
34,78,79,Loamy,Ground Nuts,18,48,15,20-20
35,71,25,Sandy,Wheat,11,47,22,20-20
29,73,79,Black,Rice,38,24,27,28-28
35,63,77,Red,Maize,49,23,12,20-20
31,71,22,Red,Sugarcane,17,45,11,20-20
36,49,53,Loamy,Ground Nuts,2,26,10,Urea
35,62,64,Red,Maize,8,30,46,Urea
31,33,69,Red,Cotton,5,46,48,Urea
27,74,21,Black,Ground Nuts,0,34,21,Urea
39,73,34,Black,Cotton,41,19,30,28-28
22,40,56,Black,Cotton,39,15,26,28-28
35,71,34,Sandy,Rice,28,30,26,20-20
32,76,79,Sandy,Cotton,48,6,39,MOP
38,34,51,Red,Maize,34,17,25,20-20
27,54,40,Sandy,Sugarcane,34,7,6,DAP
24,78,36,Loamy,Rice,29,26,10,20-20
39,89,53,Black,Sugarcane,34,13,21,20-20
27,66,51,Sandy,Cotton,38,17,39,28-28
31,63,69,Red,Wheat,21,0,18,MOP
20,38,66,Black,Ground Nuts,42,30,37,28-28
39,35,71,Sandy,Rice,27,19,19,20-20
25,47,42,Black,Cotton,17,5,18,MOP
37,43,54,Sandy,Rice,31,44,18,20-20
27,48,56,Red,Wheat,4,0,35,Urea
26,43,62,Sandy,Maize,33,18,46,20-20
20,69,60,Sandy,Maize,30,38,26,20-20
35,46,56,Sandy,Ground Nuts,45,26,16,20-20
31,89,76,Black,Maize,32,15,17,20-20
25,64,52,Sandy,Wheat,3,13,19,Urea
39,58,44,Sandy,Sugarcane,13,33,43,20-20
21,71,65,Sandy,Wheat,14,6,41,MOP
33,46,56,Black,Wheat,19,19,40,20-20
23,88,59,Red,Cotton,19,30,7,DAP
20,72,40,Red,Maize,48,21,39,28-28
37,37,65,Red,Rice,34,19,10,20-20
32,30,79,Sandy,Ground Nuts,3,14,29,Urea
21,74,67,Black,Sugarcane,17,24,11,20-20
28,82,57,Red,Rice,23,45,22,20-20
21,65,59,Red,Cotton,26,0,5,DAP
28,36,53,Red,Cotton,32,16,34,20-20
20,75,38,Loamy,Sugarcane,24,15,14,20-20
30,34,46,Black,Rice,4,36,37,Urea
22,53,28,Loamy,Sugarcane,17,20,27,20-20
39,57,24,Sandy,Sugarcane,44,26,6,DAP
23,72,24,Red,Maize,45,34,5,DAP
37,46,44,Sandy,Rice,19,23,26,20-20
25,66,45,Black,Maize,34,1,1,DAP
22,49,38,Sandy,Maize,5,45,5,Urea
30,32,49,Sandy,Ground Nuts,26,24,31,20-20
34,66,55,Red,Maize,27,18,28,20-20
24,55,67,Black,Wheat,10,44,33,20-20
39,44,67,Sandy,Cotton,8,12,0,Urea
29,80,35,Loamy,Cotton,27,28,14,20-20
31,77,26,Red,Wheat,18,31,9,DAP
34,37,37,Loamy,Sugarcane,38,5,9,DAP
36,42,75,Red,Rice,20,8,9,DAP
29,77,40,Sandy,Rice,30,0,36,MOP
25,32,50,Red,Rice,41,23,31,28-28
37,30,20,Sandy,Maize,6,9,35,Urea
32,38,22,Loamy,Rice,36,34,24,28-28
22,60,50,Sandy,Rice,24,5,14,MOP
29,70,44,Red,Rice,27,47,8,DAP
33,83,72,Red,Cotton,35,19,15,20-20
25,55,27,Red,Wheat,16,37,40,20-20
22,46,20,Loamy,Ground Nuts,25,11,18,20-20
35,85,26,Black,Sugarcane,27,2,45,MOP
26,63,26,Loamy,Wheat,36,17,43,28-28
39,38,27,Sandy,Rice,16,20,11,20-20
33,85,38,Sandy,Sugarcane,48,34,34,28-28
28,80,36,Loamy,Sugarcane,16,36,42,20-20
34,42,30,Loamy,Wheat,32,18,4,DAP
22,34,66,Sandy,Wheat,33,24,37,20-20
21,70,60,Sandy,Wheat,22,17,5,DAP
21,42,68,Sandy,Ground Nuts,29,39,13,20-20
22,30,30,Black,Wheat,26,29,47,20-20
37,54,57,Black,Ground Nuts,8,41,11,Urea
33,76,60,Loamy,Maize,19,41,49,20-20
39,33,69,Loamy,Cotton,22,33,21,20-20
37,65,71,Black,Ground Nuts,46,9,44,MOP
29,81,21,Red,Cotton,18,21,40,20-20
21,39,23,Black,Rice,36,49,49,28-28
20,57,69,Loamy,Maize,44,3,3,DAP
23,86,47,Black,Sugarcane,3,2,42,Urea
33,35,52,Red,Wheat,12,48,17,20-20
20,56,30,Loamy,Rice,37,48,30,28-28
33,85,22,Sandy,Sugarcane,11,27,34,20-20
35,41,59,Loamy,Cotton,8,21,3,Urea
33,81,24,Black,Sugarcane,14,11,8,DAP
39,77,71,Black,Wheat,20,48,44,20-20
22,32,40,Red,Wheat,14,12,14,20-20
22,75,41,Black,Ground Nuts,48,40,41,28-28
28,62,73,Red,Ground Nuts,4,32,20,Urea
25,39,56,Loamy,Cotton,4,46,31,Urea
32,60,79,Black,Wheat,24,18,8,DAP
21,44,30,Loamy,Maize,23,40,47,20-20
27,36,63,Sandy,Rice,36,16,31,28-28
21,65,41,Sandy,Cotton,30,46,15,20-20
23,43,60,Red,Cotton,45,33,44,28-28
34,85,72,Black,Sugarcane,33,3,4,DAP
23,77,32,Loamy,Cotton,40,38,41,28-28
32,43,73,Loamy,Rice,13,7,30,MOP
31,32,71,Black,Maize,26,32,24,20-20
32,78,22,Loamy,Sugarcane,46,0,0,DAP
33,82,32,Black,Rice,3,4,2,Urea
39,75,47,Black,Ground Nuts,22,31,20,20-20
37,79,73,Sandy,Cotton,37,39,27,28-28
25,32,30,Black,Wheat,45,0,2,DAP
30,51,30,Loamy,Ground Nuts,4,34,41,Urea
21,48,40,Black,Wheat,26,21,31,20-20
38,64,71,Sandy,Rice,42,28,31,28-28
38,41,40,Sandy,Maize,13,16,48,20-20
24,83,26,Red,Wheat,6,29,29,Urea
38,34,36,Loamy,Rice,45,34,49,28-28
21,39,67,Black,Sugarcane,44,0,12,MOP
29,70,33,Loamy,Cotton,17,3,33,MOP
21,62,52,Loamy,Maize,31,8,47,MOP
30,42,30,Black,Maize,1,44,3,Urea
37,64,32,Sandy,Sugarcane,40,31,17,20-20
34,80,20,Loamy,Maize,42,4,31,MOP
28,61,53,Red,Rice,19,13,13,20-20
38,40,28,Loamy,Maize,28,25,31,20-20
28,77,32,Sandy,Maize,42,22,5,DAP
22,67,56,Red,Maize,25,45,42,20-20
28,53,49,Red,Rice,37,21,16,20-20
33,64,60,Red,Ground Nuts,0,26,7,Urea
38,48,64,Red,Cotton,4,24,34,Urea
26,35,56,Black,Wheat,13,35,23,20-20
35,69,66,Black,Ground Nuts,24,3,2,DAP
35,83,26,Black,Maize,47,31,16,20-20
20,74,33,Red,Sugarcane,8,8,35,Urea
23,73,67,Sandy,Sugarcane,29,1,39,MOP
23,71,25,Loamy,Rice,18,41,16,20-20
26,64,53,Red,Cotton,39,49,29,28-28
27,33,35,Sandy,Maize,7,38,24,Urea
36,62,70,Loamy,Rice,15,45,21,20-20
24,42,56,Red,Wheat,49,24,36,28-28
26,85,55,Loamy,Cotton,7,46,10,Urea
39,65,65,Black,Cotton,22,9,11,MOP
39,83,78,Black,Rice,8,36,20,Urea
23,72,25,Black,Ground Nuts,31,24,14,20-20
25,48,27,Sandy,Sugarcane,36,39,11,20-20
26,72,43,Black,Ground Nuts,33,28,21,20-20
37,41,22,Sandy,Cotton,45,36,38,28-28
24,40,23,Black,Sugarcane,17,4,34,MOP
39,35,51,Black,Cotton,44,13,41,28-28
22,41,20,Black,Cotton,43,32,15,20-20
26,56,53,Sandy,Cotton,14,26,32,20-20
33,70,64,Loamy,Wheat,14,4,42,MOP
26,54,28,Sandy,Sugarcane,28,43,48,20-20
24,71,31,Red,Wheat,22,14,13,20-20
24,32,29,Red,Sugarcane,22,2,17,MOP
21,32,29,Sandy,Wheat,0,0,43,Urea
25,49,69,Sandy,Wheat,21,23,15,20-20
34,57,63,Loamy,Wheat,6,11,39,Urea
29,52,73,Sandy,Rice,44,44,2,DAP
26,77,67,Black,Wheat,31,13,42,20-20
24,32,42,Loamy,Ground Nuts,27,41,25,20-20
20,71,25,Sandy,Ground Nuts,49,19,14,20-20
32,53,43,Sandy,Cotton,31,13,35,20-20
37,72,76,Red,Maize,32,13,26,20-20
32,69,43,Loamy,Wheat,42,44,47,28-28
37,35,40,Red,Maize,12,34,16,20-20
24,49,75,Sandy,Maize,27,18,13,20-20
32,40,61,Loamy,Cotton,8,19,1,Urea
23,61,50,Black,Maize,47,41,26,28-28
36,89,66,Sandy,Maize,42,43,46,28-28
22,56,77,Sandy,Ground Nuts,2,22,23,Urea
36,50,60,Red,Maize,16,33,39,20-20
30,73,49,Black,Sugarcane,33,0,44,MOP
39,77,75,Sandy,Wheat,31,3,34,MOP
23,79,53,Red,Wheat,8,39,3,Urea
21,42,37,Red,Maize,40,16,25,28-28
39,51,31,Sandy,Cotton,47,25,35,28-28
35,64,54,Loamy,Sugarcane,0,13,3,Urea
37,76,26,Sandy,Cotton,48,45,33,28-28
27,51,60,Black,Cotton,41,31,12,20-20
22,57,59,Sandy,Maize,19,35,39,20-20
28,50,44,Loamy,Rice,4,19,40,Urea
39,75,25,Red,Maize,39,15,0,DAP
25,47,20,Black,Ground Nuts,44,18,0,DAP
29,60,65,Black,Rice,20,44,8,DAP
29,89,35,Black,Sugarcane,4,38,10,Urea
32,75,79,Black,Rice,3,23,15,Urea
36,66,67,Loamy,Maize,7,13,28,Urea
28,50,23,Loamy,Maize,24,28,35,20-20
36,43,48,Loamy,Cotton,6,41,14,Urea
28,54,57,Loamy,Maize,36,13,38,28-28
28,56,66,Red,Ground Nuts,41,10,1,DAP
20,69,47,Sandy,Maize,31,10,9,DAP
21,89,41,Loamy,Wheat,16,46,48,20-20
35,89,27,Sandy,Wheat,27,39,10,20-20
20,52,51,Black,Cotton,5,23,29,Urea
29,60,52,Red,Rice,41,21,22,28-28
37,76,32,Red,Rice,47,48,21,28-28
27,89,46,Sandy,Wheat,41,20,41,28-28
30,58,37,Sandy,Ground Nuts,35,5,35,MOP
21,76,37,Sandy,Sugarcane,1,13,28,Urea
27,59,32,Red,Ground Nuts,30,8,44,MOP
27,80,41,Loamy,Wheat,0,34,31,Urea
36,55,33,Red,Ground Nuts,2,43,32,Urea
34,49,30,Loamy,Sugarcane,12,35,38,20-20
36,67,58,Black,Rice,30,24,8,DAP
32,48,69,Loamy,Wheat,28,14,0,DAP
38,56,72,Sandy,Maize,43,44,17,20-20
24,54,41,Loamy,Sugarcane,32,27,49,20-20
31,69,55,Loamy,Sugarcane,9,49,47,Urea
20,67,36,Red,Sugarcane,37,13,21,28-28
24,81,70,Sandy,Rice,8,12,47,Urea
27,52,51,Black,Ground Nuts,0,40,36,Urea
32,58,33,Loamy,Cotton,43,30,13,20-20
27,44,61,Black,Maize,36,4,21,MOP
30,88,76,Sandy,Wheat,31,18,32,20-20
20,32,48,Loamy,Ground Nuts,32,7,5,DAP
32,39,25,Red,Sugarcane,1,12,26,Urea
38,44,69,Black,Rice,45,40,5,DAP
22,85,76,Red,Sugarcane,1,16,43,Urea
36,45,23,Black,Ground Nuts,4,31,49,Urea
24,46,30,Sandy,Wheat,9,4,40,Urea
39,48,64,Loamy,Maize,37,8,15,MOP
27,40,59,Black,Sugarcane,36,42,46,28-28
33,77,29,Red,Rice,1,33,1,Urea
23,34,74,Black,Rice,40,44,36,28-28
30,34,47,Black,Cotton,41,0,28,MOP
39,87,30,Black,Rice,39,39,22,28-28
34,43,54,Black,Cotton,24,14,20,20-20
38,79,34,Black,Maize,37,31,12,20-20
26,55,27,Black,Wheat,36,33,0,DAP
38,37,39,Red,Cotton,17,34,28,20-20
38,34,69,Black,Sugarcane,26,48,47,20-20
30,36,78,Black,Ground Nuts,19,49,6,DAP
24,45,40,Black,Sugarcane,49,27,30,28-28
24,84,20,Loamy,Wheat,33,16,44,20-20
27,43,48,Sandy,Rice,43,45,21,28-28
29,66,43,Sandy,Ground Nuts,7,10,15,Urea
25,85,49,Sandy,Sugarcane,3,22,27,Urea
34,70,59,Red,Ground Nuts,29,25,43,20-20
35,33,54,Red,Cotton,35,45,38,20-20
36,65,52,Red,Wheat,8,4,24,Urea
27,77,39,Black,Sugarcane,40,25,13,20-20
27,85,76,Sandy,Rice,11,5,49,MOP
28,46,35,Black,Ground Nuts,13,42,20,20-20
21,76,28,Loamy,Rice,34,33,18,20-20
34,65,50,Sandy,Ground Nuts,5,41,12,Urea
37,35,36,Loamy,Sugarcane,46,12,1,DAP
22,45,78,Loamy,Wheat,22,24,35,20-20
36,58,50,Black,Maize,3,1,13,Urea
23,65,67,Sandy,Sugarcane,0,13,33,Urea
23,67,42,Loamy,Rice,8,16,17,Urea
33,66,25,Sandy,Maize,47,40,23,28-28
28,77,49,Loamy,Wheat,8,39,29,Urea
28,86,74,Loamy,Rice,43,39,18,20-20
37,77,26,Black,Wheat,45,38,35,28-28
29,39,75,Sandy,Ground Nuts,14,24,20,20-20
23,70,67,Black,Sugarcane,23,26,18,20-20
31,65,59,Black,Wheat,47,47,25,28-28
27,58,61,Black,Rice,7,23,34,Urea
21,43,65,Black,Sugarcane,27,48,39,20-20
32,33,30,Black,Rice,41,32,3,DAP
35,73,53,Loamy,Rice,45,26,20,20-20
21,85,31,Sandy,Maize,16,44,2,DAP
30,71,79,Sandy,Cotton,34,30,4,DAP
29,65,79,Black,Wheat,30,47,42,20-20
34,79,71,Sandy,Wheat,3,37,28,Urea
36,74,71,Loamy,Maize,47,14,18,20-20
27,42,64,Black,Ground Nuts,13,43,16,20-20
37,75,66,Red,Wheat,24,39,33,20-20
28,47,46,Red,Maize,45,0,19,MOP
27,62,77,Loamy,Wheat,47,10,27,28-28
33,50,31,Loamy,Wheat,39,14,8,DAP
37,45,32,Red,Rice,49,32,2,DAP
39,44,27,Black,Maize,6,47,9,Urea
39,83,35,Loamy,Ground Nuts,30,31,20,20-20
31,86,48,Red,Wheat,34,24,40,20-20
38,34,54,Black,Ground Nuts,37,38,3,DAP
33,35,79,Loamy,Cotton,19,32,21,20-20
36,67,48,Sandy,Maize,15,28,6,DAP
22,32,50,Sandy,Maize,21,33,11,20-20
26,77,32,Sandy,Maize,35,7,10,MOP
36,41,31,Black,Rice,18,10,21,20-20
31,65,70,Loamy,Maize,1,12,28,Urea
28,62,21,Red,Rice,3,4,26,Urea
34,65,52,Loamy,Cotton,33,49,46,20-20
37,62,27,Sandy,Sugarcane,6,18,19,Urea
32,60,60,Sandy,Rice,46,20,13,20-20
27,50,76,Black,Wheat,48,2,6,DAP
33,56,78,Red,Maize,13,25,14,20-20
27,56,59,Black,Sugarcane,42,32,45,28-28
33,37,72,Red,Rice,31,29,27,20-20
26,85,68,Loamy,Ground Nuts,16,21,42,20-20
31,66,60,Black,Ground Nuts,36,4,9,DAP
30,61,51,Black,Wheat,13,18,2,DAP
30,55,57,Black,Sugarcane,16,8,11,MOP
32,31,47,Sandy,Cotton,31,23,12,20-20
37,41,34,Sandy,Rice,1,38,38,Urea
21,51,42,Red,Ground Nuts,38,11,43,28-28
34,46,43,Loamy,Ground Nuts,3,45,33,Urea
39,36,32,Black,Rice,39,47,0,DAP
37,72,40,Sandy,Ground Nuts,29,44,37,20-20
34,33,73,Black,Cotton,29,26,24,20-20
38,66,31,Red,Ground Nuts,32,49,18,20-20
31,67,32,Red,Rice,41,41,24,28-28
32,61,58,Loamy,Maize,0,20,5,Urea
30,40,42,Red,Ground Nuts,32,37,44,20-20
24,30,69,Black,Rice,35,34,3,DAP
20,54,65,Loamy,Maize,48,31,25,28-28
22,71,62,Loamy,Ground Nuts,30,35,25,20-20
38,81,47,Sandy,Ground Nuts,36,32,25,28-28
26,53,33,Black,Rice,13,42,13,20-20
31,82,36,Red,Wheat,5,16,31,Urea
34,72,43,Sandy,Wheat,6,4,47,Urea
24,85,72,Black,Sugarcane,39,43,27,28-28
34,46,77,Black,Wheat,23,19,1,DAP
27,37,53,Loamy,Cotton,49,22,40,28-28
29,88,70,Loamy,Sugarcane,3,38,44,Urea
35,74,67,Black,Wheat,24,3,20,MOP
27,56,41,Sandy,Maize,2,25,45,Urea
20,81,29,Loamy,Rice,27,29,13,20-20
31,47,73,Loamy,Wheat,22,47,36,20-20
24,56,27,Black,Maize,35,46,1,DAP
22,51,40,Black,Sugarcane,47,45,4,DAP
20,45,56,Loamy,Rice,12,28,37,20-20
23,31,26,Sandy,Wheat,21,33,1,DAP
27,34,45,Loamy,Sugarcane,24,9,0,DAP
22,47,32,Black,Wheat,42,19,47,28-28
29,32,35,Loamy,Sugarcane,23,23,21,20-20
21,56,49,Black,Wheat,42,33,40,28-28
30,83,50,Loamy,Maize,36,36,24,28-28
29,46,24,Black,Cotton,32,12,45,20-20
33,45,51,Black,Maize,13,22,29,20-20
26,35,35,Sandy,Rice,23,9,8,DAP
21,80,66,Black,Wheat,21,21,36,20-20
28,36,28,Loamy,Cotton,36,44,46,28-28
35,79,41,Black,Cotton,22,13,9,DAP
32,43,74,Red,Rice,5,24,14,Urea
28,67,63,Loamy,Rice,18,17,48,20-20
39,69,59,Sandy,Cotton,11,19,2,DAP
23,44,64,Loamy,Rice,25,27,7,DAP
29,76,56,Sandy,Rice,28,7,24,MOP
31,76,33,Red,Wheat,13,4,35,MOP
36,77,35,Sandy,Maize,16,20,42,20-20
33,62,62,Black,Ground Nuts,29,19,45,20-20
33,72,39,Red,Sugarcane,6,43,49,Urea
21,56,63,Red,Cotton,20,15,20,20-20
39,58,34,Sandy,Sugarcane,0,19,33,Urea
30,86,75,Loamy,Cotton,48,24,26,28-28
35,66,63,Sandy,Cotton,37,6,8,DAP
38,34,45,Sandy,Maize,3,24,9,Urea
25,58,28,Red,Cotton,45,35,26,28-28
38,61,20,Black,Cotton,7,9,24,Urea
24,89,54,Loamy,Maize,17,39,12,20-20
23,82,63,Sandy,Rice,44,15,3,DAP
34,35,39,Black,Ground Nuts,7,3,15,Urea
23,31,64,Black,Sugarcane,30,9,11,MOP
39,35,74,Loamy,Cotton,30,47,24,20-20
29,75,25,Black,Maize,27,30,47,20-20
22,72,61,Sandy,Cotton,47,11,48,28-28
24,33,29,Red,Maize,36,19,15,20-20
25,85,67,Black,Sugarcane,2,31,38,Urea
27,58,78,Red,Wheat,44,1,1,DAP
26,88,52,Loamy,Rice,14,10,8,DAP
29,54,35,Loamy,Wheat,3,19,43,Urea
25,38,55,Black,Maize,34,22,12,20-20
33,85,25,Red,Cotton,33,12,13,20-20
23,32,38,Sandy,Rice,35,34,11,20-20
32,55,50,Red,Sugarcane,5,16,34,Urea
39,77,21,Black,Ground Nuts,3,9,21,Urea
36,72,37,Red,Rice,48,39,20,20-20
26,56,61,Red,Cotton,29,37,47,20-20
23,65,47,Loamy,Wheat,38,13,49,28-28
33,61,79,Black,Maize,17,18,2,DAP
22,30,23,Red,Wheat,21,31,21,20-20
24,86,20,Black,Rice,9,32,8,Urea
35,82,66,Sandy,Ground Nuts,48,42,46,28-28
39,83,61,Black,Cotton,28,24,39,20-20
23,45,69,Sandy,Maize,22,24,41,20-20
21,80,35,Black,Cotton,3,13,2,Urea
37,77,64,Black,Cotton,18,44,30,20-20
38,40,77,Red,Ground Nuts,25,43,36,20-20
38,55,66,Red,Rice,6,37,5,Urea
36,69,21,Sandy,Wheat,12,35,13,20-20
33,84,71,Sandy,Cotton,2,23,18,Urea
38,30,55,Loamy,Cotton,39,40,17,20-20
32,55,20,Red,Cotton,10,38,6,DAP
31,57,58,Sandy,Maize,15,38,35,20-20
25,82,42,Red,Cotton,19,12,28,20-20
23,87,45,Black,Cotton,22,1,2,DAP
38,38,30,Loamy,Rice,22,33,12,20-20
35,89,77,Red,Cotton,31,14,35,20-20
32,88,61,Red,Ground Nuts,40,47,40,28-28
23,73,20,Red,Ground Nuts,41,1,24,MOP
36,51,30,Red,Cotton,37,24,27,28-28
20,37,43,Sandy,Ground Nuts,2,4,37,Urea
37,87,29,Sandy,Rice,7,33,10,Urea
39,78,33,Loamy,Maize,37,38,40,28-28
36,71,33,Black,Ground Nuts,39,4,8,DAP
34,56,26,Black,Ground Nuts,13,42,21,20-20
30,68,42,Loamy,Wheat,7,7,20,Urea
32,48,62,Black,Rice,10,48,18,20-20
20,54,41,Sandy,Ground Nuts,41,13,32,28-28
36,67,79,Red,Maize,41,28,3,DAP
25,50,55,Black,Wheat,42,29,32,28-28
23,53,46,Red,Cotton,32,36,44,20-20
39,53,75,Red,Rice,14,3,15,MOP
35,89,21,Sandy,Ground Nuts,36,34,43,28-28
34,89,58,Red,Cotton,13,6,0,DAP
34,48,70,Black,Rice,25,25,14,20-20
25,79,65,Sandy,Wheat,7,31,21,Urea
34,76,38,Loamy,Ground Nuts,48,42,31,28-28
33,31,26,Sandy,Maize,3,32,36,Urea
30,43,31,Black,Rice,35,23,22,20-20
26,82,22,Sandy,Maize,17,49,32,20-20
28,61,66,Black,Cotton,26,0,48,MOP
35,71,24,Black,Cotton,18,28,39,20-20
24,61,27,Sandy,Wheat,2,47,21,Urea
39,57,33,Black,Wheat,8,44,39,Urea
29,77,55,Loamy,Sugarcane,38,37,46,28-28
37,68,26,Black,Sugarcane,1,37,11,Urea
22,69,26,Loamy,Wheat,8,20,47,Urea
32,71,69,Loamy,Ground Nuts,5,22,17,Urea
30,76,65,Black,Cotton,37,45,31,28-28
36,69,51,Red,Maize,27,4,2,DAP
32,42,27,Loamy,Wheat,47,29,35,28-28
25,41,77,Loamy,Ground Nuts,33,39,46,20-20
36,37,31,Sandy,Maize,28,17,45,20-20
32,44,29,Loamy,Sugarcane,47,5,0,DAP
38,55,33,Loamy,Maize,2,4,24,Urea
38,41,28,Loamy,Wheat,15,41,19,20-20
29,72,57,Loamy,Cotton,43,17,16,20-20
22,80,49,Red,Wheat,34,12,48,20-20
33,75,24,Loamy,Rice,10,19,21,20-20
38,56,20,Black,Ground Nuts,42,37,49,28-28
24,47,20,Red,Ground Nuts,22,20,32,20-20
24,74,76,Loamy,Ground Nuts,29,3,25,MOP
39,65,39,Black,Rice,47,12,26,28-28
36,78,68,Black,Rice,4,17,33,Urea
29,80,30,Red,Cotton,7,12,22,Urea
24,56,45,Red,Ground Nuts,42,12,15,20-20
23,38,63,Black,Wheat,42,38,13,20-20
25,84,22,Red,Rice,49,36,49,28-28
23,68,25,Red,Wheat,9,34,40,Urea
26,30,62,Sandy,Sugarcane,27,37,13,20-20
26,36,64,Red,Ground Nuts,35,39,44,20-20
37,55,30,Sandy,Rice,9,26,25,Urea
22,36,27,Red,Rice,13,25,45,20-20
20,81,48,Red,Cotton,37,11,48,28-28
23,36,29,Black,Wheat,36,1,26,MOP
25,37,53,Sandy,Cotton,46,42,39,28-28
28,45,43,Red,Cotton,4,19,3,Urea
33,32,65,Loamy,Wheat,5,34,8,Urea
31,74,67,Red,Sugarcane,29,9,26,MOP
39,39,36,Black,Wheat,18,7,42,MOP
23,79,51,Black,Sugarcane,48,39,38,28-28
31,36,30,Black,Cotton,13,45,14,20-20
29,50,53,Sandy,Sugarcane,10,35,24,20-20
26,82,43,Sandy,Ground Nuts,45,30,17,20-20
22,66,74,Sandy,Sugarcane,4,14,29,Urea
33,60,24,Loamy,Sugarcane,44,41,36,28-28
29,52,48,Sandy,Rice,30,17,15,20-20
35,86,67,Black,Rice,43,14,11,20-20
35,56,67,Sandy,Cotton,31,18,16,20-20
29,85,77,Sandy,Wheat,23,23,24,20-20
32,51,53,Red,Sugarcane,9,34,14,Urea
25,68,35,Sandy,Ground Nuts,12,1,24,MOP
31,86,44,Red,Rice,46,12,20,20-20
28,56,56,Sandy,Wheat,12,44,18,20-20
32,83,27,Red,Ground Nuts,35,8,23,MOP
23,78,48,Black,Sugarcane,21,34,6,DAP
30,33,71,Sandy,Wheat,8,1,11,Urea
39,53,65,Black,Ground Nuts,18,45,48,20-20
37,52,44,Sandy,Maize,6,15,38,Urea
30,77,61,Loamy,Ground Nuts,14,45,10,20-20
23,48,42,Loamy,Ground Nuts,16,35,32,20-20
37,71,53,Black,Sugarcane,45,1,48,MOP
20,32,22,Black,Wheat,13,15,24,20-20
26,56,49,Loamy,Sugarcane,40,7,38,MOP
25,32,69,Loamy,Sugarcane,47,0,33,MOP
34,57,72,Red,Maize,1,17,10,Urea
37,46,53,Sandy,Ground Nuts,13,40,15,20-20
30,60,51,Loamy,Wheat,3,25,31,Urea
39,39,72,Black,Cotton,2,43,14,Urea
34,78,48,Black,Rice,2,4,39,Urea
35,51,28,Loamy,Sugarcane,10,20,14,20-20
26,59,21,Black,Sugarcane,4,34,6,Urea
29,78,76,Sandy,Sugarcane,47,39,36,28-28
31,50,58,Red,Sugarcane,28,27,39,20-20
33,65,26,Sandy,Rice,27,25,1,DAP
24,82,65,Red,Cotton,22,31,5,DAP
37,52,24,Red,Maize,29,47,35,20-20
24,67,27,Loamy,Cotton,22,49,38,20-20
22,41,51,Black,Rice,40,43,37,28-28
24,54,74,Red,Wheat,21,43,27,20-20
36,83,73,Loamy,Maize,42,20,21,28-28
38,86,37,Black,Maize,11,3,36,MOP
38,49,57,Black,Wheat,26,41,4,DAP
31,78,65,Red,Ground Nuts,39,40,17,20-20
28,78,37,Black,Sugarcane,45,35,10,20-20
20,71,68,Sandy,Rice,48,23,7,DAP
37,36,60,Black,Wheat,14,32,19,20-20
23,58,64,Sandy,Cotton,46,4,10,MOP
29,77,35,Black,Cotton,22,2,26,MOP
26,58,40,Red,Ground Nuts,43,10,28,28-28
20,42,29,Red,Wheat,40,44,24,28-28
36,32,61,Loamy,Rice,43,31,18,20-20
21,31,23,Sandy,Ground Nuts,18,21,1,DAP
30,45,63,Sandy,Ground Nuts,43,10,41,28-28
28,59,78,Red,Ground Nuts,10,37,38,20-20
26,67,27,Red,Maize,37,21,43,28-28
36,35,66,Red,Maize,39,3,1,DAP
36,74,72,Sandy,Sugarcane,42,38,6,DAP
21,36,74,Loamy,Rice,2,2,30,Urea
25,34,38,Sandy,Cotton,15,9,32,MOP
33,85,66,Red,Cotton,31,36,10,20-20
25,36,59,Loamy,Sugarcane,37,18,39,28-28
21,63,59,Black,Cotton,8,17,39,Urea
20,61,70,Black,Ground Nuts,40,27,45,28-28
29,78,28,Red,Sugarcane,37,30,12,20-20
24,42,49,Loamy,Sugarcane,4,16,9,Urea
21,59,75,Red,Wheat,0,23,48,Urea
35,54,36,Sandy,Maize,34,0,37,MOP
21,50,59,Sandy,Rice,34,4,19,MOP
29,89,63,Loamy,Rice,11,31,20,20-20
21,88,78,Red,Maize,35,16,13,20-20
35,50,34,Red,Ground Nuts,20,20,23,20-20
35,57,23,Black,Rice,47,40,39,28-28
38,77,25,Loamy,Cotton,42,42,6,DAP
26,87,35,Red,Cotton,7,21,4,Urea
31,49,45,Sandy,Rice,26,38,5,DAP
34,63,76,Red,Wheat,8,38,39,Urea
27,34,56,Red,Rice,27,33,34,20-20
25,47,42,Sandy,Sugarcane,29,13,8,DAP
29,89,32,Sandy,Ground Nuts,13,15,41,20-20
22,68,66,Red,Sugarcane,22,4,0,DAP
38,72,36,Sandy,Maize,28,17,38,20-20
36,86,76,Black,Ground Nuts,25,3,19,MOP
26,86,73,Black,Ground Nuts,21,43,5,DAP
39,40,46,Black,Cotton,14,27,31,20-20
23,83,71,Sandy,Ground Nuts,8,44,12,Urea
33,46,41,Sandy,Wheat,25,26,38,20-20
39,77,56,Sandy,Rice,16,5,39,MOP
34,74,38,Loamy,Sugarcane,8,10,20,Urea
27,51,58,Sandy,Cotton,2,46,36,Urea
34,66,54,Black,Cotton,15,20,11,20-20
39,49,32,Black,Wheat,12,16,5,DAP
33,77,33,Black,Wheat,25,30,14,20-20
28,89,67,Loamy,Wheat,16,33,20,20-20
27,83,50,Red,Wheat,31,12,20,20-20
36,83,64,Black,Sugarcane,23,22,27,20-20
21,77,21,Loamy,Wheat,35,0,35,MOP
22,77,65,Red,Cotton,21,3,16,MOP
27,75,71,Loamy,Cotton,8,29,45,Urea
31,35,58,Loamy,Ground Nuts,21,30,6,DAP
20,63,56,Red,Rice,40,46,22,28-28
29,43,33,Sandy,Cotton,49,15,44,28-28
39,77,28,Sandy,Cotton,45,42,21,28-28
22,52,29,Black,Sugarcane,19,2,9,DAP
25,49,26,Red,Ground Nuts,2,11,17,Urea
26,42,47,Black,Cotton,35,11,1,DAP
39,76,65,Loamy,Maize,32,10,11,20-20
37,73,44,Sandy,Cotton,17,15,44,20-20
30,70,65,Black,Rice,35,28,38,20-20
38,61,76,Black,Rice,9,20,49,Urea
24,55,47,Sandy,Ground Nuts,35,44,21,20-20
38,79,21,Loamy,Ground Nuts,20,43,42,20-20
30,82,36,Black,Wheat,24,41,21,20-20
31,43,78,Black,Sugarcane,48,42,41,28-28
29,81,71,Red,Rice,39,49,21,28-28
27,86,23,Red,Maize,8,4,5,Urea
28,65,32,Sandy,Maize,47,12,45,28-28
23,37,37,Sandy,Wheat,26,16,36,20-20
24,69,22,Loamy,Sugarcane,14,11,19,20-20
27,51,70,Loamy,Sugarcane,31,16,5,DAP
28,51,56,Black,Ground Nuts,47,0,8,DAP
34,45,52,Red,Cotton,43,7,28,MOP
34,56,60,Loamy,Maize,49,15,36,28-28
35,85,43,Black,Maize,38,14,4,DAP
33,89,27,Black,Maize,15,18,12,20-20
27,89,54,Sandy,Maize,27,24,26,20-20
37,39,21,Red,Rice,5,30,22,Urea
29,54,52,Black,Sugarcane,5,41,36,Urea
39,60,31,Sandy,Cotton,37,1,45,MOP
25,50,41,Black,Rice,46,24,33,28-28
31,56,32,Red,Sugarcane,1,30,24,Urea
21,46,29,Black,Wheat,40,3,36,MOP
26,62,36,Black,Maize,39,3,22,MOP
35,60,62,Loamy,Cotton,6,11,27,Urea
22,79,24,Loamy,Sugarcane,26,16,25,20-20
32,71,76,Sandy,Wheat,27,20,11,20-20
22,55,78,Black,Maize,15,28,38,20-20
37,50,28,Sandy,Wheat,46,21,2,DAP
30,65,32,Red,Wheat,8,35,8,Urea
27,30,79,Sandy,Rice,14,39,46,20-20
25,33,71,Black,Wheat,33,15,14,20-20
20,33,42,Loamy,Rice,19,14,7,DAP
20,55,49,Loamy,Ground Nuts,13,29,27,20-20
27,33,62,Sandy,Rice,10,45,25,20-20
24,78,74,Loamy,Wheat,29,10,15,20-20
35,38,23,Black,Sugarcane,2,12,33,Urea
30,59,40,Black,Wheat,1,22,19,Urea
24,80,62,Red,Wheat,49,39,0,DAP
23,74,28,Loamy,Sugarcane,13,40,23,20-20
25,33,26,Loamy,Maize,28,33,28,20-20
33,34,35,Red,Cotton,4,19,3,Urea
38,74,42,Sandy,Ground Nuts,43,1,3,DAP
28,52,77,Red,Maize,45,7,37,MOP
31,45,42,Loamy,Wheat,5,17,2,Urea
30,51,50,Sandy,Maize,7,6,39,Urea
33,66,76,Black,Cotton,38,42,1,DAP
35,37,24,Black,Maize,38,30,28,28-28
20,77,25,Red,Cotton,43,21,48,28-28
32,62,70,Black,Maize,28,27,27,20-20
32,84,20,Loamy,Rice,38,24,11,20-20
21,89,78,Red,Wheat,43,0,43,MOP
23,67,67,Loamy,Cotton,26,31,14,20-20
25,72,47,Loamy,Ground Nuts,15,24,49,20-20
24,45,37,Sandy,Wheat,26,47,40,20-20
22,34,43,Sandy,Rice,38,15,30,28-28
20,45,32,Sandy,Maize,39,28,36,28-28
23,36,52,Black,Wheat,0,41,31,Urea
39,80,29,Sandy,Maize,44,23,21,28-28
21,30,26,Loamy,Maize,32,16,2,DAP
24,38,56,Red,Wheat,49,41,16,20-20
22,47,51,Red,Cotton,38,5,28,MOP
28,74,64,Loamy,Cotton,26,13,11,20-20
39,87,41,Black,Wheat,16,25,13,20-20
25,76,35,Red,Cotton,14,27,7,DAP
37,32,43,Loamy,Sugarcane,21,46,40,20-20
25,53,71,Loamy,Maize,18,35,1,DAP
38,57,73,Loamy,Wheat,27,30,33,20-20
31,39,33,Red,Ground Nuts,22,26,23,20-20
30,38,30,Red,Rice,35,1,47,MOP
21,42,38,Sandy,Wheat,48,18,19,20-20
34,77,42,Sandy,Wheat,38,27,42,28-28
31,64,53,Loamy,Maize,47,44,9,DAP
31,83,79,Loamy,Rice,48,43,39,28-28
28,52,59,Loamy,Maize,19,20,6,DAP
21,76,32,Loamy,Ground Nuts,46,44,0,DAP
22,46,58,Red,Cotton,8,14,9,Urea
31,75,63,Sandy,Wheat,22,33,4,DAP
35,36,47,Black,Maize,44,39,39,28-28
20,81,59,Loamy,Ground Nuts,6,2,20,Urea
22,45,35,Sandy,Ground Nuts,30,0,8,DAP
39,82,69,Loamy,Sugarcane,10,23,28,20-20
21,69,70,Red,Wheat,39,42,30,28-28
28,65,47,Black,Ground Nuts,16,26,44,20-20
38,49,23,Sandy,Cotton,35,8,45,MOP
34,53,47,Sandy,Maize,25,23,26,20-20
37,76,76,Black,Maize,35,16,5,DAP
30,34,79,Red,Sugarcane,17,27,42,20-20
35,74,31,Black,Cotton,30,38,30,20-20
36,35,35,Sandy,Ground Nuts,48,3,40,MOP
24,57,72,Black,Sugarcane,34,28,44,20-20
31,88,73,Red,Ground Nuts,40,44,35,28-28
30,34,68,Red,Ground Nuts,27,27,1,DAP
34,78,55,Loamy,Wheat,25,36,20,20-20
22,68,39,Black,Rice,5,28,33,Urea
20,67,45,Black,Ground Nuts,33,43,21,20-20
39,31,75,Sandy,Maize,27,28,12,20-20
35,72,75,Red,Ground Nuts,43,4,18,MOP
21,68,45,Black,Sugarcane,46,10,32,28-28
21,83,41,Sandy,Ground Nuts,8,1,37,Urea
22,50,75,Loamy,Maize,28,3,39,MOP
27,69,28,Black,Maize,33,9,48,MOP
34,66,24,Black,Sugarcane,11,38,2,DAP
26,88,36,Sandy,Maize,15,43,37,20-20
25,47,68,Sandy,Cotton,6,7,18,Urea
28,83,53,Red,Cotton,30,22,6,DAP
39,77,21,Red,Rice,32,26,14,20-20
20,75,72,Red,Cotton,6,22,37,Urea
27,41,74,Black,Sugarcane,2,47,24,Urea
22,46,26,Sandy,Ground Nuts,19,33,21,20-20
23,66,55,Red,Cotton,4,34,22,Urea
34,75,32,Black,Rice,2,16,49,Urea
25,67,39,Red,Wheat,46,46,9,DAP
34,44,49,Loamy,Wheat,37,49,35,28-28
22,36,49,Black,Sugarcane,14,9,36,MOP
33,43,30,Red,Rice,34,1,49,MOP
39,79,50,Red,Cotton,22,16,41,20-20
33,30,77,Loamy,Rice,32,30,41,20-20
23,67,22,Loamy,Maize,1,15,41,Urea
31,32,78,Red,Rice,35,23,6,DAP
36,66,21,Red,Cotton,20,6,45,MOP
26,73,67,Sandy,Sugarcane,13,18,24,20-20
28,60,22,Red,Maize,13,15,39,20-20
22,72,75,Red,Rice,41,32,40,28-28
32,42,34,Sandy,Wheat,10,35,23,20-20
34,77,36,Sandy,Cotton,3,44,4,Urea
37,47,67,Red,Sugarcane,46,9,20,MOP
38,46,71,Sandy,Ground Nuts,29,42,39,20-20
20,46,26,Black,Cotton,35,14,19,20-20
25,40,67,Loamy,Rice,19,42,28,20-20
21,49,24,Black,Sugarcane,15,2,36,MOP
33,39,53,Loamy,Wheat,33,1,19,MOP
25,58,52,Loamy,Maize,44,42,17,20-20
33,77,73,Red,Rice,7,41,3,Urea
23,63,64,Loamy,Sugarcane,44,34,10,20-20
27,46,35,Black,Maize,19,26,21,20-20
22,83,56,Red,Sugarcane,20,4,42,MOP
38,81,22,Sandy,Ground Nuts,39,14,13,20-20
33,71,78,Black,Rice,29,35,44,20-20
39,42,78,Red,Sugarcane,35,48,27,20-20
36,73,66,Loamy,Wheat,4,32,3,Urea
27,76,67,Black,Sugarcane,20,0,15,MOP
33,68,62,Loamy,Rice,37,11,37,28-28
25,56,76,Red,Sugarcane,22,41,22,20-20
35,83,70,Red,Maize,18,40,12,20-20
38,82,69,Sandy,Maize,9,8,19,Urea
33,55,40,Sandy,Ground Nuts,26,19,4,DAP
38,57,60,Black,Cotton,34,29,18,20-20
22,42,27,Sandy,Ground Nuts,12,13,20,20-20
29,41,41,Loamy,Cotton,8,22,41,Urea
38,73,70,Loamy,Wheat,16,28,4,DAP
28,57,73,Sandy,Maize,30,41,13,20-20
39,31,24,Sandy,Cotton,41,34,35,28-28
32,66,36,Sandy,Sugarcane,43,26,5,DAP
26,86,56,Black,Wheat,44,48,4,DAP
33,86,33,Black,Rice,23,26,23,20-20
28,63,58,Loamy,Cotton,41,29,28,28-28
38,52,60,Black,Ground Nuts,18,2,28,MOP
34,87,47,Black,Cotton,48,11,1,DAP
39,81,50,Red,Ground Nuts,29,46,5,DAP
33,74,36,Loamy,Ground Nuts,4,30,33,Urea
25,58,54,Loamy,Maize,7,36,11,Urea
23,64,59,Sandy,Wheat,36,26,21,28-28
27,40,41,Red,Ground Nuts,46,46,3,DAP
36,77,64,Sandy,Maize,35,23,44,20-20
28,62,67,Black,Maize,24,47,48,20-20
20,80,72,Loamy,Ground Nuts,44,40,5,DAP
39,40,48,Black,Wheat,48,39,2,DAP
33,38,29,Black,Sugarcane,4,10,12,Urea
30,43,37,Red,Cotton,32,26,22,20-20
22,38,54,Red,Maize,21,8,34,MOP
28,68,63,Loamy,Cotton,46,15,25,28-28
33,77,35,Loamy,Wheat,41,13,8,DAP
28,32,69,Red,Sugarcane,24,46,22,20-20
23,58,68,Red,Rice,42,29,3,DAP
23,48,26,Red,Sugarcane,49,45,33,28-28
27,65,49,Red,Wheat,28,23,36,20-20
21,61,38,Loamy,Sugarcane,44,41,7,DAP
28,36,74,Loamy,Rice,29,12,33,20-20
33,84,79,Black,Maize,47,32,36,28-28
28,57,42,Black,Sugarcane,29,8,5,DAP
35,73,27,Black,Ground Nuts,43,48,6,DAP
36,47,36,Loamy,Ground Nuts,45,25,44,28-28
35,89,40,Sandy,Wheat,30,48,40,20-20
31,34,45,Black,Sugarcane,33,41,38,20-20
22,52,76,Sandy,Rice,27,44,35,20-20
30,84,47,Sandy,Wheat,9,49,4,Urea
33,51,78,Sandy,Sugarcane,3,12,2,Urea
37,55,58,Red,Wheat,32,20,16,20-20
24,71,52,Loamy,Ground Nuts,16,28,18,20-20
35,41,59,Loamy,Rice,10,27,44,20-20
39,69,38,Black,Maize,6,23,0,Urea
24,48,48,Black,Rice,16,12,36,20-20
22,76,39,Loamy,Maize,27,41,8,DAP
31,30,39,Red,Cotton,16,19,3,DAP
20,32,29,Loamy,Ground Nuts,40,38,41,28-28
28,56,31,Sandy,Ground Nuts,9,6,45,Urea
28,47,75,Loamy,Ground Nuts,25,40,9,DAP
23,79,52,Red,Rice,5,47,31,Urea
22,59,75,Loamy,Maize,16,14,0,DAP
36,31,44,Loamy,Cotton,15,24,22,20-20
21,34,44,Loamy,Cotton,38,34,16,20-20
20,58,72,Sandy,Cotton,25,12,29,20-20
27,62,23,Black,Wheat,3,42,26,Urea
32,71,23,Red,Rice,19,7,14,MOP
34,49,28,Sandy,Rice,48,20,37,28-28
27,59,34,Loamy,Ground Nuts,40,5,6,DAP
31,71,75,Loamy,Rice,10,9,32,MOP
31,34,45,Black,Rice,22,48,4,DAP
33,79,34,Black,Wheat,32,40,38,20-20
34,50,45,Black,Rice,30,20,33,20-20
34,87,47,Sandy,Maize,6,13,2,Urea
28,44,26,Red,Cotton,21,44,31,20-20
38,49,51,Black,Wheat,4,32,1,Urea
39,37,31,Loamy,Wheat,36,24,15,20-20
27,78,54,Red,Ground Nuts,0,18,16,Urea
38,60,71,Loamy,Rice,5,8,11,Urea
25,41,51,Loamy,Cotton,44,48,4,DAP
39,50,28,Red,Maize,46,46,3,DAP
38,59,33,Sandy,Cotton,3,36,15,Urea
23,56,32,Red,Sugarcane,29,35,17,20-20
26,73,75,Black,Cotton,29,35,44,20-20
23,55,79,Red,Maize,16,14,19,20-20
31,62,63,Black,Maize,23,4,8,DAP
32,55,52,Black,Maize,30,16,15,20-20
22,55,51,Red,Wheat,27,29,34,20-20
31,65,38,Red,Wheat,44,6,28,MOP
21,69,49,Black,Sugarcane,42,5,48,MOP
21,30,35,Loamy,Cotton,3,14,29,Urea
28,88,31,Red,Rice,38,45,19,20-20
20,44,29,Sandy,Ground Nuts,18,9,41,MOP
27,79,21,Black,Sugarcane,23,5,21,MOP
25,30,37,Loamy,Rice,6,41,22,Urea
25,40,32,Red,Rice,45,40,35,28-28
37,84,48,Red,Sugarcane,47,12,21,28-28
36,31,43,Loamy,Cotton,8,13,0,Urea
31,30,57,Sandy,Ground Nuts,21,0,20,MOP
25,60,31,Black,Rice,1,32,47,Urea
27,73,79,Red,Wheat,26,18,42,20-20
38,45,79,Sandy,Wheat,15,8,18,MOP
29,83,48,Black,Sugarcane,4,36,7,Urea
20,51,41,Sandy,Ground Nuts,11,48,4,DAP
32,71,55,Black,Ground Nuts,25,47,39,20-20
36,47,20,Black,Rice,14,11,28,20-20
22,76,62,Sandy,Sugarcane,2,4,17,Urea
27,46,74,Black,Ground Nuts,8,5,28,Urea
33,59,59,Red,Ground Nuts,27,10,14,20-20
22,39,53,Red,Wheat,38,37,49,28-28
35,64,53,Sandy,Sugarcane,35,9,44,MOP
32,87,67,Sandy,Rice,24,14,30,20-20
39,50,52,Black,Rice,40,49,14,20-20
36,45,23,Black,Wheat,27,38,44,20-20
32,35,57,Sandy,Maize,46,27,2,DAP
25,32,49,Loamy,Maize,20,2,43,MOP
36,70,72,Sandy,Ground Nuts,28,15,43,20-20
33,72,71,Loamy,Cotton,24,44,41,20-20
36,50,65,Loamy,Wheat,29,16,32,20-20
27,42,39,Sandy,Cotton,38,35,23,28-28
30,47,45,Sandy,Ground Nuts,10,18,37,20-20
39,87,34,Sandy,Wheat,18,3,23,MOP
20,83,26,Loamy,Rice,10,24,12,20-20
26,89,26,Red,Wheat,24,26,26,20-20
36,53,69,Red,Sugarcane,0,11,32,Urea
29,56,48,Sandy,Cotton,31,26,18,20-20
30,83,42,Sandy,Wheat,20,3,24,MOP
28,33,53,Black,Cotton,44,23,5,DAP
28,51,39,Black,Ground Nuts,12,16,32,20-20
24,53,34,Black,Wheat,33,25,24,20-20
36,69,52,Sandy,Maize,16,17,22,20-20
28,74,72,Red,Cotton,46,21,48,28-28
36,39,36,Red,Rice,18,5,16,MOP
38,31,39,Sandy,Rice,9,18,20,Urea
26,69,76,Sandy,Wheat,41,36,42,28-28
28,35,32,Loamy,Rice,8,33,19,Urea
26,77,63,Loamy,Rice,10,10,11,20-20
32,47,43,Red,Cotton,37,23,12,20-20
30,46,73,Black,Wheat,30,44,17,20-20
33,67,66,Red,Cotton,1,36,21,Urea
38,74,75,Loamy,Wheat,23,22,23,20-20
30,52,56,Red,Rice,41,39,32,28-28
32,75,26,Loamy,Wheat,46,42,2,DAP
33,59,27,Loamy,Ground Nuts,4,3,16,Urea
32,87,42,Black,Wheat,49,17,38,28-28
20,50,33,Black,Sugarcane,29,29,31,20-20
27,39,23,Loamy,Wheat,38,14,16,20-20
31,85,40,Sandy,Sugarcane,34,36,47,20-20
38,72,65,Black,Cotton,47,22,43,28-28
31,42,29,Loamy,Sugarcane,16,11,24,20-20
27,41,41,Sandy,Cotton,30,3,7,DAP
27,38,49,Sandy,Wheat,1,3,42,Urea
32,33,49,Red,Cotton,15,40,34,20-20
31,68,79,Red,Rice,20,40,28,20-20
35,53,35,Black,Ground Nuts,29,13,11,20-20
20,83,30,Sandy,Wheat,0,7,35,Urea
32,63,41,Black,Sugarcane,13,22,8,DAP
26,68,48,Loamy,Ground Nuts,15,0,25,MOP
24,70,44,Black,Maize,8,10,21,Urea
27,34,77,Sandy,Ground Nuts,48,26,30,28-28
33,44,33,Red,Wheat,7,3,48,Urea
32,79,33,Black,Ground Nuts,8,28,47,Urea
34,33,21,Red,Ground Nuts,33,16,43,20-20
36,80,73,Black,Rice,44,48,29,28-28
34,81,32,Loamy,Cotton,32,18,14,20-20
39,87,22,Sandy,Ground Nuts,21,44,46,20-20
37,68,49,Black,Sugarcane,29,48,32,20-20
37,87,37,Loamy,Sugarcane,6,23,2,Urea
21,37,73,Loamy,Rice,17,43,33,20-20
23,78,55,Loamy,Ground Nuts,20,45,16,20-20
20,74,40,Red,Ground Nuts,4,40,43,Urea
23,53,72,Red,Rice,6,43,4,Urea
37,82,38,Loamy,Wheat,11,31,29,20-20
24,57,35,Loamy,Maize,16,30,42,20-20
38,84,47,Black,Maize,23,48,14,20-20
34,72,23,Black,Cotton,36,15,38,28-28
27,56,70,Sandy,Sugarcane,43,31,7,DAP
39,30,74,Black,Wheat,18,43,41,20-20
36,63,34,Sandy,Sugarcane,44,41,37,28-28
20,46,20,Sandy,Wheat,15,33,27,20-20
31,66,67,Sandy,Rice,24,34,20,20-20
38,67,66,Red,Cotton,26,36,46,20-20
34,55,35,Black,Rice,41,15,9,DAP
28,86,73,Loamy,Sugarcane,43,20,27,28-28
26,53,39,Sandy,Cotton,6,12,20,Urea
21,68,52,Loamy,Ground Nuts,45,17,48,28-28
28,89,36,Sandy,Wheat,41,1,27,MOP
29,50,24,Black,Wheat,7,32,21,Urea
21,59,24,Sandy,Cotton,14,40,37,20-20
38,76,77,Black,Rice,15,17,18,20-20
30,80,58,Loamy,Cotton,7,27,37,Urea
32,77,32,Black,Rice,35,36,45,20-20
29,86,63,Loamy,Cotton,31,34,23,20-20
33,42,55,Black,Rice,16,36,27,20-20
37,66,49,Sandy,Maize,35,11,44,20-20
38,32,76,Sandy,Cotton,21,39,12,20-20
28,61,23,Black,Rice,31,7,8,DAP
26,64,42,Loamy,Ground Nuts,10,24,8,DAP
22,48,40,Loamy,Sugarcane,44,6,20,MOP
39,43,40,Loamy,Sugarcane,5,1,23,Urea
25,77,25,Black,Cotton,21,32,30,20-20
21,51,43,Black,Cotton,13,32,28,20-20
25,46,66,Black,Wheat,27,39,39,20-20
22,88,72,Black,Rice,38,48,9,DAP
35,33,50,Loamy,Cotton,11,22,3,DAP
27,74,38,Loamy,Sugarcane,26,4,2,DAP
21,69,57,Red,Sugarcane,0,13,12,Urea
36,48,31,Black,Sugarcane,9,7,20,Urea
28,66,33,Red,Rice,32,19,7,DAP
31,31,69,Black,Maize,15,17,8,DAP
22,44,79,Red,Cotton,38,22,45,28-28
30,31,31,Loamy,Maize,5,28,0,Urea
20,40,75,Loamy,Rice,24,6,13,MOP
32,74,75,Red,Ground Nuts,49,23,11,20-20
34,52,34,Sandy,Cotton,19,45,35,20-20
24,39,38,Black,Wheat,35,24,21,20-20
36,32,47,Red,Cotton,22,13,35,20-20
25,34,59,Red,Cotton,15,37,44,20-20
30,32,60,Sandy,Cotton,0,2,15,Urea
37,67,24,Loamy,Cotton,29,45,10,20-20
23,42,24,Red,Ground Nuts,26,13,2,DAP
22,71,25,Loamy,Cotton,1,2,33,Urea
32,48,42,Black,Rice,47,41,24,28-28
28,69,22,Sandy,Cotton,20,8,25,MOP
25,79,56,Loamy,Ground Nuts,8,6,2,Urea
31,64,52,Red,Rice,46,25,19,20-20
21,53,62,Sandy,Cotton,23,6,30,MOP
22,53,77,Sandy,Cotton,47,6,48,MOP
22,46,40,Sandy,Rice,40,43,0,DAP
31,69,39,Sandy,Cotton,38,35,25,28-28
34,39,20,Sandy,Ground Nuts,41,12,24,28-28
28,31,58,Black,Sugarcane,6,2,10,Urea
27,73,66,Black,Cotton,29,19,15,20-20
30,52,36,Sandy,Wheat,44,8,19,MOP
35,35,48,Red,Rice,1,21,41,Urea
23,31,27,Red,Ground Nuts,11,44,37,20-20
20,50,45,Black,Cotton,12,32,1,DAP
26,84,47,Loamy,Cotton,2,22,28,Urea
21,85,53,Sandy,Rice,42,22,6,DAP
24,64,45,Red,Maize,39,37,48,28-28
26,78,32,Black,Ground Nuts,42,25,39,28-28
23,58,63,Black,Ground Nuts,17,31,44,20-20
24,36,56,Loamy,Sugarcane,38,27,24,28-28
20,58,32,Loamy,Sugarcane,43,29,3,DAP
20,82,57,Red,Cotton,5,39,42,Urea
34,66,44,Loamy,Rice,41,16,33,28-28
39,52,66,Loamy,Wheat,26,17,24,20-20
38,62,42,Sandy,Cotton,14,24,7,DAP
29,37,41,Black,Sugarcane,14,3,31,MOP
37,41,40,Black,Cotton,18,25,17,20-20
22,75,73,Loamy,Rice,37,30,39,28-28
30,77,49,Black,Ground Nuts,46,11,10,20-20
34,39,30,Black,Ground Nuts,19,47,36,20-20
30,44,23,Red,Ground Nuts,19,17,38,20-20
36,82,52,Black,Ground Nuts,17,9,35,MOP
36,53,66,Loamy,Wheat,33,35,9,DAP
25,55,31,Red,Maize,38,1,5,DAP
24,76,28,Black,Wheat,36,24,44,28-28
27,71,51,Black,Cotton,34,46,15,20-20
21,82,30,Red,Sugarcane,37,8,24,MOP
35,89,56,Red,Rice,37,46,33,28-28
39,68,43,Black,Cotton,0,31,30,Urea
31,87,26,Sandy,Maize,11,4,46,MOP
25,32,27,Sandy,Rice,4,2,7,Urea
20,31,52,Black,Rice,26,16,16,20-20
23,35,44,Black,Rice,38,12,13,20-20
36,50,20,Red,Cotton,19,2,29,MOP
32,38,22,Red,Maize,39,27,17,20-20
37,39,59,Black,Cotton,18,3,45,MOP
24,65,47,Black,Rice,37,17,35,28-28
22,88,62,Black,Rice,14,34,20,20-20
30,32,52,Black,Sugarcane,5,13,30,Urea
32,70,65,Sandy,Wheat,8,15,32,Urea
23,53,20,Red,Cotton,35,11,22,20-20
33,51,57,Loamy,Maize,47,10,37,28-28
30,78,72,Black,Rice,22,1,4,DAP
29,43,46,Black,Cotton,9,32,14,Urea
38,71,57,Black,Wheat,0,12,29,Urea
37,74,54,Loamy,Cotton,10,29,15,20-20
25,73,29,Red,Wheat,48,25,39,28-28
34,56,31,Red,Cotton,49,49,28,28-28
29,62,29,Black,Sugarcane,19,17,27,20-20
24,89,73,Black,Cotton,27,12,5,DAP
24,51,53,Red,Ground Nuts,21,3,4,DAP
29,58,43,Loamy,Sugarcane,19,32,37,20-20
24,48,47,Black,Wheat,46,14,24,28-28
22,48,41,Loamy,Rice,37,16,27,28-28
25,35,64,Loamy,Rice,15,5,0,DAP
23,74,35,Red,Cotton,1,4,13,Urea
37,48,32,Black,Maize,24,32,18,20-20
28,42,55,Sandy,Cotton,26,15,30,20-20
36,88,55,Red,Sugarcane,2,45,14,Urea
32,55,62,Red,Sugarcane,22,23,18,20-20
34,51,42,Sandy,Wheat,31,4,37,MOP
39,50,33,Black,Cotton,16,2,31,MOP
36,65,51,Loamy,Wheat,39,34,30,28-28
32,85,22,Loamy,Maize,19,26,36,20-20
35,31,46,Loamy,Rice,29,11,25,20-20
23,76,38,Black,Rice,27,49,47,20-20
24,73,41,Red,Cotton,46,40,40,28-28
24,59,76,Red,Wheat,44,24,24,28-28
28,56,20,Red,Wheat,22,16,46,20-20
36,36,24,Red,Maize,18,48,39,20-20
32,49,68,Red,Wheat,24,19,7,DAP
21,79,52,Sandy,Ground Nuts,23,27,3,DAP
32,60,70,Loamy,Ground Nuts,0,49,30,Urea
38,52,38,Loamy,Sugarcane,27,34,31,20-20
22,42,55,Black,Ground Nuts,28,49,33,20-20
29,46,70,Sandy,Ground Nuts,43,14,47,28-28
21,33,25,Red,Sugarcane,49,32,2,DAP
32,86,79,Red,Ground Nuts,49,2,40,MOP
38,43,34,Red,Ground Nuts,34,6,25,MOP
36,49,55,Sandy,Sugarcane,49,9,3,DAP
33,89,75,Black,Cotton,16,40,1,DAP
31,42,52,Sandy,Sugarcane,10,25,18,20-20
31,32,43,Black,Sugarcane,36,40,22,28-28
30,55,46,Loamy,Ground Nuts,6,39,24,Urea
26,55,68,Black,Rice,25,5,46,MOP
23,47,30,Loamy,Ground Nuts,22,32,6,DAP
38,61,68,Black,Cotton,17,15,7,DAP
20,43,42,Loamy,Sugarcane,28,23,2,DAP
22,76,52,Loamy,Maize,38,29,22,28-28
32,32,60,Red,Sugarcane,49,9,46,MOP
34,30,65,Black,Cotton,33,10,32,20-20
21,55,66,Red,Wheat,37,43,47,28-28
30,53,75,Loamy,Ground Nuts,7,21,27,Urea
23,78,48,Red,Rice,20,2,21,MOP
38,64,50,Sandy,Rice,20,37,34,20-20
36,43,20,Red,Ground Nuts,48,39,33,28-28
22,32,53,Black,Ground Nuts,35,22,29,20-20
37,42,37,Red,Cotton,16,44,46,20-20
27,76,37,Sandy,Sugarcane,15,18,35,20-20
38,79,25,Red,Maize,14,39,13,20-20
24,43,71,Loamy,Sugarcane,14,12,8,DAP
26,50,59,Loamy,Sugarcane,39,35,21,28-28
27,55,20,Loamy,Maize,16,2,27,MOP
24,32,66,Black,Rice,0,21,40,Urea
36,80,61,Red,Sugarcane,12,24,13,20-20
24,69,49,Loamy,Wheat,37,19,14,20-20
23,33,23,Red,Wheat,9,27,36,Urea
38,65,51,Sandy,Cotton,32,2,23,MOP
21,80,29,Sandy,Cotton,25,21,33,20-20
30,72,62,Black,Maize,11,43,48,20-20
32,30,24,Red,Maize,18,36,42,20-20
34,69,28,Sandy,Cotton,14,37,44,20-20
31,76,24,Black,Ground Nuts,4,17,43,Urea
30,62,30,Black,Sugarcane,1,19,2,Urea
26,36,54,Loamy,Ground Nuts,13,45,22,20-20
24,82,46,Sandy,Rice,28,4,19,MOP
36,81,23,Red,Wheat,40,42,44,28-28
39,81,29,Sandy,Maize,0,8,14,Urea
28,85,58,Sandy,Cotton,12,28,42,20-20
33,40,52,Red,Wheat,48,16,15,20-20
31,56,78,Red,Ground Nuts,31,11,6,DAP
25,43,57,Loamy,Maize,33,25,32,20-20
36,51,27,Black,Maize,13,32,18,20-20
38,45,68,Red,Sugarcane,37,32,17,20-20
38,75,43,Red,Maize,37,35,40,28-28
35,41,58,Sandy,Rice,49,28,17,20-20
31,78,52,Red,Maize,40,21,2,DAP
31,75,60,Red,Rice,14,17,2,DAP
39,39,62,Sandy,Ground Nuts,38,16,35,28-28
25,53,38,Sandy,Sugarcane,5,43,15,Urea
23,75,21,Sandy,Rice,28,23,42,20-20
25,47,74,Loamy,Ground Nuts,36,21,22,28-28
30,51,30,Black,Wheat,18,43,22,20-20
20,38,54,Red,Maize,0,4,14,Urea
34,46,36,Sandy,Cotton,20,0,8,DAP
30,67,61,Sandy,Cotton,38,18,39,28-28
38,69,22,Black,Rice,17,29,37,20-20
37,87,41,Loamy,Sugarcane,26,38,17,20-20
36,42,54,Red,Rice,27,14,37,20-20
38,79,40,Loamy,Ground Nuts,7,45,5,Urea
33,66,44,Loamy,Ground Nuts,30,34,43,20-20
37,35,58,Loamy,Rice,11,4,36,MOP
38,50,21,Sandy,Rice,41,5,45,MOP
34,80,20,Black,Wheat,5,24,5,Urea
34,65,26,Black,Ground Nuts,25,10,20,20-20
23,36,39,Black,Wheat,15,21,29,20-20
26,65,62,Loamy,Rice,29,33,27,20-20
32,54,74,Red,Sugarcane,18,43,19,20-20
22,40,25,Loamy,Maize,17,13,18,20-20
35,73,74,Black,Ground Nuts,23,8,13,MOP
28,43,55,Sandy,Cotton,44,19,0,DAP
27,74,70,Loamy,Wheat,19,15,26,20-20
39,58,79,Sandy,Ground Nuts,6,16,31,Urea
32,39,40,Black,Maize,6,16,28,Urea
36,79,70,Loamy,Wheat,15,33,30,20-20
36,77,65,Sandy,Ground Nuts,41,41,24,28-28
36,34,54,Loamy,Wheat,46,10,6,DAP
20,37,55,Black,Wheat,13,34,38,20-20
27,75,27,Red,Rice,11,33,45,20-20
38,34,69,Black,Rice,28,35,15,20-20
25,87,23,Red,Wheat,14,7,43,MOP
22,89,62,Red,Wheat,7,18,10,Urea
24,53,35,Black,Cotton,38,49,17,20-20
32,69,22,Sandy,Maize,8,32,43,Urea
34,86,26,Loamy,Maize,45,22,41,28-28
33,55,21,Loamy,Sugarcane,27,1,4,DAP
35,35,20,Loamy,Sugarcane,26,7,1,DAP
37,45,77,Red,Sugarcane,6,28,9,Urea
30,89,20,Red,Rice,43,41,25,28-28
22,65,57,Black,Rice,13,6,23,MOP
29,41,70,Sandy,Cotton,10,48,25,20-20
29,40,26,Black,Rice,31,28,15,20-20
35,32,43,Black,Sugarcane,27,30,24,20-20
31,73,24,Sandy,Ground Nuts,5,29,37,Urea
21,66,40,Red,Wheat,34,34,5,DAP
28,35,47,Black,Sugarcane,5,24,11,Urea
22,48,37,Black,Cotton,23,46,8,DAP
34,47,43,Red,Wheat,8,3,48,Urea
22,45,77,Loamy,Rice,1,48,41,Urea
38,52,51,Sandy,Wheat,37,42,7,DAP
37,72,64,Sandy,Ground Nuts,13,37,30,20-20
27,66,52,Loamy,Cotton,30,16,40,20-20
36,38,29,Sandy,Rice,29,9,31,MOP
27,32,28,Loamy,Maize,26,0,6,DAP
26,37,68,Black,Sugarcane,35,17,31,20-20
26,67,52,Sandy,Ground Nuts,45,45,41,28-28
22,33,52,Sandy,Ground Nuts,30,18,24,20-20
20,41,26,Black,Sugarcane,41,49,32,28-28
23,73,23,Red,Cotton,5,31,27,Urea
24,60,47,Red,Cotton,42,30,10,20-20
20,54,42,Black,Ground Nuts,44,32,30,28-28
34,82,72,Sandy,Sugarcane,17,21,9,DAP
24,45,51,Sandy,Wheat,13,0,1,DAP
32,71,63,Sandy,Maize,19,40,45,20-20
27,83,35,Loamy,Maize,10,45,43,20-20
27,43,65,Red,Cotton,36,34,3,DAP
24,42,74,Sandy,Cotton,39,43,21,28-28
28,70,29,Red,Wheat,3,48,44,Urea
20,36,33,Red,Cotton,43,16,27,28-28
23,41,58,Sandy,Maize,5,33,9,Urea
22,66,55,Black,Sugarcane,22,28,1,DAP
21,79,53,Black,Ground Nuts,7,5,48,Urea
27,33,43,Red,Maize,29,0,30,MOP
28,31,37,Loamy,Wheat,35,26,41,20-20
21,64,35,Red,Sugarcane,41,11,22,28-28
33,87,60,Red,Sugarcane,10,3,15,MOP
33,73,56,Black,Ground Nuts,46,15,8,DAP
23,32,60,Sandy,Maize,4,10,42,Urea
25,33,44,Sandy,Sugarcane,2,19,5,Urea
30,67,27,Loamy,Sugarcane,14,25,24,20-20
22,41,43,Black,Cotton,1,27,3,Urea
27,48,39,Black,Sugarcane,1,41,47,Urea
22,39,67,Red,Wheat,7,7,11,Urea
33,30,49,Black,Sugarcane,45,1,23,MOP
32,46,39,Red,Cotton,29,39,26,20-20
32,45,37,Loamy,Rice,40,25,47,28-28
21,38,23,Black,Rice,4,26,2,Urea
32,86,67,Black,Wheat,29,32,11,20-20
38,82,55,Red,Ground Nuts,43,6,46,MOP
25,38,25,Black,Ground Nuts,9,45,29,Urea
35,88,22,Sandy,Wheat,32,35,11,20-20
21,84,37,Loamy,Sugarcane,23,20,40,20-20
27,38,66,Sandy,Sugarcane,18,48,41,20-20
36,41,59,Red,Rice,29,33,39,20-20
21,84,37,Red,Rice,24,22,44,20-20
29,70,75,Red,Maize,10,33,21,20-20
35,44,42,Loamy,Rice,48,39,14,20-20
25,31,54,Black,Rice,34,6,27,MOP
21,40,25,Sandy,Wheat,0,25,16,Urea
21,40,73,Black,Maize,16,39,43,20-20
32,37,45,Red,Ground Nuts,30,48,47,20-20
34,84,40,Black,Maize,5,16,24,Urea
21,61,43,Loamy,Sugarcane,12,30,42,20-20
26,35,34,Red,Sugarcane,25,38,44,20-20
22,82,46,Black,Maize,35,24,2,DAP
27,49,51,Sandy,Maize,4,36,35,Urea
33,68,31,Red,Sugarcane,46,14,30,28-28
26,64,24,Red,Wheat,13,1,14,MOP
26,37,26,Loamy,Wheat,14,10,45,20-20
20,79,41,Loamy,Wheat,11,31,27,20-20
36,78,46,Sandy,Wheat,49,29,42,28-28
28,72,34,Black,Sugarcane,45,16,30,28-28
32,63,58,Black,Cotton,41,23,44,28-28
38,86,64,Red,Rice,7,44,19,Urea
38,82,76,Red,Rice,30,3,49,MOP
36,88,54,Black,Rice,25,49,44,20-20
29,85,45,Black,Rice,28,45,20,20-20
29,48,42,Black,Sugarcane,3,31,26,Urea
23,36,32,Red,Cotton,49,18,18,20-20
27,60,45,Loamy,Sugarcane,27,2,35,MOP
39,47,22,Loamy,Cotton,24,3,11,MOP
39,69,48,Sandy,Sugarcane,39,24,34,28-28
37,43,21,Black,Maize,31,8,47,MOP
33,68,47,Black,Cotton,35,20,32,20-20
37,89,42,Black,Rice,10,22,35,20-20
33,82,55,Sandy,Cotton,36,45,40,28-28
39,89,68,Black,Ground Nuts,9,28,22,Urea
34,88,25,Loamy,Wheat,37,29,12,20-20
23,65,30,Black,Cotton,35,24,29,20-20
32,46,57,Sandy,Ground Nuts,49,48,9,DAP
27,66,73,Red,Wheat,26,28,40,20-20
37,73,53,Red,Ground Nuts,16,33,19,20-20
31,38,36,Loamy,Wheat,6,13,5,Urea
33,87,22,Loamy,Maize,8,21,30,Urea
21,49,63,Loamy,Cotton,34,47,18,20-20
37,74,65,Red,Ground Nuts,8,15,2,Urea
21,86,53,Black,Maize,35,10,9,DAP
30,57,41,Sandy,Rice,29,13,9,DAP
28,79,48,Sandy,Cotton,30,6,20,MOP
31,49,79,Black,Sugarcane,18,4,1,DAP
36,70,73,Red,Sugarcane,40,39,44,28-28
34,65,48,Red,Sugarcane,22,28,38,20-20
36,82,24,Sandy,Ground Nuts,19,16,44,20-20
37,56,29,Loamy,Ground Nuts,5,29,29,Urea
25,37,29,Loamy,Wheat,42,24,45,28-28
36,61,72,Sandy,Sugarcane,23,13,27,20-20
37,30,28,Sandy,Rice,46,41,17,20-20
27,46,40,Black,Ground Nuts,21,21,13,20-20
28,86,32,Black,Cotton,5,43,44,Urea
25,38,29,Black,Ground Nuts,23,4,18,MOP
24,49,57,Black,Cotton,41,39,39,28-28
31,74,30,Black,Ground Nuts,21,27,35,20-20
30,61,23,Black,Wheat,17,11,40,20-20
20,31,77,Loamy,Wheat,15,35,11,20-20
30,61,65,Sandy,Wheat,35,12,19,20-20
38,74,50,Red,Rice,12,20,33,20-20
28,38,68,Black,Ground Nuts,36,31,35,28-28
21,59,71,Loamy,Cotton,23,48,20,20-20
31,49,53,Sandy,Ground Nuts,18,20,18,20-20
23,67,61,Sandy,Maize,49,36,40,28-28
23,89,54,Sandy,Wheat,19,37,40,20-20
37,30,58,Black,Sugarcane,26,8,42,MOP
34,89,58,Black,Maize,16,36,41,20-20
38,86,52,Red,Maize,15,1,34,MOP
32,34,27,Black,Wheat,0,2,7,Urea
38,64,51,Sandy,Sugarcane,20,42,21,20-20
36,65,74,Sandy,Wheat,26,9,42,MOP
25,30,52,Loamy,Wheat,0,34,37,Urea
35,43,27,Loamy,Sugarcane,29,8,17,MOP
31,38,65,Red,Maize,19,39,7,DAP
38,59,33,Loamy,Maize,23,47,1,DAP
24,53,53,Red,Ground Nuts,45,31,19,20-20
36,33,27,Loamy,Sugarcane,1,20,4,Urea
20,79,70,Sandy,Maize,14,33,41,20-20
29,43,61,Black,Rice,28,24,29,20-20
34,54,26,Black,Wheat,34,41,17,20-20
30,33,32,Red,Rice,12,31,43,20-20
32,54,73,Black,Rice,18,45,22,20-20
24,39,40,Black,Ground Nuts,0,36,1,Urea
20,64,66,Loamy,Ground Nuts,44,21,41,28-28
31,84,51,Sandy,Ground Nuts,46,24,43,28-28
30,36,30,Black,Rice,15,0,36,MOP
36,71,77,Sandy,Cotton,42,44,41,28-28
23,42,33,Loamy,Cotton,2,35,31,Urea
34,33,30,Loamy,Rice,39,20,0,DAP
28,79,21,Black,Wheat,5,40,38,Urea
39,72,53,Black,Rice,30,15,0,DAP
38,86,63,Loamy,Rice,4,31,48,Urea
38,65,66,Loamy,Ground Nuts,25,20,43,20-20
31,85,36,Red,Ground Nuts,27,27,30,20-20
24,43,33,Red,Ground Nuts,14,18,38,20-20
29,47,44,Sandy,Cotton,8,13,7,Urea
36,37,67,Loamy,Rice,21,22,2,DAP
24,61,46,Sandy,Wheat,36,23,46,28-28
35,56,27,Loamy,Wheat,20,19,11,20-20
26,71,75,Sandy,Ground Nuts,41,31,48,28-28
28,66,36,Red,Ground Nuts,28,39,33,20-20
22,52,24,Loamy,Rice,25,9,48,MOP
34,36,31,Loamy,Wheat,5,0,24,Urea
35,41,57,Sandy,Rice,10,30,35,20-20
37,54,37,Sandy,Cotton,35,36,6,DAP
33,32,45,Black,Rice,19,14,14,20-20
22,55,50,Black,Ground Nuts,43,39,20,20-20
31,33,56,Red,Maize,19,30,24,20-20
28,71,25,Loamy,Cotton,26,27,47,20-20
26,65,60,Loamy,Wheat,5,9,37,Urea
28,44,34,Sandy,Wheat,32,5,36,MOP
32,61,61,Red,Ground Nuts,29,14,15,20-20
37,58,68,Loamy,Ground Nuts,49,46,0,DAP
24,39,45,Red,Cotton,33,26,46,20-20
32,50,70,Black,Ground Nuts,4,9,36,Urea
23,83,31,Sandy,Maize,15,20,44,20-20
21,45,60,Loamy,Cotton,11,18,13,20-20
35,76,66,Sandy,Ground Nuts,11,3,33,MOP
28,48,33,Black,Sugarcane,10,21,1,DAP
28,58,20,Red,Maize,20,37,30,20-20
25,81,36,Red,Cotton,6,14,18,Urea
30,80,52,Black,Sugarcane,33,5,18,MOP
20,47,74,Black,Rice,28,49,43,20-20
23,87,48,Loamy,Maize,5,10,22,Urea
32,73,72,Loamy,Rice,35,43,29,20-20
32,86,73,Loamy,Sugarcane,33,29,16,20-20
32,45,64,Loamy,Wheat,48,39,1,DAP
21,30,50,Loamy,Wheat,7,23,10,Urea
28,77,27,Red,Ground Nuts,36,21,48,28-28
27,31,49,Loamy,Wheat,9,29,13,Urea
26,85,32,Black,Rice,15,45,40,20-20
23,44,35,Black,Maize,1,3,28,Urea
37,68,21,Loamy,Rice,18,49,18,20-20
22,57,64,Black,Rice,6,5,27,Urea
25,30,37,Sandy,Wheat,1,37,0,Urea
31,34,54,Red,Rice,44,25,4,DAP
31,71,64,Red,Sugarcane,22,18,33,20-20
27,51,38,Loamy,Cotton,30,1,13,MOP
20,82,32,Sandy,Cotton,3,3,18,Urea
23,65,70,Loamy,Cotton,15,4,23,MOP
30,75,23,Loamy,Ground Nuts,9,46,39,Urea
22,42,38,Black,Wheat,48,34,16,20-20
32,30,69,Red,Wheat,20,28,1,DAP
36,45,44,Sandy,Cotton,27,15,30,20-20
29,84,57,Black,Maize,45,44,16,20-20
31,70,70,Red,Ground Nuts,11,11,7,DAP
34,51,76,Red,Cotton,12,20,45,20-20
29,61,50,Loamy,Rice,39,8,16,MOP
33,45,55,Sandy,Cotton,16,10,37,20-20
32,80,23,Loamy,Cotton,17,7,25,MOP
24,44,75,Black,Maize,9,25,42,Urea
25,87,58,Loamy,Wheat,27,31,39,20-20
21,75,26,Loamy,Wheat,12,38,44,20-20
36,81,77,Red,Rice,33,3,39,MOP
23,71,74,Red,Cotton,48,33,6,DAP
33,82,77,Black,Sugarcane,5,27,23,Urea
29,41,35,Red,Rice,11,24,29,20-20
22,89,78,Red,Wheat,28,43,25,20-20
22,30,67,Red,Maize,12,34,29,20-20
34,82,24,Loamy,Wheat,25,18,34,20-20
25,46,66,Sandy,Wheat,3,34,1,Urea
36,70,42,Black,Maize,14,38,43,20-20
31,84,55,Loamy,Cotton,15,28,3,DAP
39,80,51,Black,Cotton,18,13,4,DAP
30,86,43,Loamy,Wheat,46,20,47,28-28
23,79,44,Black,Rice,25,35,1,DAP
25,57,64,Red,Sugarcane,31,37,30,20-20
20,36,47,Black,Rice,5,13,26,Urea
39,38,38,Sandy,Ground Nuts,5,39,23,Urea
35,51,26,Black,Rice,4,49,44,Urea
34,55,63,Sandy,Wheat,1,14,3,Urea
36,82,77,Black,Wheat,1,49,27,Urea
27,41,60,Red,Sugarcane,36,29,4,DAP
31,36,36,Black,Sugarcane,2,46,26,Urea
29,75,21,Loamy,Sugarcane,5,11,43,Urea
34,76,35,Red,Wheat,30,49,46,20-20
28,44,58,Red,Wheat,42,4,4,DAP
21,67,37,Loamy,Rice,4,26,4,Urea
24,50,58,Red,Wheat,49,14,47,28-28
25,43,20,Red,Ground Nuts,45,25,8,DAP
26,31,22,Loamy,Cotton,9,8,46,Urea
20,37,40,Red,Cotton,26,39,26,20-20
26,74,79,Red,Sugarcane,23,39,3,DAP
39,84,49,Red,Wheat,21,34,48,20-20
31,35,30,Red,Ground Nuts,24,12,23,20-20
35,66,41,Black,Cotton,2,44,26,Urea
35,66,66,Red,Rice,15,43,0,DAP
30,86,76,Red,Maize,29,46,31,20-20
23,62,44,Red,Rice,47,45,15,20-20
32,70,22,Black,Maize,42,32,22,28-28
26,35,49,Sandy,Ground Nuts,3,33,27,Urea
23,81,43,Red,Rice,42,3,19,MOP
34,55,64,Sandy,Cotton,39,12,16,20-20
38,68,55,Sandy,Wheat,15,9,35,MOP
28,70,42,Loamy,Maize,39,44,44,28-28
30,66,73,Loamy,Wheat,40,0,7,DAP
27,43,27,Sandy,Ground Nuts,45,10,17,20-20
20,66,73,Black,Wheat,7,49,12,Urea
27,37,23,Red,Cotton,23,8,8,DAP
32,68,69,Red,Ground Nuts,15,37,36,20-20
23,42,58,Red,Sugarcane,26,22,29,20-20
27,42,62,Loamy,Sugarcane,1,12,42,Urea
22,69,50,Loamy,Maize,19,4,27,MOP
28,72,48,Red,Cotton,19,24,45,20-20
21,57,78,Sandy,Wheat,19,9,49,MOP
21,87,55,Loamy,Rice,18,4,17,MOP
32,47,32,Red,Rice,17,21,19,20-20
34,86,60,Sandy,Ground Nuts,12,41,47,20-20
31,48,28,Red,Maize,16,24,35,20-20
23,67,74,Loamy,Maize,32,36,18,20-20
27,61,40,Black,Maize,27,19,4,DAP
28,51,70,Black,Cotton,4,27,33,Urea
24,31,22,Loamy,Rice,27,20,16,20-20
39,89,44,Sandy,Ground Nuts,24,10,27,20-20
37,42,44,Red,Cotton,19,28,35,20-20
30,52,31,Loamy,Ground Nuts,20,4,37,MOP
34,54,48,Sandy,Cotton,12,36,29,20-20
28,57,30,Red,Wheat,5,48,17,Urea
36,87,71,Red,Cotton,28,4,5,DAP
31,40,30,Loamy,Cotton,41,32,25,28-28
26,62,68,Red,Wheat,8,44,14,Urea
29,53,45,Black,Sugarcane,28,35,0,DAP
29,31,72,Black,Wheat,37,7,16,MOP
32,59,33,Red,Maize,0,5,30,Urea
38,46,35,Loamy,Sugarcane,29,14,1,DAP
30,69,75,Red,Rice,49,14,35,28-28
32,63,29,Loamy,Ground Nuts,31,47,34,20-20
27,67,50,Loamy,Cotton,22,8,26,MOP
27,51,50,Black,Sugarcane,38,4,2,DAP
23,34,55,Black,Rice,9,25,45,Urea
34,77,29,Sandy,Wheat,43,22,19,20-20
30,69,45,Loamy,Wheat,20,15,7,DAP
30,80,39,Red,Maize,25,38,28,20-20
20,45,63,Loamy,Maize,14,34,7,DAP
36,42,28,Black,Sugarcane,16,9,40,MOP
34,55,34,Loamy,Ground Nuts,34,26,49,20-20
39,60,28,Sandy,Cotton,24,15,26,20-20
25,81,26,Red,Wheat,14,20,25,20-20
34,68,45,Loamy,Sugarcane,32,11,38,20-20
28,77,43,Red,Sugarcane,10,8,9,DAP
33,52,31,Red,Ground Nuts,23,15,29,20-20
37,77,79,Black,Sugarcane,5,8,32,Urea
36,41,39,Loamy,Maize,27,28,35,20-20
37,43,75,Red,Ground Nuts,28,22,19,20-20
24,85,33,Black,Wheat,47,38,3,DAP
39,47,41,Sandy,Maize,20,42,22,20-20
39,56,35,Sandy,Maize,11,48,28,20-20
28,57,48,Loamy,Ground Nuts,21,23,45,20-20
30,47,51,Red,Ground Nuts,26,21,31,20-20
20,45,38,Loamy,Sugarcane,20,30,36,20-20
37,81,74,Red,Rice,14,9,36,MOP
25,45,54,Black,Rice,17,46,25,20-20
21,42,62,Sandy,Rice,9,41,4,Urea
34,87,51,Sandy,Sugarcane,21,26,23,20-20
33,58,74,Sandy,Cotton,43,33,42,28-28
24,38,72,Sandy,Wheat,19,47,1,DAP
25,55,39,Loamy,Sugarcane,18,38,14,20-20
25,57,70,Red,Sugarcane,27,23,45,20-20
37,70,59,Loamy,Maize,36,20,45,28-28
33,42,39,Black,Rice,49,14,39,28-28
29,65,27,Sandy,Ground Nuts,43,16,7,DAP
33,38,77,Red,Sugarcane,0,44,36,Urea
32,76,54,Loamy,Cotton,33,18,36,20-20
22,43,61,Red,Wheat,34,24,13,20-20
25,80,32,Loamy,Cotton,25,39,4,DAP
27,41,60,Red,Sugarcane,29,21,8,DAP
31,82,25,Red,Sugarcane,11,40,21,20-20
32,87,66,Sandy,Maize,13,48,42,20-20
30,86,35,Loamy,Cotton,38,41,48,28-28
31,61,24,Black,Maize,3,13,43,Urea
20,67,72,Red,Ground Nuts,11,27,43,20-20
36,32,64,Black,Cotton,23,11,47,20-20
35,87,70,Sandy,Rice,39,26,29,28-28
30,86,53,Black,Ground Nuts,30,23,32,20-20
32,83,25,Red,Rice,0,21,49,Urea
37,81,78,Red,Cotton,36,38,37,28-28
30,45,52,Red,Maize,0,40,36,Urea
31,49,34,Loamy,Rice,14,49,49,20-20
25,61,34,Black,Sugarcane,12,38,44,20-20
28,85,33,Loamy,Wheat,28,35,37,20-20
35,52,58,Red,Maize,44,22,6,DAP
23,46,24,Red,Ground Nuts,3,7,2,Urea
22,45,71,Sandy,Ground Nuts,14,27,42,20-20
35,67,76,Sandy,Cotton,43,49,39,28-28
31,37,45,Red,Ground Nuts,39,28,31,28-28
30,48,67,Loamy,Wheat,47,14,35,28-28
24,59,36,Loamy,Wheat,11,38,41,20-20
37,86,62,Red,Sugarcane,24,7,40,MOP
38,87,66,Black,Ground Nuts,26,27,44,20-20
25,63,71,Loamy,Maize,5,32,18,Urea
37,43,35,Red,Wheat,22,10,30,20-20
25,51,54,Sandy,Maize,14,41,29,20-20
23,73,57,Red,Sugarcane,38,36,46,28-28
31,46,72,Loamy,Cotton,4,24,36,Urea
38,89,42,Red,Wheat,22,33,24,20-20
21,88,32,Black,Wheat,14,21,12,20-20
36,44,52,Black,Wheat,24,1,11,MOP
30,79,48,Loamy,Ground Nuts,29,15,8,DAP
30,77,72,Red,Maize,43,10,39,28-28
35,61,65,Black,Wheat,42,13,8,DAP
21,42,53,Black,Maize,3,31,44,Urea
21,50,53,Sandy,Ground Nuts,12,21,26,20-20
27,78,46,Loamy,Rice,49,4,40,MOP
32,69,34,Sandy,Rice,39,35,30,28-28
29,62,78,Sandy,Maize,38,22,5,DAP
27,86,69,Black,Ground Nuts,22,18,28,20-20
23,87,28,Red,Rice,15,28,29,20-20
34,56,45,Sandy,Sugarcane,34,41,37,20-20
20,64,22,Loamy,Sugarcane,15,22,10,20-20
30,45,55,Loamy,Rice,47,8,41,MOP
26,57,66,Red,Cotton,6,17,45,Urea
36,63,24,Loamy,Maize,44,30,5,DAP
39,76,39,Sandy,Rice,12,36,38,20-20
37,30,39,Red,Maize,49,16,40,28-28
31,70,24,Loamy,Ground Nuts,28,17,30,20-20
28,77,29,Loamy,Rice,38,26,34,28-28
24,60,35,Sandy,Sugarcane,19,20,11,20-20
29,65,44,Sandy,Ground Nuts,49,0,47,MOP
23,73,63,Sandy,Cotton,28,31,44,20-20
24,62,44,Sandy,Maize,17,13,5,DAP
29,62,49,Red,Cotton,21,45,44,20-20
30,68,33,Red,Sugarcane,35,13,25,20-20
29,47,41,Red,Wheat,40,32,36,28-28
27,52,62,Black,Wheat,47,35,31,28-28
21,89,47,Sandy,Maize,35,38,3,DAP
27,52,49,Sandy,Ground Nuts,7,11,39,Urea
35,44,38,Red,Sugarcane,2,44,2,Urea
24,55,57,Loamy,Maize,28,24,1,DAP
22,59,61,Loamy,Ground Nuts,8,14,19,Urea
31,54,39,Sandy,Maize,7,19,18,Urea
32,74,54,Sandy,Maize,29,33,38,20-20
32,45,41,Red,Cotton,11,13,11,20-20
29,68,34,Sandy,Rice,45,29,35,28-28
23,77,30,Loamy,Sugarcane,27,43,41,20-20
28,74,73,Loamy,Cotton,41,12,27,28-28
21,43,53,Sandy,Ground Nuts,48,13,8,DAP
38,46,76,Red,Rice,42,28,43,28-28
20,41,43,Red,Maize,9,25,10,Urea
26,58,25,Loamy,Wheat,12,2,29,MOP
36,61,36,Red,Cotton,1,24,1,Urea
22,85,47,Loamy,Sugarcane,0,26,37,Urea
39,53,69,Sandy,Sugarcane,21,44,37,20-20
39,81,50,Loamy,Rice,32,39,32,20-20
22,42,55,Sandy,Cotton,15,15,6,DAP
22,85,74,Red,Maize,41,37,43,28-28
36,49,28,Black,Rice,28,10,20,20-20
26,44,29,Black,Ground Nuts,9,28,11,Urea
33,85,40,Black,Sugarcane,38,46,20,20-20
36,82,77,Loamy,Ground Nuts,6,23,22,Urea
37,33,53,Black,Cotton,0,28,5,Urea
32,83,50,Loamy,Wheat,25,33,13,20-20
39,63,48,Red,Ground Nuts,44,10,31,28-28
39,57,62,Sandy,Maize,4,19,48,Urea
37,79,62,Black,Sugarcane,34,19,48,20-20
23,31,30,Loamy,Cotton,12,8,49,MOP
20,86,52,Red,Wheat,26,22,44,20-20
37,76,77,Red,Sugarcane,11,35,12,20-20
20,59,65,Black,Wheat,29,48,26,20-20
32,55,20,Red,Sugarcane,49,26,10,20-20
39,80,40,Red,Rice,31,23,31,20-20
39,76,42,Red,Rice,30,39,2,DAP
29,55,76,Loamy,Rice,4,24,48,Urea
30,49,28,Red,Cotton,36,24,1,DAP
28,71,75,Red,Rice,1,47,29,Urea
28,57,20,Red,Cotton,37,32,1,DAP
24,85,40,Red,Maize,6,30,38,Urea
20,49,41,Red,Rice,0,9,28,Urea
36,40,73,Loamy,Cotton,2,38,21,Urea
21,87,23,Red,Sugarcane,19,14,24,20-20
32,39,20,Red,Cotton,1,0,41,Urea
28,52,70,Sandy,Ground Nuts,41,15,45,28-28
23,66,29,Red,Cotton,42,20,18,20-20
24,70,34,Red,Ground Nuts,20,1,48,MOP
30,81,71,Loamy,Sugarcane,44,2,15,MOP
38,48,55,Red,Cotton,31,14,16,20-20
22,74,48,Loamy,Sugarcane,47,31,49,28-28
31,47,71,Black,Ground Nuts,19,49,26,20-20
38,78,65,Red,Wheat,42,46,42,28-28
38,56,24,Sandy,Rice,49,26,18,20-20
32,35,48,Loamy,Ground Nuts,30,35,42,20-20
26,39,66,Black,Maize,42,34,41,28-28
34,31,66,Sandy,Cotton,32,38,29,20-20
26,53,46,Loamy,Sugarcane,23,23,13,20-20
27,67,44,Black,Rice,17,7,45,MOP
24,57,35,Sandy,Cotton,19,6,41,MOP
33,57,35,Red,Rice,31,3,31,MOP
23,82,55,Sandy,Wheat,4,29,22,Urea
29,74,44,Sandy,Cotton,1,9,35,Urea
39,79,60,Sandy,Sugarcane,25,24,9,DAP
34,68,20,Loamy,Wheat,24,41,37,20-20
37,31,24,Red,Cotton,49,46,28,28-28
39,75,60,Red,Rice,21,31,10,20-20
32,34,39,Loamy,Wheat,38,31,49,28-28
27,79,24,Sandy,Sugarcane,21,49,37,20-20
28,40,55,Red,Cotton,10,31,14,20-20
35,39,48,Sandy,Rice,10,9,31,MOP
38,72,67,Red,Rice,44,8,26,MOP
35,88,53,Loamy,Ground Nuts,3,24,37,Urea
26,31,77,Black,Wheat,32,24,0,DAP
33,44,67,Sandy,Cotton,17,40,40,20-20
33,68,37,Red,Ground Nuts,30,15,13,20-20
23,70,21,Red,Rice,43,48,2,DAP
34,66,35,Red,Wheat,27,15,29,20-20
22,36,48,Loamy,Maize,41,29,30,28-28
24,49,52,Loamy,Rice,21,37,0,DAP
20,63,35,Black,Wheat,39,4,45,MOP
22,64,54,Loamy,Maize,2,6,13,Urea
34,63,66,Sandy,Wheat,6,12,35,Urea
27,82,62,Loamy,Rice,19,7,45,MOP
23,51,61,Red,Maize,42,32,35,28-28
21,60,36,Sandy,Wheat,6,9,42,Urea
29,52,23,Loamy,Cotton,6,19,40,Urea
23,48,68,Sandy,Maize,28,31,42,20-20
22,33,23,Sandy,Wheat,25,28,14,20-20
21,53,70,Loamy,Cotton,40,0,37,MOP
36,49,44,Sandy,Maize,2,26,24,Urea
39,68,52,Red,Wheat,42,19,43,28-28
32,57,33,Red,Rice,16,13,44,20-20
24,83,43,Loamy,Maize,39,14,49,28-28
28,68,30,Loamy,Maize,19,5,13,MOP
25,46,44,Red,Cotton,33,1,23,MOP
24,48,47,Loamy,Ground Nuts,32,28,42,20-20
29,83,26,Red,Ground Nuts,15,38,1,DAP
27,77,68,Sandy,Wheat,22,31,33,20-20
26,64,55,Loamy,Rice,3,4,48,Urea
26,61,29,Black,Cotton,40,21,22,28-28
25,76,68,Red,Maize,39,27,7,DAP
39,75,55,Red,Ground Nuts,32,31,4,DAP
22,76,50,Sandy,Cotton,7,28,28,Urea
38,75,38,Black,Cotton,4,39,42,Urea
34,68,37,Black,Cotton,32,2,32,MOP
23,86,68,Black,Maize,24,30,19,20-20
31,64,25,Red,Sugarcane,6,12,15,Urea
25,59,47,Red,Cotton,46,5,36,MOP
38,46,26,Black,Sugarcane,6,20,47,Urea
23,71,57,Loamy,Ground Nuts,32,13,36,20-20
34,76,76,Black,Rice,40,24,41,28-28
28,58,31,Sandy,Ground Nuts,32,6,40,MOP
24,35,60,Black,Rice,28,42,23,20-20
32,89,69,Black,Rice,43,21,28,28-28
37,46,53,Black,Ground Nuts,38,31,34,28-28
24,46,44,Loamy,Wheat,40,40,8,DAP
35,43,36,Black,Maize,31,31,21,20-20
38,53,72,Black,Sugarcane,36,41,19,20-20
33,86,52,Red,Wheat,43,29,39,28-28
35,79,42,Black,Sugarcane,28,16,3,DAP
34,86,28,Sandy,Maize,21,39,42,20-20
23,66,25,Red,Cotton,1,37,35,Urea
26,69,21,Loamy,Ground Nuts,49,20,11,20-20
35,68,57,Red,Wheat,8,25,22,Urea
27,84,28,Loamy,Maize,28,42,38,20-20
36,61,22,Loamy,Ground Nuts,32,2,7,DAP
35,65,35,Sandy,Wheat,9,37,9,Urea
29,79,44,Black,Rice,27,16,22,20-20
29,66,43,Sandy,Wheat,45,38,28,28-28
21,77,66,Red,Cotton,45,5,44,MOP
28,43,48,Loamy,Cotton,38,20,31,28-28
36,56,63,Red,Sugarcane,11,44,13,20-20
30,88,74,Loamy,Wheat,21,45,15,20-20
29,48,59,Red,Rice,5,39,38,Urea
36,60,45,Loamy,Cotton,44,12,47,28-28
23,75,57,Sandy,Sugarcane,39,8,16,MOP
35,38,54,Loamy,Rice,22,4,19,MOP
39,67,42,Black,Rice,33,42,11,20-20
34,46,23,Sandy,Rice,41,6,8,DAP
24,48,78,Black,Maize,37,37,7,DAP
25,73,61,Red,Cotton,15,43,40,20-20
36,33,33,Red,Maize,9,43,36,Urea
20,77,72,Loamy,Maize,46,37,20,20-20
38,86,75,Loamy,Cotton,20,30,41,20-20
23,40,66,Red,Wheat,9,3,31,Urea
36,51,58,Sandy,Ground Nuts,10,12,36,20-20
28,33,26,Black,Sugarcane,20,43,45,20-20
21,46,27,Red,Ground Nuts,24,14,17,20-20
27,37,61,Sandy,Ground Nuts,33,39,28,20-20
34,75,70,Black,Ground Nuts,30,12,6,DAP
26,88,38,Loamy,Ground Nuts,26,42,39,20-20
25,63,21,Sandy,Cotton,24,42,36,20-20
20,40,66,Sandy,Ground Nuts,41,42,5,DAP
34,60,20,Red,Sugarcane,31,25,19,20-20
26,40,61,Black,Wheat,43,18,8,DAP
36,85,57,Red,Cotton,10,48,8,DAP
21,83,73,Loamy,Ground Nuts,46,0,7,DAP
28,85,32,Loamy,Rice,25,12,16,20-20
28,67,61,Black,Cotton,35,24,23,20-20
32,82,63,Black,Wheat,36,19,39,28-28
25,50,43,Black,Ground Nuts,32,40,22,20-20
25,75,51,Red,Maize,32,22,32,20-20
39,59,49,Black,Cotton,41,23,21,28-28
39,39,25,Black,Rice,35,42,49,20-20
22,55,57,Red,Cotton,12,40,46,20-20
36,56,52,Loamy,Maize,13,48,21,20-20
36,37,63,Loamy,Cotton,36,38,26,28-28
31,68,74,Sandy,Rice,42,39,47,28-28
35,37,42,Loamy,Wheat,39,29,1,DAP
34,89,29,Black,Rice,0,33,30,Urea
32,37,76,Loamy,Wheat,4,45,12,Urea
20,84,65,Red,Rice,29,9,1,DAP
36,63,34,Loamy,Sugarcane,17,40,45,20-20
22,88,79,Loamy,Cotton,44,0,6,DAP
34,45,42,Sandy,Cotton,36,11,10,20-20
23,70,75,Sandy,Maize,38,45,46,28-28
23,42,55,Black,Sugarcane,11,28,25,20-20
37,52,76,Red,Maize,33,10,48,20-20
36,41,20,Black,Cotton,44,40,20,20-20
38,56,27,Red,Maize,13,16,48,20-20
30,51,22,Red,Wheat,37,19,14,20-20
39,61,33,Sandy,Sugarcane,15,37,15,20-20
22,86,36,Loamy,Rice,41,5,8,DAP
27,78,53,Loamy,Wheat,10,19,20,20-20
33,56,66,Sandy,Ground Nuts,32,9,40,MOP
20,31,25,Black,Rice,14,9,5,DAP
33,74,24,Loamy,Maize,47,30,0,DAP
21,62,65,Black,Cotton,41,25,30,28-28
23,55,70,Loamy,Wheat,9,16,4,Urea
38,57,60,Black,Sugarcane,2,13,36,Urea
25,48,59,Red,Rice,10,4,25,MOP
20,72,48,Red,Ground Nuts,10,2,0,DAP
36,34,54,Loamy,Wheat,15,42,0,DAP
27,62,37,Black,Cotton,37,19,28,28-28
38,49,59,Black,Sugarcane,29,45,21,20-20
20,59,67,Red,Sugarcane,40,14,37,28-28
24,74,49,Black,Rice,0,2,40,Urea
35,37,34,Sandy,Wheat,37,2,18,MOP
25,67,72,Black,Wheat,49,22,27,28-28
27,46,34,Red,Sugarcane,44,8,4,DAP
32,73,35,Sandy,Maize,33,10,20,20-20
35,30,76,Sandy,Sugarcane,18,46,48,20-20
22,32,52,Black,Cotton,33,48,21,20-20
38,75,29,Red,Wheat,35,43,19,20-20
31,55,38,Red,Rice,3,48,11,Urea
35,60,56,Red,Wheat,9,40,5,Urea
30,37,69,Sandy,Sugarcane,16,12,28,20-20
29,72,22,Red,Cotton,15,7,44,MOP
39,88,55,Sandy,Maize,20,21,39,20-20
23,75,23,Sandy,Wheat,27,37,34,20-20
31,37,30,Loamy,Sugarcane,7,26,10,Urea
21,64,60,Black,Ground Nuts,28,25,32,20-20
38,68,52,Red,Sugarcane,5,22,24,Urea
24,57,47,Sandy,Sugarcane,29,38,13,20-20
27,80,51,Black,Cotton,1,30,28,Urea
26,33,76,Sandy,Sugarcane,46,28,12,20-20
33,86,35,Black,Sugarcane,30,0,14,MOP
22,45,28,Sandy,Sugarcane,24,9,7,DAP
37,42,30,Red,Wheat,22,46,46,20-20
35,49,25,Loamy,Sugarcane,42,45,44,28-28
38,80,78,Loamy,Cotton,20,3,32,MOP
38,34,68,Loamy,Ground Nuts,15,30,10,20-20
37,84,46,Sandy,Wheat,3,3,14,Urea
39,66,31,Black,Ground Nuts,42,28,20,20-20
35,49,41,Red,Sugarcane,45,8,35,MOP
27,53,59,Red,Maize,7,14,5,Urea
20,65,67,Sandy,Ground Nuts,5,43,24,Urea
36,63,56,Loamy,Cotton,26,40,43,20-20
31,87,40,Sandy,Maize,35,2,0,DAP
30,74,52,Black,Cotton,35,14,41,20-20
24,77,36,Loamy,Maize,23,10,49,20-20
31,83,75,Sandy,Sugarcane,5,5,32,Urea
36,63,48,Black,Maize,42,46,38,28-28
25,48,72,Loamy,Ground Nuts,32,6,31,MOP
20,46,59,Red,Maize,1,45,1,Urea
24,34,29,Black,Cotton,40,3,24,MOP
33,54,37,Red,Sugarcane,15,20,39,20-20
24,47,66,Black,Cotton,37,0,32,MOP
20,89,71,Loamy,Sugarcane,8,22,37,Urea
37,84,32,Sandy,Ground Nuts,4,12,10,Urea
35,82,46,Sandy,Rice,9,42,18,Urea
28,79,29,Sandy,Wheat,29,27,24,20-20
38,37,51,Sandy,Ground Nuts,6,28,27,Urea
24,56,60,Black,Ground Nuts,28,17,9,DAP
21,44,64,Sandy,Wheat,1,22,30,Urea
34,74,22,Sandy,Cotton,19,27,15,20-20
26,42,41,Black,Ground Nuts,3,8,47,Urea
23,45,46,Black,Sugarcane,27,42,41,20-20
20,51,74,Loamy,Maize,7,5,17,Urea
32,49,22,Black,Ground Nuts,34,15,21,20-20
39,42,52,Red,Wheat,1,36,49,Urea
26,49,21,Loamy,Ground Nuts,40,0,34,MOP
34,31,30,Loamy,Cotton,27,21,11,20-20
33,64,65,Sandy,Cotton,10,45,41,20-20
38,76,29,Sandy,Cotton,35,22,27,20-20
39,84,58,Red,Sugarcane,8,20,47,Urea
37,48,74,Sandy,Ground Nuts,37,30,8,DAP
29,74,79,Black,Cotton,0,37,29,Urea
28,66,52,Black,Rice,26,27,17,20-20
27,87,77,Sandy,Maize,2,43,44,Urea
29,83,26,Sandy,Cotton,38,26,23,28-28
36,35,34,Black,Sugarcane,8,38,45,Urea
21,43,45,Loamy,Maize,39,41,18,20-20
25,33,30,Red,Maize,27,41,13,20-20
24,51,57,Red,Wheat,20,12,1,DAP
28,80,46,Loamy,Cotton,27,31,10,20-20
24,84,73,Red,Cotton,44,6,25,MOP
37,68,58,Sandy,Ground Nuts,23,32,7,DAP
39,65,26,Sandy,Sugarcane,17,46,2,DAP
28,63,20,Sandy,Rice,8,45,14,Urea
36,56,29,Red,Ground Nuts,25,12,44,20-20
36,36,40,Loamy,Rice,23,31,39,20-20
31,32,34,Sandy,Wheat,5,6,12,Urea
26,76,49,Loamy,Rice,11,11,15,20-20
22,62,49,Black,Sugarcane,35,39,21,20-20
29,31,27,Black,Wheat,8,14,32,Urea
21,71,43,Black,Cotton,9,48,1,Urea
22,45,38,Red,Rice,2,20,44,Urea
35,54,22,Red,Sugarcane,48,11,28,28-28
21,89,74,Sandy,Sugarcane,28,12,45,20-20
29,44,34,Black,Cotton,6,39,33,Urea
25,53,55,Loamy,Sugarcane,25,41,15,20-20
30,44,25,Red,Wheat,7,38,13,Urea
26,60,76,Loamy,Wheat,42,1,38,MOP
34,43,61,Loamy,Ground Nuts,12,28,45,20-20
25,83,69,Sandy,Maize,34,47,49,20-20
39,43,67,Sandy,Cotton,18,28,48,20-20
28,35,37,Loamy,Sugarcane,45,35,4,DAP
39,43,57,Loamy,Rice,21,37,42,20-20
31,46,38,Loamy,Ground Nuts,15,6,17,MOP
38,47,68,Loamy,Wheat,14,29,47,20-20
39,49,69,Black,Cotton,1,22,25,Urea
22,80,49,Loamy,Cotton,37,27,9,DAP
34,46,32,Red,Wheat,20,22,5,DAP
21,45,58,Sandy,Maize,29,35,13,20-20
21,69,71,Red,Cotton,6,41,1,Urea
22,68,31,Sandy,Sugarcane,30,28,26,20-20
25,81,53,Sandy,Rice,40,3,8,DAP
34,61,78,Sandy,Rice,40,19,12,20-20
29,89,31,Red,Wheat,48,4,20,MOP
28,73,63,Sandy,Cotton,34,45,43,20-20
20,38,43,Loamy,Rice,3,10,1,Urea
35,56,23,Loamy,Cotton,33,1,2,DAP
25,75,55,Black,Wheat,0,40,12,Urea
28,81,69,Black,Maize,9,43,20,Urea
23,62,67,Black,Rice,29,23,32,20-20
21,39,33,Loamy,Sugarcane,31,32,19,20-20
23,46,36,Red,Ground Nuts,2,21,35,Urea
20,78,68,Black,Wheat,9,46,17,Urea
38,78,22,Loamy,Ground Nuts,8,5,24,Urea
29,65,57,Sandy,Maize,16,23,44,20-20
34,46,42,Red,Sugarcane,46,28,37,28-28
38,47,32,Red,Ground Nuts,2,48,24,Urea
35,81,28,Loamy,Sugarcane,26,31,37,20-20
23,52,40,Loamy,Rice,34,46,14,20-20
21,63,60,Sandy,Cotton,3,29,49,Urea
32,37,27,Sandy,Wheat,3,45,16,Urea
20,42,36,Sandy,Sugarcane,48,40,45,28-28
36,52,35,Red,Rice,31,2,35,MOP
32,86,35,Red,Maize,37,24,28,28-28
23,83,78,Black,Sugarcane,10,27,32,20-20
26,49,47,Black,Maize,43,14,31,28-28
36,51,70,Black,Wheat,38,16,7,DAP
28,76,75,Red,Rice,44,1,42,MOP
23,81,35,Sandy,Maize,5,26,12,Urea
38,52,76,Black,Cotton,34,35,16,20-20
20,70,65,Sandy,Ground Nuts,45,13,20,20-20
29,64,71,Sandy,Maize,31,42,13,20-20
23,32,65,Sandy,Maize,45,31,24,28-28
28,63,33,Black,Rice,22,11,48,20-20
32,62,65,Black,Rice,41,22,23,28-28
33,75,63,Sandy,Sugarcane,36,15,32,28-28
29,46,57,Black,Ground Nuts,25,43,7,DAP
25,74,39,Loamy,Maize,33,1,27,MOP
35,48,64,Black,Maize,37,6,18,MOP
25,59,67,Sandy,Rice,10,20,10,20-20
36,52,60,Sandy,Cotton,49,30,9,DAP
29,44,53,Red,Rice,20,22,0,DAP
37,88,73,Red,Cotton,42,24,4,DAP
37,86,78,Sandy,Ground Nuts,23,34,15,20-20
22,43,48,Loamy,Rice,14,34,19,20-20
39,31,22,Red,Ground Nuts,2,44,19,Urea
34,68,29,Sandy,Wheat,1,6,27,Urea
34,78,39,Red,Maize,6,4,4,Urea
23,47,21,Red,Ground Nuts,4,31,47,Urea
28,35,46,Sandy,Cotton,44,4,2,DAP
38,88,51,Black,Wheat,39,24,29,28-28
36,61,75,Loamy,Cotton,28,30,22,20-20
30,50,29,Black,Sugarcane,40,19,33,28-28
28,69,59,Sandy,Sugarcane,31,21,48,20-20
29,57,36,Sandy,Maize,29,37,27,20-20
37,56,77,Loamy,Wheat,7,12,0,Urea
39,31,73,Sandy,Wheat,31,38,47,20-20
32,62,52,Red,Sugarcane,41,1,26,MOP
27,45,25,Loamy,Maize,1,21,33,Urea
26,68,58,Black,Ground Nuts,9,8,30,Urea
36,51,66,Loamy,Sugarcane,42,1,31,MOP
34,85,37,Black,Wheat,42,44,6,DAP
39,72,28,Sandy,Cotton,36,31,42,28-28
34,76,27,Black,Wheat,45,7,37,MOP
20,42,44,Black,Maize,2,15,33,Urea
33,85,50,Black,Wheat,22,32,45,20-20
24,31,61,Loamy,Rice,33,10,3,DAP
30,43,23,Red,Wheat,17,31,18,20-20
35,85,39,Black,Rice,32,7,21,MOP
21,67,47,Loamy,Sugarcane,32,31,28,20-20
27,70,59,Loamy,Ground Nuts,16,20,33,20-20
30,57,20,Red,Rice,5,24,33,Urea
37,36,59,Loamy,Wheat,12,19,44,20-20
22,47,74,Sandy,Ground Nuts,20,0,44,MOP
20,85,63,Sandy,Ground Nuts,30,20,2,DAP
30,70,42,Sandy,Wheat,20,6,20,MOP
35,84,76,Red,Wheat,32,24,37,20-20
37,65,66,Loamy,Maize,27,8,20,MOP
35,70,32,Sandy,Sugarcane,5,21,16,Urea
29,65,35,Black,Rice,7,1,28,Urea
37,73,45,Loamy,Cotton,12,18,32,20-20
25,33,74,Sandy,Rice,33,5,38,MOP
38,86,50,Loamy,Wheat,39,4,25,MOP
23,59,69,Sandy,Cotton,21,44,6,DAP
32,53,20,Black,Cotton,0,9,44,Urea
33,49,36,Loamy,Rice,12,0,8,DAP
22,75,35,Sandy,Rice,0,25,17,Urea
29,85,74,Sandy,Rice,9,25,0,Urea
25,60,56,Black,Rice,4,17,10,Urea
20,53,71,Black,Sugarcane,19,20,21,20-20
33,36,72,Sandy,Maize,12,45,31,20-20
27,55,29,Sandy,Maize,36,11,42,28-28
38,42,77,Red,Rice,9,37,9,Urea
33,83,57,Red,Maize,2,13,48,Urea
29,37,63,Loamy,Rice,33,48,26,20-20
36,84,50,Loamy,Rice,33,31,48,20-20
28,34,29,Red,Rice,29,38,11,20-20
25,73,73,Sandy,Ground Nuts,36,34,29,28-28
30,42,68,Black,Sugarcane,3,16,9,Urea
26,58,53,Loamy,Wheat,33,9,11,MOP
36,49,70,Sandy,Maize,31,34,37,20-20
20,43,71,Black,Maize,20,15,20,20-20
24,61,25,Black,Sugarcane,40,5,26,MOP
28,89,47,Sandy,Sugarcane,23,3,5,DAP
37,79,47,Sandy,Rice,8,8,37,Urea
21,56,78,Loamy,Rice,40,28,7,DAP
30,85,32,Red,Ground Nuts,23,6,36,MOP
25,54,60,Sandy,Ground Nuts,24,15,5,DAP
27,81,31,Red,Wheat,35,5,33,MOP
23,33,69,Loamy,Maize,7,43,48,Urea
37,50,59,Red,Sugarcane,49,2,39,MOP
30,47,76,Red,Wheat,40,43,21,28-28
24,68,69,Black,Maize,28,13,28,20-20
34,44,76,Loamy,Wheat,24,13,8,DAP
37,82,74,Sandy,Wheat,34,8,20,MOP
21,67,76,Red,Rice,37,35,31,28-28
30,77,73,Loamy,Wheat,27,22,7,DAP
32,81,21,Black,Rice,18,14,42,20-20
23,53,27,Black,Maize,31,6,9,DAP
26,37,61,Red,Ground Nuts,36,19,48,28-28
30,57,28,Red,Maize,48,18,22,28-28
23,50,79,Sandy,Rice,27,5,19,MOP
34,45,75,Loamy,Ground Nuts,34,38,12,20-20
20,89,69,Sandy,Cotton,7,0,21,Urea
22,83,27,Sandy,Ground Nuts,40,6,40,MOP
33,45,70,Black,Wheat,22,34,14,20-20
25,64,22,Loamy,Maize,39,24,30,28-28
37,46,28,Sandy,Wheat,45,37,44,28-28
20,38,32,Black,Ground Nuts,22,22,31,20-20
25,86,28,Red,Cotton,31,24,44,20-20
25,64,50,Sandy,Wheat,9,37,12,Urea
35,81,44,Red,Cotton,16,10,24,20-20
24,58,71,Loamy,Sugarcane,34,33,20,20-20
36,68,63,Sandy,Cotton,34,30,3,DAP
29,47,74,Red,Maize,2,37,41,Urea
37,41,64,Red,Ground Nuts,35,49,14,20-20
26,48,27,Loamy,Rice,28,45,20,20-20
22,77,66,Black,Rice,48,11,41,28-28
32,51,50,Black,Wheat,45,8,7,DAP
34,88,64,Sandy,Ground Nuts,26,12,30,20-20
39,85,72,Red,Sugarcane,30,19,9,DAP
38,78,64,Black,Wheat,33,20,20,20-20
22,81,50,Sandy,Cotton,11,21,16,20-20
23,44,36,Red,Rice,36,0,4,DAP
24,30,66,Sandy,Cotton,24,39,12,20-20
20,31,76,Loamy,Rice,1,40,20,Urea
23,37,73,Sandy,Rice,29,16,43,20-20
31,51,38,Loamy,Rice,43,44,11,20-20
29,54,22,Red,Ground Nuts,8,3,24,Urea
39,31,65,Red,Maize,22,5,27,MOP
32,80,49,Red,Ground Nuts,8,44,1,Urea
33,38,29,Sandy,Cotton,19,48,20,20-20
24,38,68,Red,Ground Nuts,0,18,40,Urea
23,42,48,Red,Wheat,38,29,21,28-28
33,35,59,Loamy,Sugarcane,22,22,1,DAP
29,59,37,Red,Wheat,17,31,29,20-20
36,44,31,Red,Ground Nuts,41,28,0,DAP
29,80,68,Red,Cotton,31,7,45,MOP
26,82,42,Black,Sugarcane,46,20,12,20-20
35,44,30,Red,Wheat,8,16,2,Urea
20,79,28,Sandy,Sugarcane,10,16,19,20-20
36,36,73,Loamy,Cotton,0,20,4,Urea
28,87,75,Red,Rice,10,14,1,DAP
25,40,43,Sandy,Cotton,32,26,25,20-20
38,69,44,Loamy,Maize,29,24,28,20-20
32,67,74,Loamy,Sugarcane,4,32,17,Urea
22,69,44,Sandy,Cotton,49,1,8,DAP
26,31,66,Sandy,Rice,0,41,21,Urea
28,80,28,Black,Rice,9,15,27,Urea
24,77,31,Black,Cotton,12,35,11,20-20
29,68,30,Red,Wheat,26,7,36,MOP
36,39,68,Black,Cotton,7,15,17,Urea
31,73,57,Sandy,Rice,27,6,33,MOP
35,46,47,Black,Cotton,44,4,41,MOP
22,36,27,Loamy,Maize,1,22,41,Urea
28,83,29,Sandy,Wheat,11,7,2,DAP
34,69,44,Red,Cotton,26,2,45,MOP
24,68,66,Loamy,Rice,12,34,4,DAP
32,33,55,Loamy,Cotton,21,49,22,20-20
33,64,69,Loamy,Cotton,39,35,12,20-20
39,80,62,Sandy,Sugarcane,14,35,23,20-20
34,76,28,Sandy,Cotton,30,14,27,20-20
35,65,60,Red,Maize,6,29,16,Urea
32,60,79,Black,Rice,38,14,5,DAP
36,54,27,Black,Ground Nuts,48,28,26,28-28
27,70,22,Black,Sugarcane,34,3,44,MOP
21,42,72,Black,Ground Nuts,6,33,28,Urea
24,47,37,Loamy,Cotton,11,22,11,20-20
25,50,65,Sandy,Wheat,13,34,34,20-20
31,77,54,Black,Maize,33,27,47,20-20
37,30,36,Loamy,Maize,38,30,4,DAP
20,65,55,Sandy,Maize,47,41,1,DAP
36,79,72,Sandy,Sugarcane,8,32,10,Urea
30,37,47,Sandy,Cotton,32,17,3,DAP
29,81,69,Loamy,Maize,11,4,21,MOP
38,77,34,Black,Cotton,33,8,0,DAP
33,50,38,Sandy,Wheat,26,19,44,20-20
29,72,79,Loamy,Cotton,21,37,49,20-20
34,81,41,Sandy,Ground Nuts,17,8,15,MOP
38,82,25,Red,Cotton,45,17,1,DAP
23,82,66,Red,Cotton,43,14,40,28-28
21,50,26,Loamy,Rice,17,14,26,20-20
28,56,63,Black,Ground Nuts,36,13,11,20-20
29,48,67,Black,Sugarcane,6,34,4,Urea
30,52,28,Sandy,Cotton,3,39,4,Urea
33,80,39,Black,Maize,44,42,21,28-28
26,79,56,Black,Rice,15,35,12,20-20
34,80,30,Red,Cotton,21,46,15,20-20
38,72,21,Loamy,Rice,47,41,25,28-28
34,64,41,Red,Sugarcane,35,19,8,DAP
27,69,67,Loamy,Rice,19,10,47,20-20
30,81,55,Sandy,Maize,30,40,31,20-20
28,80,24,Red,Cotton,32,16,18,20-20
34,71,26,Loamy,Maize,12,40,35,20-20
20,77,25,Black,Wheat,19,24,27,20-20
20,34,75,Loamy,Rice,40,28,14,20-20
38,81,41,Black,Rice,41,22,8,DAP
22,70,29,Sandy,Rice,37,8,15,MOP
29,37,65,Black,Ground Nuts,21,24,5,DAP
27,40,59,Loamy,Sugarcane,38,40,7,DAP
34,45,65,Red,Ground Nuts,22,22,32,20-20
29,68,65,Loamy,Maize,47,1,31,MOP
20,76,39,Red,Wheat,48,44,45,28-28
37,53,47,Loamy,Sugarcane,32,0,35,MOP
21,50,42,Loamy,Sugarcane,40,37,41,28-28
38,81,54,Sandy,Cotton,29,5,47,MOP
32,52,20,Black,Wheat,13,47,35,20-20
20,78,48,Loamy,Rice,46,43,33,28-28
21,67,28,Red,Ground Nuts,35,14,1,DAP
35,76,28,Black,Rice,7,6,12,Urea
34,37,41,Sandy,Cotton,46,1,42,MOP
32,36,21,Black,Ground Nuts,21,29,9,DAP
35,31,35,Loamy,Rice,3,28,37,Urea
36,59,59,Red,Maize,34,11,6,DAP
26,42,77,Red,Rice,7,33,46,Urea
36,52,25,Black,Ground Nuts,33,29,2,DAP
26,58,74,Red,Maize,21,35,26,20-20
32,67,32,Loamy,Cotton,24,34,13,20-20
24,66,52,Red,Cotton,24,1,29,MOP
36,49,38,Red,Maize,39,49,33,28-28
22,62,34,Red,Ground Nuts,39,2,22,MOP
26,58,52,Loamy,Ground Nuts,16,41,47,20-20
36,79,29,Sandy,Rice,15,11,16,20-20
26,44,20,Red,Cotton,47,3,14,MOP
20,52,79,Sandy,Cotton,47,6,44,MOP
36,71,31,Black,Maize,38,19,43,28-28
36,32,62,Black,Cotton,14,18,6,DAP
30,66,48,Loamy,Rice,16,7,2,DAP
22,85,36,Loamy,Cotton,34,2,8,DAP
34,58,23,Loamy,Maize,32,26,2,DAP
30,74,48,Loamy,Rice,39,14,47,28-28
35,37,74,Sandy,Wheat,38,7,34,MOP
28,51,26,Loamy,Maize,17,17,39,20-20
20,82,63,Sandy,Wheat,29,28,7,DAP
35,58,32,Red,Cotton,22,45,25,20-20
28,31,24,Red,Rice,36,35,14,20-20
38,70,79,Black,Cotton,46,2,4,DAP
31,78,25,Black,Rice,6,8,12,Urea
38,88,53,Sandy,Sugarcane,9,9,14,Urea
28,79,72,Loamy,Cotton,15,39,38,20-20
26,74,26,Black,Cotton,27,19,11,20-20
33,30,65,Sandy,Cotton,22,1,34,MOP
38,73,76,Black,Ground Nuts,33,0,7,DAP
38,49,73,Loamy,Maize,17,26,9,DAP
21,81,47,Sandy,Ground Nuts,46,3,33,MOP
28,50,65,Black,Rice,22,47,7,DAP
32,66,29,Loamy,Rice,19,36,21,20-20
34,37,23,Sandy,Rice,30,31,49,20-20
22,56,22,Sandy,Maize,13,17,11,20-20
30,76,44,Sandy,Rice,22,13,21,20-20
33,88,42,Red,Ground Nuts,1,44,26,Urea
27,64,46,Sandy,Ground Nuts,28,47,17,20-20
37,35,33,Black,Cotton,49,14,18,20-20
38,89,57,Sandy,Wheat,8,3,4,Urea
35,74,51,Sandy,Sugarcane,32,18,15,20-20
21,73,42,Sandy,Rice,47,23,48,28-28
27,48,66,Sandy,Maize,43,29,40,28-28
25,47,59,Sandy,Maize,11,12,9,DAP
31,85,56,Red,Rice,18,10,18,20-20
34,30,22,Loamy,Wheat,41,27,43,28-28
27,54,54,Red,Ground Nuts,19,49,0,DAP
23,56,32,Black,Rice,36,10,21,28-28
34,36,53,Loamy,Maize,30,0,16,MOP
39,73,43,Black,Sugarcane,34,46,34,20-20
36,71,20,Sandy,Wheat,40,41,38,28-28
32,58,31,Black,Rice,20,3,8,DAP
37,60,27,Red,Sugarcane,46,37,4,DAP
21,73,38,Red,Rice,45,33,8,DAP
32,72,28,Sandy,Wheat,42,48,10,20-20
32,65,47,Sandy,Maize,12,11,13,20-20
34,48,33,Loamy,Ground Nuts,38,23,45,28-28
39,35,79,Red,Ground Nuts,26,36,39,20-20
29,54,46,Red,Wheat,24,31,23,20-20
22,60,37,Loamy,Cotton,1,18,19,Urea
38,38,61,Red,Ground Nuts,34,28,32,20-20
22,49,60,Loamy,Rice,7,37,3,Urea
33,39,25,Red,Sugarcane,32,48,15,20-20
27,66,52,Black,Sugarcane,24,28,24,20-20
23,56,56,Black,Ground Nuts,20,18,0,DAP
39,42,61,Loamy,Wheat,35,19,23,20-20
30,70,44,Loamy,Wheat,12,2,2,DAP
30,31,32,Sandy,Wheat,45,39,31,28-28
30,79,73,Red,Sugarcane,8,4,33,Urea
21,50,42,Black,Maize,34,22,48,20-20
36,62,55,Sandy,Sugarcane,45,4,24,MOP
28,53,52,Red,Maize,35,29,42,20-20
21,82,40,Black,Wheat,48,31,2,DAP
34,73,53,Red,Cotton,46,23,6,DAP
35,71,75,Loamy,Sugarcane,43,48,41,28-28
23,63,55,Black,Wheat,45,41,34,28-28
27,89,36,Black,Sugarcane,9,34,28,Urea
28,38,29,Sandy,Wheat,4,31,39,Urea
24,31,42,Red,Sugarcane,30,44,24,20-20
35,84,63,Loamy,Rice,23,47,27,20-20
32,85,78,Loamy,Sugarcane,31,43,23,20-20
26,59,21,Red,Rice,48,21,4,DAP
39,51,54,Red,Maize,48,20,26,28-28
36,75,33,Loamy,Sugarcane,2,27,9,Urea
22,40,76,Red,Maize,15,48,11,20-20
24,84,66,Sandy,Cotton,40,33,17,20-20
38,72,64,Red,Ground Nuts,48,15,37,28-28
31,46,60,Sandy,Ground Nuts,19,10,7,DAP
26,65,21,Sandy,Rice,43,32,49,28-28
28,42,38,Red,Sugarcane,23,43,37,20-20
25,36,35,Black,Ground Nuts,33,37,29,20-20
36,45,62,Black,Maize,47,18,8,DAP
35,62,63,Sandy,Ground Nuts,22,27,47,20-20
22,74,44,Red,Ground Nuts,37,28,42,28-28
23,30,20,Sandy,Wheat,1,36,24,Urea
29,40,21,Red,Ground Nuts,40,2,29,MOP
24,35,67,Red,Maize,4,17,1,Urea
29,49,46,Loamy,Ground Nuts,17,17,16,20-20
31,64,21,Black,Sugarcane,49,11,44,28-28
29,73,77,Black,Ground Nuts,28,17,6,DAP
32,66,49,Loamy,Cotton,9,31,21,Urea
30,70,70,Loamy,Ground Nuts,41,41,9,DAP
35,55,29,Loamy,Rice,41,35,25,28-28
27,87,38,Sandy,Wheat,49,18,12,20-20
27,41,61,Sandy,Maize,15,3,41,MOP
27,59,35,Sandy,Ground Nuts,22,10,27,20-20
32,57,32,Sandy,Ground Nuts,29,2,35,MOP
21,56,67,Sandy,Sugarcane,5,26,10,Urea
31,71,69,Black,Sugarcane,43,46,8,DAP
29,48,75,Black,Rice,35,15,15,20-20
31,34,27,Red,Wheat,19,43,16,20-20
30,87,75,Black,Maize,15,17,4,DAP
34,34,69,Loamy,Maize,27,29,4,DAP
35,70,50,Black,Maize,25,23,37,20-20
36,56,64,Loamy,Rice,21,5,30,MOP
21,57,44,Black,Rice,10,46,1,DAP
37,55,78,Sandy,Ground Nuts,0,33,26,Urea
31,56,58,Black,Wheat,4,11,45,Urea
38,81,79,Red,Maize,48,41,42,28-28
37,78,40,Sandy,Maize,42,22,18,20-20
36,71,74,Sandy,Ground Nuts,45,35,42,28-28
25,50,75,Red,Wheat,40,39,24,28-28
34,30,76,Black,Wheat,41,14,37,28-28
22,83,69,Black,Wheat,35,15,12,20-20
25,57,57,Red,Sugarcane,1,44,28,Urea
22,77,60,Sandy,Wheat,5,46,18,Urea
20,87,48,Red,Cotton,26,13,34,20-20
32,87,25,Loamy,Rice,25,14,24,20-20
33,44,37,Loamy,Wheat,34,11,47,20-20
32,84,68,Black,Sugarcane,12,42,8,DAP
23,46,63,Sandy,Cotton,11,34,34,20-20
26,55,54,Loamy,Sugarcane,17,24,14,20-20
29,49,46,Red,Sugarcane,37,13,21,28-28
26,54,24,Black,Ground Nuts,41,1,12,MOP
34,42,26,Black,Sugarcane,5,17,48,Urea
34,62,29,Sandy,Sugarcane,27,34,29,20-20
23,54,29,Loamy,Maize,27,8,20,MOP
25,37,70,Black,Rice,24,10,24,20-20
39,34,76,Red,Ground Nuts,4,25,24,Urea
24,35,77,Loamy,Ground Nuts,14,2,39,MOP
39,52,47,Black,Maize,46,4,21,MOP
31,81,55,Black,Cotton,43,31,45,28-28
20,59,29,Loamy,Maize,8,40,40,Urea
27,43,69,Loamy,Ground Nuts,44,9,2,DAP
20,83,54,Sandy,Cotton,47,37,8,DAP
24,52,72,Red,Ground Nuts,1,5,23,Urea
25,40,54,Sandy,Wheat,48,10,43,28-28
22,60,56,Sandy,Cotton,8,16,46,Urea
34,35,67,Red,Ground Nuts,25,1,31,MOP
24,40,39,Red,Maize,22,40,16,20-20
33,42,32,Sandy,Ground Nuts,27,23,40,20-20
37,41,30,Loamy,Maize,5,49,23,Urea
35,83,77,Red,Cotton,3,4,7,Urea
25,31,64,Sandy,Maize,29,20,5,DAP
33,82,38,Loamy,Cotton,46,5,8,DAP
27,64,47,Black,Sugarcane,17,3,14,MOP
26,84,57,Loamy,Rice,29,8,23,MOP
27,65,75,Sandy,Cotton,26,4,49,MOP
32,46,64,Red,Sugarcane,43,3,10,MOP
25,57,79,Loamy,Sugarcane,30,8,30,MOP
37,57,23,Loamy,Sugarcane,43,17,45,28-28
21,51,76,Loamy,Sugarcane,48,42,44,28-28
27,67,73,Red,Cotton,38,15,44,28-28
30,36,56,Red,Maize,29,1,12,MOP
20,44,38,Loamy,Sugarcane,36,28,29,28-28
25,61,56,Loamy,Wheat,11,47,24,20-20
35,40,72,Sandy,Sugarcane,16,41,47,20-20
39,53,33,Red,Maize,33,35,11,20-20
31,32,50,Loamy,Maize,27,11,20,20-20
30,59,47,Red,Rice,3,40,23,Urea
29,35,79,Red,Rice,33,44,25,20-20
22,87,55,Red,Sugarcane,45,36,49,28-28
32,31,63,Sandy,Sugarcane,13,33,11,20-20
22,43,57,Black,Ground Nuts,12,34,36,20-20
34,70,38,Red,Ground Nuts,48,39,48,28-28
35,47,61,Red,Rice,48,5,20,MOP
32,80,20,Loamy,Sugarcane,49,36,22,28-28
36,73,42,Red,Ground Nuts,2,35,0,Urea
22,60,74,Black,Wheat,20,19,44,20-20
39,42,47,Red,Cotton,15,15,9,DAP
30,55,67,Sandy,Rice,37,7,34,MOP
38,73,23,Loamy,Rice,25,43,37,20-20
30,41,60,Black,Maize,5,21,47,Urea
35,47,79,Sandy,Sugarcane,17,4,27,MOP
22,38,37,Black,Rice,40,4,0,DAP
25,78,68,Loamy,Rice,49,44,7,DAP
33,50,66,Red,Ground Nuts,5,10,40,Urea
37,77,70,Loamy,Wheat,40,42,22,28-28
36,78,58,Loamy,Sugarcane,49,18,19,20-20
23,82,44,Red,Cotton,24,38,31,20-20
34,85,37,Sandy,Wheat,47,16,22,28-28
30,69,25,Black,Cotton,23,36,6,DAP
22,72,38,Sandy,Maize,29,37,10,20-20
22,53,72,Red,Rice,22,17,7,DAP
35,63,31,Black,Ground Nuts,44,49,42,28-28
24,37,44,Red,Wheat,42,8,13,MOP
29,73,54,Sandy,Cotton,7,49,13,Urea
38,82,20,Loamy,Sugarcane,48,16,35,28-28
23,62,24,Black,Maize,8,40,40,Urea
38,52,20,Red,Maize,5,32,39,Urea
30,42,27,Black,Rice,32,19,46,20-20
21,83,58,Black,Rice,32,17,26,20-20
29,82,66,Sandy,Cotton,44,23,19,20-20
30,78,62,Loamy,Cotton,6,12,37,Urea
39,43,37,Black,Maize,41,39,24,28-28
35,43,65,Sandy,Cotton,17,27,47,20-20
38,45,78,Black,Rice,5,45,47,Urea
30,78,28,Loamy,Maize,44,2,28,MOP
33,67,24,Black,Maize,36,35,13,20-20
21,87,74,Loamy,Sugarcane,20,10,27,20-20
24,89,23,Sandy,Sugarcane,25,38,29,20-20
24,68,63,Sandy,Cotton,14,20,14,20-20
38,55,48,Loamy,Cotton,43,36,20,20-20
31,55,20,Loamy,Rice,29,1,11,MOP
37,30,49,Sandy,Rice,10,5,49,MOP
23,61,75,Loamy,Sugarcane,7,4,10,Urea
36,86,64,Loamy,Maize,4,46,38,Urea
29,44,20,Red,Wheat,7,42,5,Urea
39,81,22,Black,Ground Nuts,4,31,2,Urea
25,50,41,Sandy,Ground Nuts,9,36,40,Urea
33,47,27,Sandy,Wheat,14,49,14,20-20
30,59,75,Red,Cotton,37,39,33,28-28
30,89,37,Loamy,Ground Nuts,49,10,3,DAP
37,87,44,Loamy,Ground Nuts,2,16,33,Urea
37,42,67,Loamy,Wheat,40,13,37,28-28
30,53,71,Sandy,Wheat,9,1,43,Urea
31,59,39,Red,Sugarcane,6,38,38,Urea
24,31,50,Black,Maize,23,17,40,20-20
28,48,49,Red,Rice,25,32,5,DAP
28,76,35,Sandy,Sugarcane,33,29,21,20-20
29,73,21,Black,Ground Nuts,7,14,36,Urea
38,76,36,Loamy,Rice,38,28,31,28-28
20,54,29,Red,Sugarcane,4,25,27,Urea
26,79,26,Red,Sugarcane,35,0,25,MOP
23,43,78,Sandy,Wheat,42,16,3,DAP
20,35,61,Red,Rice,25,38,9,DAP
34,41,70,Black,Sugarcane,9,47,26,Urea
27,49,71,Red,Wheat,32,1,19,MOP
31,52,78,Sandy,Cotton,35,14,35,20-20
37,59,28,Red,Rice,30,21,4,DAP
34,59,73,Black,Sugarcane,37,19,16,20-20
36,67,36,Black,Ground Nuts,49,28,49,28-28
33,87,28,Sandy,Cotton,24,24,31,20-20
33,59,28,Loamy,Wheat,44,42,34,28-28
37,70,56,Sandy,Sugarcane,12,23,22,20-20
39,59,43,Loamy,Ground Nuts,0,33,12,Urea
37,86,58,Black,Wheat,35,42,0,DAP
35,87,30,Red,Wheat,35,20,30,20-20
20,65,27,Red,Ground Nuts,49,47,18,20-20
30,78,44,Black,Wheat,23,1,22,MOP
34,63,65,Sandy,Rice,26,15,33,20-20
31,45,21,Red,Cotton,17,39,3,DAP
27,53,29,Sandy,Cotton,49,20,47,28-28
39,43,72,Red,Maize,46,36,47,28-28
25,55,43,Loamy,Sugarcane,49,7,48,MOP
22,37,67,Red,Wheat,14,13,43,20-20
32,43,35,Loamy,Sugarcane,16,45,33,20-20
32,60,38,Red,Cotton,28,21,29,20-20
21,31,78,Red,Cotton,4,17,9,Urea
24,77,50,Red,Wheat,10,4,5,DAP
36,33,30,Red,Rice,15,41,11,20-20
25,30,25,Red,Ground Nuts,33,46,11,20-20
21,84,25,Sandy,Wheat,16,44,48,20-20
23,49,51,Loamy,Wheat,32,29,17,20-20
30,88,58,Loamy,Maize,49,30,35,28-28
27,43,67,Red,Ground Nuts,48,8,34,MOP
31,69,32,Sandy,Rice,30,30,24,20-20
27,54,78,Sandy,Sugarcane,17,30,48,20-20
30,89,22,Black,Ground Nuts,24,40,40,20-20
39,54,75,Black,Rice,4,8,21,Urea
27,32,75,Sandy,Wheat,29,36,29,20-20
27,34,60,Black,Wheat,44,5,43,MOP
36,67,75,Loamy,Wheat,22,41,28,20-20
39,83,54,Sandy,Wheat,37,25,6,DAP
39,55,57,Black,Wheat,44,9,47,MOP
35,69,76,Sandy,Ground Nuts,17,5,39,MOP
33,67,36,Black,Ground Nuts,31,32,2,DAP
30,67,22,Sandy,Ground Nuts,29,44,20,20-20
26,33,53,Red,Rice,28,29,44,20-20
35,36,31,Loamy,Wheat,35,39,19,20-20
32,59,43,Black,Cotton,8,23,8,Urea
34,59,25,Red,Ground Nuts,22,27,40,20-20
35,85,61,Sandy,Cotton,2,44,35,Urea
28,48,30,Red,Maize,21,37,13,20-20
22,68,67,Loamy,Sugarcane,39,28,17,20-20
38,64,46,Black,Ground Nuts,44,43,32,28-28
39,69,67,Black,Cotton,30,14,1,DAP
24,62,43,Sandy,Maize,21,7,36,MOP
29,62,37,Loamy,Rice,10,22,30,20-20
36,43,46,Red,Sugarcane,41,42,21,28-28
34,67,73,Sandy,Wheat,42,8,45,MOP
27,39,74,Black,Ground Nuts,2,10,8,Urea
34,86,75,Red,Ground Nuts,13,5,19,MOP
33,57,60,Sandy,Wheat,45,46,19,20-20
39,43,40,Red,Rice,18,48,46,20-20
26,65,78,Red,Sugarcane,30,11,0,DAP
31,67,70,Sandy,Ground Nuts,35,33,29,20-20
36,45,53,Red,Cotton,31,20,18,20-20
36,89,75,Red,Sugarcane,25,31,35,20-20
29,50,52,Loamy,Maize,0,35,13,Urea
38,57,77,Loamy,Ground Nuts,1,24,0,Urea
33,62,67,Black,Rice,5,34,4,Urea
30,35,73,Loamy,Cotton,44,33,9,DAP
21,70,37,Sandy,Sugarcane,13,18,8,DAP
37,44,22,Red,Sugarcane,27,36,48,20-20
26,73,43,Black,Cotton,32,16,13,20-20
31,32,20,Loamy,Maize,24,15,38,20-20
21,72,25,Red,Maize,39,15,17,20-20
39,76,38,Sandy,Sugarcane,17,43,41,20-20
37,64,41,Red,Wheat,45,3,24,MOP
25,43,70,Sandy,Cotton,33,48,35,20-20
29,31,62,Red,Ground Nuts,11,29,30,20-20
39,58,78,Black,Maize,26,33,45,20-20
34,33,27,Black,Ground Nuts,23,4,34,MOP
24,55,24,Loamy,Maize,32,32,26,20-20
39,80,71,Loamy,Maize,14,45,21,20-20
22,41,28,Red,Rice,42,8,10,MOP
24,31,66,Red,Ground Nuts,31,16,9,DAP
27,46,40,Loamy,Wheat,49,11,7,DAP
27,64,47,Loamy,Maize,16,23,40,20-20
27,39,65,Red,Wheat,34,11,27,20-20
31,77,23,Red,Sugarcane,46,14,22,28-28
27,51,75,Red,Sugarcane,44,15,5,DAP
30,70,43,Black,Rice,34,22,13,20-20
33,72,27,Sandy,Wheat,12,17,23,20-20
27,50,71,Sandy,Cotton,8,21,8,Urea
29,44,36,Loamy,Rice,9,45,45,Urea
26,64,53,Black,Maize,0,43,39,Urea
36,77,39,Red,Sugarcane,33,30,37,20-20
23,50,35,Red,Sugarcane,45,42,24,28-28
32,50,29,Loamy,Cotton,36,14,37,28-28
23,50,53,Loamy,Rice,24,20,29,20-20
24,89,62,Black,Wheat,21,7,21,MOP
23,73,29,Sandy,Sugarcane,9,48,1,Urea
37,61,49,Sandy,Maize,25,39,24,20-20
25,84,49,Red,Cotton,18,35,23,20-20
21,34,70,Loamy,Cotton,39,41,36,28-28
30,68,44,Black,Ground Nuts,44,37,2,DAP
33,38,76,Red,Cotton,40,5,42,MOP
24,82,65,Sandy,Maize,49,16,25,28-28
25,47,62,Sandy,Cotton,3,39,29,Urea
29,50,60,Black,Wheat,39,44,28,28-28
27,37,26,Red,Ground Nuts,4,46,6,Urea
33,73,66,Black,Wheat,28,35,8,DAP
22,81,39,Red,Rice,37,27,44,28-28
31,63,36,Sandy,Rice,4,46,29,Urea
35,39,22,Loamy,Wheat,0,22,15,Urea
36,80,66,Loamy,Maize,27,30,43,20-20
20,70,65,Sandy,Ground Nuts,18,45,39,20-20
29,86,59,Loamy,Rice,35,10,13,20-20
29,53,55,Loamy,Cotton,0,19,25,Urea
21,69,45,Red,Wheat,28,31,45,20-20
28,53,29,Black,Sugarcane,35,16,36,20-20
32,85,53,Red,Maize,31,41,9,DAP
35,61,33,Black,Maize,13,37,29,20-20
37,85,27,Black,Wheat,31,5,21,MOP
38,62,74,Loamy,Sugarcane,45,0,29,MOP
31,67,46,Black,Maize,8,36,31,Urea
27,73,29,Black,Ground Nuts,18,3,13,MOP
36,86,76,Sandy,Rice,10,30,22,20-20
34,85,69,Black,Ground Nuts,47,10,16,20-20
29,80,34,Sandy,Sugarcane,3,16,35,Urea
34,88,56,Red,Ground Nuts,40,6,28,MOP
34,78,41,Loamy,Cotton,24,34,23,20-20
26,63,64,Black,Rice,16,1,46,MOP
32,40,69,Sandy,Sugarcane,46,39,10,20-20
36,60,50,Red,Wheat,7,36,40,Urea
28,47,21,Red,Maize,44,36,14,20-20
27,52,64,Red,Rice,0,9,21,Urea
39,89,50,Sandy,Wheat,1,11,26,Urea
37,51,33,Sandy,Sugarcane,9,16,33,Urea
32,72,29,Loamy,Cotton,26,45,32,20-20
35,47,49,Black,Maize,26,25,20,20-20
28,69,55,Red,Maize,12,4,23,MOP
31,76,66,Loamy,Rice,10,4,19,MOP
31,70,59,Sandy,Wheat,13,37,48,20-20
25,76,34,Loamy,Sugarcane,31,46,3,DAP
38,68,33,Red,Sugarcane,15,26,36,20-20
26,49,50,Red,Wheat,28,4,36,MOP
22,42,48,Loamy,Maize,37,7,45,MOP
35,74,46,Red,Wheat,33,30,32,20-20
37,30,40,Sandy,Ground Nuts,25,32,30,20-20
35,81,28,Red,Sugarcane,4,20,33,Urea
26,33,39,Black,Wheat,18,34,21,20-20
23,53,54,Black,Maize,38,20,41,28-28
27,65,77,Red,Rice,27,14,29,20-20
32,65,34,Loamy,Ground Nuts,27,35,4,DAP
32,74,43,Red,Maize,16,1,40,MOP
36,31,68,Black,Cotton,36,29,44,28-28
36,57,76,Sandy,Cotton,43,27,22,28-28
24,55,35,Black,Wheat,18,16,12,20-20
25,52,55,Red,Maize,26,43,8,DAP
38,44,30,Red,Maize,49,19,13,20-20
32,65,76,Loamy,Sugarcane,11,39,16,20-20
33,56,27,Red,Rice,2,28,34,Urea
23,35,22,Red,Ground Nuts,3,4,17,Urea
26,64,38,Sandy,Maize,46,24,11,20-20
27,68,65,Sandy,Ground Nuts,46,9,40,MOP
32,67,60,Sandy,Wheat,10,18,15,20-20
25,64,22,Loamy,Sugarcane,33,40,29,20-20
25,65,55,Loamy,Ground Nuts,17,47,12,20-20
22,39,44,Black,Ground Nuts,34,0,17,MOP
22,59,79,Loamy,Ground Nuts,17,46,11,20-20
32,82,55,Sandy,Ground Nuts,45,33,33,28-28
21,70,30,Loamy,Ground Nuts,5,13,32,Urea
35,67,70,Red,Sugarcane,33,24,5,DAP
25,58,35,Loamy,Wheat,32,25,17,20-20
27,81,74,Red,Ground Nuts,7,20,2,Urea
27,88,73,Black,Ground Nuts,41,15,5,DAP
25,72,36,Red,Wheat,19,9,35,MOP
33,68,61,Sandy,Maize,49,31,48,28-28
22,79,43,Black,Maize,19,43,49,20-20
29,33,36,Black,Sugarcane,42,44,21,28-28
22,34,67,Black,Sugarcane,17,19,6,DAP
31,33,39,Sandy,Rice,26,8,29,MOP
36,65,41,Red,Sugarcane,47,33,1,DAP
24,88,25,Black,Wheat,4,30,31,Urea
39,74,26,Sandy,Ground Nuts,6,18,14,Urea
28,45,33,Black,Wheat,21,46,21,20-20
39,54,30,Black,Rice,33,30,48,20-20
26,43,31,Sandy,Cotton,42,29,37,28-28
23,40,65,Loamy,Cotton,12,46,7,DAP
32,58,24,Black,Wheat,31,23,7,DAP
32,63,24,Loamy,Cotton,23,32,38,20-20
29,51,39,Black,Cotton,15,17,35,20-20
37,43,73,Loamy,Rice,13,20,19,20-20
36,85,74,Red,Ground Nuts,38,30,36,28-28
39,53,77,Loamy,Sugarcane,6,38,7,Urea
39,88,34,Loamy,Sugarcane,43,41,13,20-20
32,68,45,Loamy,Cotton,11,40,19,20-20
36,55,52,Loamy,Maize,19,42,34,20-20
23,72,76,Red,Rice,32,3,24,MOP
20,65,49,Sandy,Ground Nuts,5,25,17,Urea
20,68,43,Loamy,Ground Nuts,39,32,46,28-28
34,45,42,Sandy,Cotton,26,43,20,20-20
32,87,28,Black,Maize,12,32,36,20-20
36,67,22,Sandy,Maize,4,48,46,Urea
27,88,77,Loamy,Ground Nuts,23,19,30,20-20
37,61,55,Sandy,Rice,9,40,5,Urea
32,35,67,Red,Sugarcane,45,7,41,MOP
33,63,26,Red,Ground Nuts,31,35,46,20-20
27,85,41,Loamy,Ground Nuts,8,7,19,Urea
27,37,33,Sandy,Wheat,48,30,27,28-28
34,59,67,Black,Maize,34,21,40,20-20
32,56,48,Red,Wheat,43,41,35,28-28
26,36,69,Loamy,Wheat,11,49,39,20-20
24,56,35,Red,Rice,10,46,25,20-20
36,54,67,Loamy,Ground Nuts,35,18,12,20-20
35,85,53,Sandy,Sugarcane,7,19,48,Urea
21,75,29,Sandy,Rice,9,22,3,Urea
37,70,26,Sandy,Maize,13,23,33,20-20
36,44,44,Sandy,Sugarcane,29,42,36,20-20
26,54,46,Sandy,Ground Nuts,0,23,33,Urea
32,51,34,Loamy,Cotton,11,35,15,20-20
37,47,51,Red,Sugarcane,4,8,22,Urea
33,41,47,Black,Rice,13,39,22,20-20
37,52,28,Red,Rice,35,15,14,20-20
32,80,26,Sandy,Wheat,16,26,24,20-20
30,74,78,Red,Ground Nuts,21,44,28,20-20
35,68,75,Red,Cotton,30,36,35,20-20
36,54,35,Loamy,Ground Nuts,25,12,14,20-20
27,39,45,Black,Sugarcane,12,1,36,MOP
38,59,54,Black,Cotton,2,11,34,Urea
39,39,36,Sandy,Ground Nuts,42,40,45,28-28
34,63,42,Loamy,Wheat,10,32,38,20-20
28,75,27,Loamy,Cotton,4,22,46,Urea
39,42,21,Loamy,Cotton,37,13,36,28-28
29,83,50,Loamy,Sugarcane,3,38,40,Urea
31,58,76,Loamy,Cotton,31,48,27,20-20
39,67,71,Black,Wheat,9,29,44,Urea
20,70,77,Black,Maize,9,45,29,Urea
39,74,78,Red,Maize,43,48,6,DAP
28,38,76,Black,Rice,17,33,3,DAP
34,42,51,Loamy,Maize,46,8,6,DAP
20,66,48,Red,Sugarcane,22,14,32,20-20
31,43,22,Black,Rice,17,23,46,20-20
22,66,27,Red,Maize,34,47,46,20-20
30,38,78,Black,Maize,2,40,17,Urea
21,37,21,Sandy,Rice,0,24,14,Urea
35,68,50,Black,Sugarcane,16,35,34,20-20
28,69,70,Red,Rice,41,31,36,28-28
34,83,68,Sandy,Sugarcane,5,46,4,Urea
31,32,56,Loamy,Sugarcane,10,20,47,20-20
20,84,39,Red,Ground Nuts,13,41,22,20-20
32,85,48,Loamy,Wheat,48,38,9,DAP
33,76,36,Loamy,Maize,27,5,24,MOP
27,69,29,Red,Ground Nuts,38,46,21,28-28
27,62,60,Loamy,Maize,35,24,30,20-20
31,61,41,Red,Ground Nuts,10,1,22,MOP
20,36,25,Red,Cotton,40,30,27,28-28
30,48,62,Black,Rice,39,29,44,28-28
27,63,53,Sandy,Ground Nuts,3,14,14,Urea
29,43,50,Loamy,Wheat,47,17,39,28-28
38,79,74,Loamy,Maize,5,31,6,Urea
30,76,31,Sandy,Cotton,37,13,45,28-28
26,75,31,Sandy,Wheat,18,17,37,20-20
30,85,35,Sandy,Sugarcane,30,34,39,20-20
36,86,44,Sandy,Maize,1,21,14,Urea
20,48,41,Sandy,Ground Nuts,42,13,48,28-28
27,80,46,Black,Rice,24,37,4,DAP
25,83,43,Red,Wheat,49,13,11,20-20
37,88,31,Sandy,Cotton,40,33,12,20-20
25,55,72,Black,Rice,47,21,2,DAP
24,46,37,Sandy,Sugarcane,10,15,18,20-20
32,83,64,Sandy,Rice,45,47,25,28-28
38,57,66,Loamy,Cotton,39,48,29,28-28
27,48,35,Loamy,Sugarcane,44,15,27,28-28
28,56,23,Loamy,Cotton,41,15,14,20-20
36,77,31,Loamy,Maize,43,39,17,20-20
22,81,68,Red,Cotton,20,37,6,DAP
38,86,52,Red,Rice,2,17,13,Urea
30,48,41,Loamy,Maize,1,22,23,Urea
36,62,37,Loamy,Maize,10,45,23,20-20
38,80,73,Sandy,Wheat,23,47,10,20-20
21,36,67,Sandy,Rice,49,39,38,28-28
27,58,52,Loamy,Rice,23,17,42,20-20
38,84,46,Loamy,Sugarcane,20,45,39,20-20
26,72,61,Loamy,Cotton,24,48,9,DAP
36,34,38,Sandy,Ground Nuts,3,21,42,Urea
25,59,67,Loamy,Cotton,39,39,32,28-28
38,78,33,Loamy,Rice,42,29,19,20-20
25,72,44,Red,Cotton,46,47,41,28-28
21,85,53,Red,Rice,22,41,38,20-20
25,87,43,Sandy,Maize,23,41,21,20-20
24,37,57,Red,Cotton,20,17,34,20-20
38,71,79,Sandy,Cotton,1,17,27,Urea
39,41,73,Black,Rice,22,40,35,20-20
23,71,42,Loamy,Rice,14,0,29,MOP
36,42,24,Sandy,Sugarcane,25,47,5,DAP
30,55,63,Red,Cotton,25,41,0,DAP
23,47,78,Black,Wheat,27,14,3,DAP
32,71,55,Red,Rice,25,4,24,MOP
39,80,73,Sandy,Wheat,44,26,38,28-28
36,81,43,Black,Maize,1,16,10,Urea
28,78,55,Red,Maize,34,40,37,20-20
23,49,24,Black,Wheat,31,31,36,20-20
33,45,58,Loamy,Ground Nuts,29,37,11,20-20
38,66,25,Loamy,Maize,45,25,28,28-28
22,32,64,Black,Wheat,19,1,33,MOP
33,56,55,Red,Sugarcane,12,27,17,20-20
27,44,64,Red,Sugarcane,26,44,8,DAP
20,87,23,Red,Maize,22,22,45,20-20
29,63,29,Loamy,Wheat,15,49,11,20-20
37,74,71,Sandy,Wheat,30,19,8,DAP
35,51,20,Sandy,Wheat,11,35,0,DAP
27,69,40,Black,Ground Nuts,32,41,6,DAP
20,52,59,Red,Maize,37,21,38,28-28
31,88,58,Black,Ground Nuts,44,10,41,28-28
27,78,56,Sandy,Wheat,31,27,33,20-20
35,33,22,Sandy,Rice,1,44,31,Urea
37,80,66,Red,Wheat,49,21,27,28-28
23,83,50,Black,Rice,48,16,25,28-28
25,86,46,Red,Sugarcane,22,30,35,20-20
31,70,36,Sandy,Rice,31,10,39,20-20
28,52,42,Sandy,Sugarcane,14,35,13,20-20
34,76,32,Red,Maize,39,13,44,28-28
35,89,66,Black,Ground Nuts,40,34,30,28-28
31,38,46,Loamy,Ground Nuts,39,22,15,20-20
33,53,70,Red,Sugarcane,7,28,38,Urea
32,50,39,Sandy,Sugarcane,42,22,41,28-28
21,70,65,Loamy,Wheat,49,43,10,20-20
22,75,72,Red,Cotton,48,35,10,20-20
29,84,32,Loamy,Sugarcane,21,15,37,20-20
28,82,63,Red,Rice,37,38,11,20-20
39,45,43,Sandy,Maize,33,19,41,20-20
27,85,74,Red,Ground Nuts,0,24,8,Urea
29,84,60,Loamy,Rice,9,18,21,Urea
38,54,78,Black,Ground Nuts,39,25,37,28-28
22,55,22,Sandy,Maize,15,31,8,DAP
24,78,62,Sandy,Rice,23,49,2,DAP
22,74,29,Loamy,Ground Nuts,45,20,38,28-28
35,38,20,Red,Sugarcane,23,8,34,MOP
36,44,68,Red,Cotton,47,42,29,28-28
34,68,79,Red,Sugarcane,13,18,25,20-20
22,62,77,Sandy,Ground Nuts,25,48,7,DAP
31,30,32,Sandy,Wheat,38,20,31,28-28
28,34,33,Loamy,Rice,17,17,21,20-20
31,85,52,Red,Cotton,19,5,7,DAP
34,38,21,Red,Rice,40,34,44,28-28
21,73,21,Loamy,Wheat,35,13,1,DAP
37,35,58,Sandy,Wheat,23,8,13,MOP
39,57,60,Sandy,Wheat,25,34,4,DAP
31,74,75,Black,Ground Nuts,28,1,12,MOP
23,55,50,Black,Sugarcane,47,5,22,MOP
35,57,23,Red,Ground Nuts,21,34,12,20-20
35,69,53,Sandy,Sugarcane,10,24,18,20-20
20,44,38,Red,Cotton,40,8,23,MOP
21,35,77,Sandy,Wheat,48,49,34,28-28
22,56,56,Black,Sugarcane,10,30,13,20-20
39,67,28,Loamy,Maize,2,6,3,Urea
36,33,43,Sandy,Maize,20,27,25,20-20
39,40,32,Black,Sugarcane,10,1,9,DAP
20,50,63,Black,Cotton,7,0,37,Urea
39,59,49,Sandy,Rice,30,36,37,20-20
25,47,38,Red,Ground Nuts,9,23,33,Urea
34,64,60,Sandy,Wheat,5,34,33,Urea
33,32,29,Black,Sugarcane,16,6,18,MOP
39,41,70,Sandy,Cotton,37,37,2,DAP
34,56,61,Loamy,Ground Nuts,6,28,35,Urea
33,82,63,Red,Rice,31,0,3,DAP
24,59,33,Sandy,Cotton,12,29,25,20-20
25,50,59,Black,Rice,5,45,10,Urea
36,67,67,Black,Maize,2,31,2,Urea
30,50,68,Red,Ground Nuts,26,9,48,MOP
35,89,39,Sandy,Ground Nuts,44,33,8,DAP
31,67,23,Black,Rice,41,10,45,28-28
34,69,57,Red,Maize,25,47,1,DAP
23,44,63,Loamy,Wheat,3,48,13,Urea
37,47,79,Red,Sugarcane,36,36,2,DAP
22,81,69,Sandy,Maize,20,26,1,DAP
27,58,58,Sandy,Cotton,27,49,21,20-20
22,77,24,Black,Rice,17,47,28,20-20
27,67,61,Loamy,Ground Nuts,31,9,32,MOP
37,89,51,Sandy,Cotton,38,37,35,28-28
29,50,25,Black,Ground Nuts,32,21,9,DAP
39,46,78,Red,Maize,25,23,46,20-20
36,70,33,Red,Ground Nuts,16,7,43,MOP
27,80,25,Sandy,Ground Nuts,28,5,37,MOP
30,47,33,Loamy,Ground Nuts,19,3,20,MOP
24,86,31,Black,Ground Nuts,29,4,30,MOP
32,84,46,Sandy,Cotton,49,5,34,MOP
24,66,73,Black,Rice,4,46,2,Urea
32,89,45,Red,Sugarcane,5,31,18,Urea
25,67,31,Black,Cotton,41,37,21,28-28
24,41,27,Red,Wheat,9,19,19,Urea
28,40,29,Loamy,Rice,5,39,35,Urea
35,77,35,Loamy,Rice,9,44,18,Urea
21,81,71,Red,Wheat,41,35,45,28-28
20,78,45,Sandy,Maize,20,48,3,DAP
27,49,27,Red,Wheat,43,13,31,28-28
38,38,60,Black,Maize,3,49,7,Urea
30,30,64,Black,Sugarcane,12,46,25,20-20
31,87,48,Black,Maize,9,18,0,Urea
31,32,39,Sandy,Sugarcane,15,10,25,20-20
26,50,36,Loamy,Sugarcane,18,38,46,20-20
32,52,38,Loamy,Ground Nuts,5,0,42,Urea
27,38,36,Black,Ground Nuts,25,34,8,DAP
28,83,58,Sandy,Wheat,8,18,34,Urea
26,48,79,Black,Sugarcane,45,32,17,20-20
34,74,20,Loamy,Maize,9,31,18,Urea
21,84,78,Red,Cotton,39,35,47,28-28
39,75,71,Black,Ground Nuts,2,23,15,Urea
31,81,48,Black,Rice,48,42,27,28-28
20,48,33,Black,Rice,18,6,2,DAP
27,52,36,Loamy,Maize,34,6,17,MOP
24,56,32,Sandy,Ground Nuts,45,45,12,20-20
34,56,48,Red,Cotton,5,46,26,Urea
20,68,53,Red,Sugarcane,28,4,39,MOP
20,65,46,Red,Ground Nuts,18,13,38,20-20
29,41,65,Black,Maize,49,44,23,28-28
29,84,52,Loamy,Sugarcane,43,25,28,28-28
34,56,48,Red,Ground Nuts,14,49,21,20-20
36,75,56,Black,Wheat,37,0,25,MOP
25,63,58,Sandy,Cotton,20,12,19,20-20
22,62,38,Black,Rice,43,22,23,28-28
32,57,65,Red,Maize,38,19,11,20-20
35,60,43,Red,Rice,22,6,17,MOP
27,61,33,Sandy,Sugarcane,19,5,46,MOP
34,79,66,Loamy,Sugarcane,41,8,11,MOP
36,49,56,Sandy,Wheat,49,27,37,28-28
36,69,24,Sandy,Sugarcane,1,9,31,Urea
32,64,72,Red,Sugarcane,44,34,48,28-28
36,60,43,Red,Rice,31,6,22,MOP
25,87,53,Loamy,Rice,46,24,3,DAP
36,60,69,Red,Maize,27,29,11,20-20
35,67,50,Sandy,Maize,3,42,16,Urea
33,51,49,Sandy,Sugarcane,6,25,20,Urea
32,74,79,Loamy,Ground Nuts,2,43,36,Urea
25,70,75,Red,Cotton,24,11,28,20-20
22,38,28,Red,Maize,47,12,5,DAP
33,81,46,Sandy,Sugarcane,8,39,46,Urea
33,38,47,Sandy,Ground Nuts,22,3,27,MOP
34,44,61,Red,Ground Nuts,22,0,7,DAP
27,42,45,Black,Rice,48,5,30,MOP
34,51,37,Sandy,Ground Nuts,25,1,19,MOP
32,45,55,Sandy,Wheat,39,45,15,20-20
36,61,27,Sandy,Rice,17,26,12,20-20
22,31,37,Loamy,Rice,23,17,14,20-20
25,55,39,Red,Wheat,26,41,12,20-20
24,43,77,Red,Rice,44,28,46,28-28
36,88,51,Red,Maize,1,32,1,Urea
21,67,48,Sandy,Rice,0,2,19,Urea
34,63,68,Red,Wheat,47,19,27,28-28
24,37,67,Red,Sugarcane,15,3,17,MOP
39,65,37,Red,Sugarcane,42,17,6,DAP
25,50,26,Loamy,Sugarcane,23,7,20,MOP
25,85,20,Loamy,Wheat,35,21,40,20-20
37,75,47,Sandy,Wheat,10,40,38,20-20
37,72,52,Red,Maize,25,21,8,DAP
23,85,69,Sandy,Wheat,5,18,43,Urea
36,57,23,Sandy,Ground Nuts,25,27,9,DAP
33,75,74,Sandy,Sugarcane,28,1,30,MOP
33,73,39,Sandy,Wheat,42,8,41,MOP
32,77,72,Sandy,Cotton,0,34,12,Urea
26,35,71,Sandy,Rice,8,21,4,Urea
31,49,55,Loamy,Maize,26,25,39,20-20
34,60,76,Black,Sugarcane,6,33,41,Urea
38,62,50,Loamy,Ground Nuts,2,6,37,Urea
30,73,57,Sandy,Ground Nuts,8,29,42,Urea
34,36,47,Black,Sugarcane,1,48,35,Urea
31,37,22,Black,Ground Nuts,9,24,1,Urea
22,38,25,Red,Cotton,16,48,5,DAP
36,31,64,Sandy,Maize,30,8,12,MOP
22,46,42,Sandy,Rice,0,26,28,Urea
38,81,26,Loamy,Maize,17,0,43,MOP
39,74,75,Black,Maize,5,32,13,Urea
23,66,55,Black,Sugarcane,37,7,29,MOP
22,71,20,Sandy,Wheat,40,48,24,28-28
35,73,25,Red,Rice,41,31,39,28-28
31,46,43,Sandy,Maize,46,39,34,28-28
27,82,56,Black,Cotton,3,18,36,Urea
36,67,64,Red,Sugarcane,39,35,6,DAP
26,64,70,Red,Wheat,3,49,49,Urea
30,89,55,Black,Wheat,34,44,37,20-20
37,76,43,Sandy,Sugarcane,3,21,17,Urea
20,68,57,Sandy,Maize,0,38,7,Urea
22,59,64,Sandy,Ground Nuts,40,25,6,DAP
23,35,48,Loamy,Sugarcane,42,2,33,MOP
32,33,56,Loamy,Ground Nuts,30,45,35,20-20
25,80,64,Red,Wheat,18,8,40,MOP
33,66,51,Sandy,Wheat,20,34,47,20-20
24,64,44,Loamy,Cotton,29,6,9,DAP
35,87,29,Red,Cotton,6,14,39,Urea
34,86,54,Black,Wheat,4,3,28,Urea
34,38,74,Black,Cotton,1,36,15,Urea
23,35,44,Sandy,Cotton,2,27,24,Urea
27,42,46,Black,Cotton,14,8,28,MOP
35,88,64,Black,Wheat,38,34,7,DAP
35,51,51,Black,Maize,36,47,19,20-20
23,57,78,Red,Maize,9,47,35,Urea
32,59,31,Black,Rice,8,24,26,Urea
32,81,23,Black,Cotton,22,8,12,MOP
21,65,61,Red,Maize,13,32,25,20-20
22,31,45,Loamy,Rice,44,16,41,28-28
27,87,22,Red,Sugarcane,32,11,24,20-20
34,65,36,Loamy,Cotton,15,8,27,MOP
30,37,28,Red,Maize,19,4,8,DAP
28,74,48,Sandy,Maize,7,46,25,Urea
26,71,20,Black,Ground Nuts,48,25,11,20-20
32,79,37,Loamy,Maize,37,44,25,28-28
21,38,60,Red,Ground Nuts,33,18,46,20-20
27,30,72,Loamy,Rice,30,34,21,20-20
26,42,39,Loamy,Ground Nuts,44,1,0,DAP
31,79,76,Black,Sugarcane,7,44,11,Urea
38,44,60,Loamy,Cotton,24,6,23,MOP
26,61,53,Red,Maize,40,8,29,MOP
29,63,70,Sandy,Wheat,12,21,13,20-20
35,72,47,Sandy,Cotton,17,41,22,20-20
22,60,67,Black,Wheat,49,32,1,DAP
29,43,54,Red,Rice,40,15,2,DAP
25,83,35,Red,Maize,33,42,5,DAP
37,76,40,Sandy,Cotton,35,23,18,20-20
37,43,32,Red,Cotton,49,7,20,MOP
24,77,54,Loamy,Maize,16,29,44,20-20
26,84,61,Black,Sugarcane,11,25,19,20-20
21,58,73,Sandy,Rice,15,44,20,20-20
30,76,51,Black,Maize,12,47,39,20-20
32,48,69,Loamy,Ground Nuts,10,34,3,DAP
24,56,57,Sandy,Cotton,13,44,24,20-20
25,38,25,Red,Sugarcane,41,16,6,DAP
33,66,69,Red,Cotton,27,37,6,DAP
31,66,57,Loamy,Wheat,23,9,32,MOP
23,72,57,Sandy,Cotton,16,40,25,20-20
25,57,73,Black,Rice,8,49,16,Urea
29,81,79,Sandy,Maize,45,16,7,DAP
37,86,32,Red,Cotton,29,6,25,MOP
34,53,65,Sandy,Ground Nuts,36,1,14,MOP
27,57,72,Sandy,Wheat,2,10,19,Urea
28,65,58,Red,Wheat,7,49,18,Urea
24,81,32,Red,Maize,17,2,6,DAP
29,47,66,Black,Wheat,29,45,44,20-20
39,54,31,Sandy,Maize,2,19,0,Urea
25,64,72,Red,Rice,33,12,38,20-20
35,33,78,Loamy,Maize,42,22,36,28-28
22,43,52,Red,Sugarcane,27,16,17,20-20
29,68,47,Black,Wheat,36,28,7,DAP
30,55,76,Black,Wheat,24,42,14,20-20
30,37,22,Loamy,Ground Nuts,29,38,49,20-20
36,53,37,Black,Cotton,6,31,5,Urea
23,45,45,Sandy,Sugarcane,45,34,36,28-28
23,49,73,Black,Cotton,28,34,21,20-20
36,44,59,Loamy,Maize,1,33,10,Urea
28,36,21,Black,Rice,25,20,25,20-20
38,87,23,Loamy,Ground Nuts,40,15,7,DAP
24,46,69,Black,Wheat,41,22,8,DAP
25,51,47,Red,Rice,48,10,12,20-20
22,51,47,Loamy,Maize,6,13,2,Urea
20,83,44,Black,Maize,17,2,2,DAP
39,41,45,Sandy,Sugarcane,5,6,6,Urea
35,47,64,Loamy,Cotton,40,39,2,DAP
30,85,66,Loamy,Wheat,39,44,10,20-20
32,75,21,Black,Wheat,26,10,45,20-20
29,76,61,Red,Rice,40,32,27,28-28
22,44,53,Red,Sugarcane,23,18,41,20-20
28,66,49,Black,Ground Nuts,32,44,30,20-20
31,45,40,Black,Maize,30,48,8,DAP
33,34,63,Sandy,Sugarcane,33,40,26,20-20
20,31,56,Black,Wheat,21,22,11,20-20
37,81,63,Loamy,Ground Nuts,23,22,7,DAP
36,57,42,Black,Cotton,35,28,43,20-20
28,86,52,Sandy,Rice,27,5,40,MOP
28,70,79,Black,Maize,19,38,21,20-20
29,83,21,Black,Maize,17,4,17,MOP
38,56,46,Loamy,Maize,41,31,29,28-28
34,60,67,Red,Cotton,31,39,48,20-20
24,70,78,Black,Wheat,32,25,10,20-20
34,65,41,Sandy,Wheat,9,13,1,Urea
39,76,53,Black,Sugarcane,8,17,28,Urea
21,72,35,Black,Ground Nuts,24,20,25,20-20
32,30,39,Loamy,Sugarcane,12,24,13,20-20
35,79,45,Red,Wheat,46,19,27,28-28
34,58,35,Red,Maize,49,23,34,28-28
29,30,25,Red,Cotton,44,2,5,DAP
33,37,64,Black,Wheat,4,21,35,Urea
29,86,63,Loamy,Cotton,30,7,11,MOP
33,45,42,Loamy,Rice,30,45,33,20-20
28,87,61,Black,Maize,33,45,5,DAP
33,57,56,Loamy,Rice,25,28,36,20-20
22,51,27,Red,Wheat,6,6,36,Urea
39,47,25,Loamy,Sugarcane,40,5,7,DAP
35,51,56,Black,Wheat,45,5,36,MOP
21,70,71,Black,Rice,48,11,39,28-28
29,41,41,Sandy,Cotton,19,21,32,20-20
22,48,25,Sandy,Ground Nuts,42,46,40,28-28
30,54,73,Loamy,Ground Nuts,21,25,45,20-20
30,79,51,Loamy,Wheat,4,24,30,Urea
32,88,36,Black,Sugarcane,11,18,33,20-20
26,34,57,Sandy,Rice,20,35,10,20-20
36,88,36,Sandy,Wheat,8,34,35,Urea
21,63,56,Red,Rice,28,12,3,DAP
31,68,42,Red,Rice,26,24,16,20-20
29,88,68,Black,Maize,16,47,15,20-20
37,39,68,Black,Ground Nuts,39,44,29,28-28
30,76,32,Black,Ground Nuts,23,31,38,20-20
35,86,51,Black,Cotton,26,29,43,20-20
36,36,41,Sandy,Maize,7,20,48,Urea
38,89,26,Black,Ground Nuts,43,41,4,DAP
37,66,41,Black,Rice,28,44,39,20-20
22,76,40,Sandy,Sugarcane,18,39,36,20-20
35,81,25,Red,Sugarcane,9,43,42,Urea
25,89,33,Black,Maize,23,7,25,MOP
31,81,35,Red,Sugarcane,33,40,27,20-20
30,44,22,Sandy,Rice,39,41,18,20-20
34,71,28,Red,Wheat,30,6,20,MOP
34,53,66,Sandy,Rice,45,2,27,MOP
35,55,40,Black,Ground Nuts,3,36,18,Urea
29,55,69,Red,Wheat,40,2,35,MOP
31,75,49,Black,Sugarcane,44,17,10,20-20
32,55,49,Loamy,Cotton,30,41,18,20-20
23,87,79,Loamy,Cotton,8,8,4,Urea
26,39,61,Red,Rice,25,23,1,DAP
21,46,61,Sandy,Rice,12,6,24,MOP
34,82,51,Red,Sugarcane,47,32,25,28-28
27,43,42,Sandy,Cotton,25,24,29,20-20
26,31,22,Loamy,Cotton,0,41,16,Urea
34,77,20,Sandy,Rice,39,33,20,20-20
33,42,22,Loamy,Ground Nuts,8,37,19,Urea
27,56,76,Red,Cotton,30,20,17,20-20
31,38,56,Black,Rice,23,37,46,20-20
32,36,26,Black,Maize,44,39,15,20-20
30,77,22,Black,Cotton,48,17,27,28-28
36,39,55,Sandy,Wheat,21,38,11,20-20
36,85,68,Black,Sugarcane,8,49,39,Urea
23,83,22,Sandy,Rice,38,32,5,DAP
27,38,74,Black,Cotton,22,27,23,20-20
24,51,23,Sandy,Cotton,19,24,49,20-20
35,52,50,Sandy,Ground Nuts,41,13,42,28-28
23,36,21,Loamy,Rice,20,19,5,DAP
34,77,33,Loamy,Wheat,26,38,16,20-20
31,38,56,Red,Cotton,4,19,41,Urea
24,56,50,Loamy,Maize,16,6,18,MOP
35,53,72,Sandy,Sugarcane,33,3,46,MOP
33,58,21,Loamy,Rice,8,30,47,Urea
29,46,50,Loamy,Cotton,33,29,27,20-20
26,49,66,Loamy,Ground Nuts,9,36,28,Urea
32,36,62,Sandy,Ground Nuts,43,20,48,28-28
39,72,41,Sandy,Sugarcane,1,0,6,Urea
24,69,29,Red,Rice,46,2,18,MOP
22,36,71,Loamy,Rice,24,12,7,DAP
34,57,49,Loamy,Rice,2,6,7,Urea
23,48,52,Sandy,Wheat,33,5,4,DAP
34,49,38,Red,Maize,6,5,42,Urea
33,73,65,Red,Ground Nuts,27,33,33,20-20
39,68,44,Sandy,Rice,8,31,49,Urea
38,69,77,Loamy,Wheat,10,15,20,20-20
32,36,74,Red,Rice,28,37,3,DAP
29,35,73,Red,Rice,15,7,43,MOP
24,54,65,Loamy,Wheat,38,20,35,28-28
39,70,20,Red,Maize,28,10,4,DAP
39,88,51,Loamy,Sugarcane,12,49,48,20-20
25,42,44,Red,Ground Nuts,34,22,22,20-20
23,68,60,Red,Cotton,10,5,18,MOP
21,69,36,Sandy,Rice,34,45,41,20-20
35,51,33,Red,Maize,46,14,45,28-28
37,78,64,Loamy,Ground Nuts,7,10,14,Urea
24,46,32,Red,Cotton,6,26,13,Urea
23,77,57,Sandy,Rice,4,14,47,Urea
32,51,58,Red,Cotton,5,44,7,Urea
38,63,21,Black,Wheat,34,37,8,DAP
21,37,51,Loamy,Ground Nuts,29,3,39,MOP
32,78,51,Black,Maize,10,13,10,20-20
30,74,77,Sandy,Maize,37,44,43,28-28
23,47,59,Black,Ground Nuts,26,9,45,MOP
39,53,75,Red,Sugarcane,20,28,17,20-20
39,89,25,Loamy,Sugarcane,13,11,31,20-20
34,83,44,Black,Cotton,48,39,43,28-28
23,89,22,Red,Wheat,34,19,35,20-20
28,71,37,Black,Cotton,28,36,44,20-20
26,31,69,Red,Rice,23,1,20,MOP
38,31,73,Red,Maize,35,19,26,20-20
38,56,74,Black,Cotton,40,11,47,28-28
25,43,57,Sandy,Cotton,44,37,41,28-28
25,77,62,Loamy,Ground Nuts,31,29,20,20-20
39,68,22,Sandy,Maize,5,46,10,Urea
34,82,67,Black,Maize,9,17,43,Urea
34,82,24,Red,Sugarcane,19,49,49,20-20
39,85,43,Black,Sugarcane,19,9,33,MOP
28,41,73,Red,Maize,25,6,4,DAP
23,61,53,Red,Cotton,20,41,27,20-20
37,57,66,Sandy,Rice,44,4,9,DAP
37,84,67,Sandy,Cotton,22,47,47,20-20
24,57,58,Black,Rice,45,28,11,20-20
39,75,67,Loamy,Maize,11,34,40,20-20
30,54,43,Sandy,Ground Nuts,12,38,2,DAP
24,33,55,Red,Rice,9,11,0,Urea
23,55,47,Black,Sugarcane,6,9,36,Urea
31,65,67,Black,Ground Nuts,36,36,39,28-28
21,79,68,Loamy,Maize,11,1,48,MOP
32,32,53,Black,Wheat,24,2,0,DAP
29,30,35,Sandy,Rice,1,13,12,Urea
28,46,55,Red,Rice,39,46,37,28-28
29,36,26,Black,Ground Nuts,25,19,14,20-20
26,77,37,Black,Wheat,39,44,6,DAP
23,34,25,Red,Wheat,4,48,29,Urea
38,48,69,Black,Maize,7,3,23,Urea
29,68,47,Black,Ground Nuts,41,25,7,DAP
22,75,58,Loamy,Cotton,44,46,2,DAP
38,63,53,Sandy,Wheat,8,14,14,Urea
21,64,70,Black,Rice,38,8,35,MOP
39,78,60,Sandy,Wheat,19,2,40,MOP
29,45,48,Loamy,Maize,10,1,42,MOP
21,69,23,Sandy,Maize,39,38,13,20-20
21,79,33,Loamy,Rice,21,40,26,20-20
36,76,24,Sandy,Rice,15,29,29,20-20
35,68,44,Sandy,Rice,41,36,40,28-28
35,56,58,Black,Cotton,37,16,43,28-28
33,70,27,Sandy,Rice,41,2,36,MOP
26,67,34,Black,Ground Nuts,9,8,5,Urea
30,79,78,Black,Maize,24,7,18,MOP
20,79,38,Sandy,Maize,18,8,36,MOP
30,54,78,Black,Wheat,3,16,0,Urea
23,55,30,Sandy,Rice,18,23,24,20-20
26,85,39,Red,Cotton,2,7,9,Urea
34,43,74,Black,Ground Nuts,16,13,45,20-20
37,43,55,Red,Sugarcane,13,15,25,20-20
31,43,37,Red,Wheat,9,17,22,Urea
36,54,33,Black,Ground Nuts,5,48,16,Urea
20,65,77,Loamy,Cotton,30,23,29,20-20
30,33,57,Loamy,Rice,30,38,26,20-20
20,76,44,Red,Cotton,47,46,10,20-20
34,44,35,Red,Sugarcane,8,26,3,Urea
29,61,37,Sandy,Ground Nuts,11,27,17,20-20
26,47,20,Red,Cotton,43,6,18,MOP
21,43,59,Black,Sugarcane,45,33,35,28-28
29,87,20,Loamy,Sugarcane,25,26,43,20-20
23,30,20,Loamy,Ground Nuts,1,33,45,Urea
31,71,70,Loamy,Sugarcane,41,38,49,28-28
38,49,40,Black,Ground Nuts,3,18,25,Urea
30,39,79,Sandy,Cotton,31,5,0,DAP
27,39,44,Black,Rice,27,29,19,20-20
37,88,46,Black,Maize,5,27,10,Urea
30,53,29,Loamy,Maize,29,11,24,20-20
30,63,69,Black,Cotton,27,14,18,20-20
32,57,31,Red,Rice,12,44,31,20-20
22,56,47,Black,Maize,45,38,0,DAP
31,69,68,Loamy,Sugarcane,35,38,0,DAP
22,30,51,Loamy,Cotton,9,14,2,Urea
29,62,52,Black,Cotton,9,35,45,Urea
36,33,27,Red,Wheat,4,2,39,Urea
21,36,61,Red,Wheat,28,0,31,MOP
36,38,45,Loamy,Wheat,35,6,46,MOP
35,45,61,Red,Ground Nuts,11,8,35,MOP
21,34,69,Red,Rice,21,0,42,MOP
39,63,60,Sandy,Cotton,45,4,7,DAP
25,89,76,Sandy,Wheat,38,46,29,28-28
29,52,21,Red,Cotton,1,35,38,Urea
29,72,54,Red,Sugarcane,13,9,33,MOP
27,79,53,Sandy,Wheat,9,1,7,Urea
20,54,25,Sandy,Cotton,47,22,24,28-28
32,86,50,Sandy,Rice,2,38,25,Urea
28,80,42,Loamy,Ground Nuts,7,28,26,Urea
29,42,31,Loamy,Rice,16,18,18,20-20
34,53,73,Sandy,Rice,3,37,22,Urea
24,40,70,Sandy,Wheat,20,46,40,20-20
35,81,47,Sandy,Rice,29,19,15,20-20
32,80,34,Loamy,Ground Nuts,18,11,7,DAP
39,46,38,Loamy,Maize,14,10,29,20-20
37,66,31,Red,Ground Nuts,19,34,7,DAP
30,42,69,Black,Sugarcane,41,48,10,20-20
28,56,67,Red,Ground Nuts,29,6,6,DAP
35,49,21,Black,Cotton,9,22,20,Urea
21,62,30,Black,Maize,22,49,33,20-20
21,71,63,Black,Wheat,23,16,20,20-20
31,61,56,Red,Cotton,11,47,4,DAP
27,37,78,Loamy,Ground Nuts,8,1,49,Urea
28,85,78,Loamy,Cotton,14,4,42,MOP
31,58,75,Loamy,Rice,28,20,16,20-20
28,69,57,Loamy,Cotton,17,12,20,20-20
29,48,44,Red,Cotton,19,10,5,DAP
21,35,62,Sandy,Ground Nuts,0,23,44,Urea
35,73,40,Black,Sugarcane,2,32,6,Urea
39,89,61,Loamy,Ground Nuts,7,26,10,Urea
26,68,55,Loamy,Wheat,38,34,17,20-20
21,77,28,Red,Maize,30,17,37,20-20
20,70,31,Black,Rice,46,20,11,20-20
38,50,29,Loamy,Sugarcane,7,3,21,Urea
23,86,78,Sandy,Maize,14,40,2,DAP
21,51,65,Loamy,Maize,21,31,18,20-20
33,71,24,Black,Sugarcane,31,42,42,20-20
21,39,52,Sandy,Rice,4,48,22,Urea
34,39,24,Red,Wheat,43,10,33,28-28
31,81,35,Sandy,Sugarcane,43,2,2,DAP
24,58,56,Black,Sugarcane,8,20,22,Urea
39,45,56,Black,Sugarcane,40,42,48,28-28
26,30,48,Sandy,Rice,14,13,4,DAP
29,46,37,Loamy,Sugarcane,46,5,28,MOP
33,59,48,Black,Sugarcane,43,28,33,28-28
33,55,25,Sandy,Cotton,36,30,43,28-28
24,82,72,Black,Cotton,32,46,4,DAP
37,75,37,Loamy,Cotton,21,27,28,20-20
33,48,51,Loamy,Cotton,10,42,44,20-20
21,82,79,Sandy,Sugarcane,49,49,23,28-28
31,50,61,Red,Cotton,5,35,38,Urea
25,46,66,Red,Maize,16,27,20,20-20
23,75,50,Loamy,Wheat,45,18,31,28-28
32,69,75,Red,Cotton,43,2,42,MOP
23,50,73,Loamy,Rice,4,11,4,Urea
33,82,30,Red,Wheat,38,35,17,20-20
35,70,45,Loamy,Ground Nuts,47,23,37,28-28
23,69,47,Black,Ground Nuts,8,11,34,Urea
20,74,46,Sandy,Maize,28,23,37,20-20
32,78,38,Sandy,Wheat,22,0,15,MOP
23,48,76,Red,Wheat,46,27,34,28-28
39,89,64,Sandy,Maize,35,15,49,20-20
37,36,46,Red,Ground Nuts,30,20,23,20-20
25,46,78,Loamy,Cotton,19,29,35,20-20
22,30,39,Black,Maize,22,33,4,DAP
32,66,22,Sandy,Rice,6,25,8,Urea
35,86,35,Black,Maize,45,34,3,DAP
24,35,58,Sandy,Sugarcane,35,30,32,20-20
23,55,63,Loamy,Ground Nuts,3,15,26,Urea
27,31,48,Sandy,Sugarcane,23,41,21,20-20
38,88,34,Sandy,Ground Nuts,13,28,10,20-20
33,61,49,Loamy,Ground Nuts,24,28,4,DAP
26,86,59,Red,Wheat,6,8,9,Urea
33,77,74,Red,Cotton,14,13,2,DAP
25,83,68,Loamy,Cotton,43,7,14,MOP
31,34,20,Red,Ground Nuts,45,1,45,MOP
35,66,48,Sandy,Ground Nuts,12,10,36,20-20
36,60,72,Black,Sugarcane,18,1,39,MOP
32,41,49,Loamy,Rice,11,46,16,20-20
33,64,59,Sandy,Maize,47,17,19,20-20
26,59,65,Loamy,Ground Nuts,25,4,3,DAP
33,77,51,Black,Ground Nuts,47,6,33,MOP
34,35,29,Sandy,Maize,32,22,33,20-20
31,44,46,Sandy,Maize,14,18,30,20-20
36,44,70,Black,Rice,36,18,33,28-28
28,45,27,Black,Rice,5,47,2,Urea
34,49,70,Red,Maize,24,18,27,20-20
31,42,55,Sandy,Ground Nuts,16,48,40,20-20
21,73,61,Black,Ground Nuts,42,44,36,28-28
24,71,74,Black,Maize,35,39,28,20-20
32,75,54,Sandy,Ground Nuts,49,27,14,20-20
39,60,55,Red,Rice,45,10,35,28-28
27,63,67,Loamy,Maize,8,49,34,Urea
33,58,75,Red,Rice,27,10,40,20-20
34,32,55,Black,Ground Nuts,34,8,9,DAP
30,38,44,Loamy,Ground Nuts,2,13,16,Urea
20,40,39,Loamy,Wheat,10,33,29,20-20
22,40,71,Red,Sugarcane,19,28,7,DAP
36,54,64,Loamy,Sugarcane,22,48,22,20-20
38,51,72,Black,Rice,29,20,18,20-20
33,71,36,Sandy,Maize,36,47,36,28-28
27,87,42,Sandy,Sugarcane,35,4,42,MOP
32,75,44,Sandy,Ground Nuts,43,32,35,28-28
39,38,67,Red,Cotton,11,8,3,DAP
22,49,79,Sandy,Maize,35,2,25,MOP
24,88,76,Sandy,Rice,34,13,46,20-20
28,50,68,Sandy,Ground Nuts,33,17,39,20-20
25,39,50,Loamy,Ground Nuts,3,11,26,Urea
21,51,25,Loamy,Cotton,23,22,12,20-20
32,58,54,Loamy,Rice,35,13,43,20-20
24,38,71,Black,Maize,27,15,33,20-20
27,34,75,Black,Ground Nuts,38,36,32,28-28
20,69,23,Black,Wheat,1,19,45,Urea
39,40,59,Sandy,Ground Nuts,42,19,25,28-28
31,30,39,Loamy,Wheat,4,14,19,Urea
30,82,60,Black,Wheat,27,40,7,DAP
26,71,73,Red,Maize,12,24,15,20-20
34,30,20,Loamy,Maize,35,16,4,DAP
30,87,64,Sandy,Cotton,8,11,33,Urea
35,83,45,Loamy,Ground Nuts,38,44,46,28-28
22,68,53,Sandy,Maize,29,41,26,20-20
39,89,74,Black,Maize,26,38,35,20-20
33,75,29,Sandy,Cotton,12,6,3,DAP
22,34,42,Sandy,Cotton,41,7,41,MOP
20,78,70,Red,Ground Nuts,38,23,49,28-28
34,51,68,Loamy,Rice,49,46,6,DAP
20,55,43,Sandy,Sugarcane,27,24,36,20-20
36,82,32,Red,Ground Nuts,17,20,35,20-20
21,35,48,Red,Sugarcane,33,49,23,20-20
39,61,77,Red,Rice,20,32,14,20-20
25,77,65,Black,Wheat,0,9,49,Urea
27,40,46,Black,Ground Nuts,44,21,48,28-28
35,39,50,Sandy,Maize,22,18,5,DAP
38,76,62,Loamy,Cotton,33,28,25,20-20
20,68,29,Black,Ground Nuts,35,2,25,MOP
22,84,50,Black,Cotton,8,38,24,Urea
22,63,58,Sandy,Wheat,7,3,32,Urea
24,60,29,Sandy,Cotton,49,36,2,DAP
31,41,43,Black,Wheat,29,30,8,DAP
31,80,52,Sandy,Rice,47,5,36,MOP
39,73,33,Red,Wheat,35,27,37,20-20
32,45,54,Sandy,Sugarcane,35,9,29,MOP
39,67,64,Red,Ground Nuts,17,11,26,20-20
28,32,53,Black,Wheat,1,45,12,Urea
26,31,36,Loamy,Ground Nuts,10,1,22,MOP
23,81,40,Red,Rice,35,2,2,DAP
38,34,51,Loamy,Wheat,30,0,22,MOP
38,40,22,Black,Rice,30,34,34,20-20
25,87,77,Sandy,Sugarcane,23,23,23,20-20
32,54,34,Red,Maize,45,46,36,28-28
30,64,27,Red,Rice,20,47,11,20-20
32,64,51,Black,Maize,31,33,19,20-20
32,51,57,Black,Rice,48,19,17,20-20
39,66,45,Sandy,Wheat,29,15,6,DAP
34,51,49,Loamy,Maize,7,29,25,Urea
32,84,28,Red,Rice,32,46,11,20-20
30,40,76,Loamy,Ground Nuts,38,38,33,28-28
38,61,51,Red,Rice,0,24,47,Urea
27,64,30,Red,Maize,32,4,31,MOP
39,60,41,Sandy,Ground Nuts,41,28,29,28-28
27,74,53,Red,Rice,12,36,1,DAP
29,82,60,Red,Maize,21,27,7,DAP
35,37,37,Black,Sugarcane,4,40,32,Urea
38,49,38,Sandy,Cotton,11,22,45,20-20
30,71,73,Black,Sugarcane,28,31,41,20-20
32,63,37,Red,Maize,2,45,29,Urea
28,33,56,Sandy,Wheat,35,17,44,20-20
39,47,37,Red,Wheat,46,40,41,28-28
38,80,31,Sandy,Cotton,44,34,44,28-28
35,33,23,Loamy,Maize,10,42,27,20-20
26,49,66,Loamy,Ground Nuts,25,23,12,20-20
38,87,62,Sandy,Rice,1,46,23,Urea
31,38,46,Red,Sugarcane,28,27,32,20-20
34,45,70,Sandy,Ground Nuts,40,35,4,DAP
33,55,24,Red,Sugarcane,28,20,47,20-20
30,67,25,Loamy,Cotton,43,4,5,DAP
29,54,32,Red,Cotton,35,25,3,DAP
30,33,42,Black,Cotton,18,49,41,20-20
25,70,61,Loamy,Ground Nuts,9,22,42,Urea
21,88,75,Black,Ground Nuts,10,43,33,20-20
30,74,44,Loamy,Cotton,6,32,28,Urea
38,70,65,Loamy,Ground Nuts,12,25,20,20-20
25,67,23,Black,Cotton,40,21,25,28-28
33,82,71,Sandy,Ground Nuts,43,19,31,28-28
39,48,74,Red,Cotton,1,1,21,Urea
25,43,51,Loamy,Rice,29,40,40,20-20
36,50,63,Red,Rice,21,17,13,20-20
29,44,34,Loamy,Sugarcane,0,4,33,Urea
20,32,45,Red,Sugarcane,26,31,36,20-20
22,66,61,Loamy,Cotton,6,45,43,Urea
27,82,30,Sandy,Sugarcane,0,10,0,Urea
27,79,28,Loamy,Ground Nuts,24,20,31,20-20
39,75,30,Sandy,Cotton,47,21,31,28-28
34,45,21,Loamy,Rice,3,2,23,Urea
26,43,64,Red,Wheat,29,8,43,MOP
30,38,46,Black,Rice,7,1,20,Urea
26,76,73,Loamy,Maize,48,45,11,20-20
23,36,77,Loamy,Rice,20,27,19,20-20
31,43,45,Sandy,Maize,3,33,36,Urea
25,35,27,Red,Sugarcane,3,9,19,Urea
33,50,40,Sandy,Rice,7,18,1,Urea
31,44,40,Red,Wheat,41,28,13,20-20
30,81,27,Red,Ground Nuts,25,1,16,MOP
38,37,20,Sandy,Rice,28,47,23,20-20
24,63,57,Black,Ground Nuts,15,5,29,MOP
33,69,77,Red,Rice,18,43,14,20-20
35,30,32,Black,Rice,0,6,48,Urea
32,61,28,Sandy,Ground Nuts,36,35,33,28-28
39,87,47,Black,Ground Nuts,33,7,7,DAP
23,78,25,Red,Cotton,28,18,41,20-20
30,80,66,Sandy,Rice,26,9,2,DAP
36,34,42,Black,Rice,47,32,10,20-20
26,59,67,Sandy,Wheat,44,36,26,28-28
33,51,55,Sandy,Ground Nuts,29,37,8,DAP
30,49,79,Black,Ground Nuts,5,26,14,Urea
28,45,77,Red,Maize,35,28,31,20-20
32,36,36,Red,Maize,38,18,10,20-20
37,36,28,Red,Ground Nuts,1,17,2,Urea
30,79,31,Red,Wheat,41,22,25,28-28
34,79,41,Loamy,Sugarcane,13,0,6,DAP
38,31,70,Sandy,Rice,7,42,27,Urea
20,76,71,Sandy,Sugarcane,2,2,38,Urea
23,43,77,Loamy,Wheat,34,9,3,DAP
33,60,31,Sandy,Sugarcane,26,6,29,MOP
33,79,73,Sandy,Maize,33,48,37,20-20
22,70,25,Black,Cotton,27,25,13,20-20
36,43,63,Loamy,Sugarcane,30,15,35,20-20
22,34,28,Sandy,Cotton,16,38,30,20-20
35,40,71,Sandy,Sugarcane,18,44,18,20-20
33,69,56,Loamy,Wheat,41,31,48,28-28
39,34,72,Loamy,Cotton,43,11,11,20-20
32,58,22,Black,Sugarcane,10,43,48,20-20
34,40,53,Black,Wheat,8,7,14,Urea
33,34,27,Red,Ground Nuts,29,7,8,DAP
38,78,29,Red,Maize,44,44,26,28-28
25,83,66,Black,Rice,5,10,19,Urea
29,61,60,Sandy,Wheat,13,32,27,20-20
34,65,61,Loamy,Wheat,30,24,24,20-20
39,44,62,Black,Maize,10,16,15,20-20
25,48,28,Red,Cotton,4,30,17,Urea
29,51,33,Loamy,Sugarcane,30,18,49,20-20
26,63,56,Red,Cotton,1,44,35,Urea
36,85,46,Sandy,Wheat,38,14,3,DAP
37,46,60,Sandy,Ground Nuts,16,43,20,20-20
36,41,51,Red,Sugarcane,37,48,26,28-28
28,54,23,Loamy,Rice,45,34,0,DAP
29,85,21,Red,Rice,35,38,4,DAP
29,46,70,Loamy,Sugarcane,2,1,43,Urea
26,39,52,Black,Wheat,42,33,45,28-28
35,57,40,Red,Ground Nuts,28,24,9,DAP
37,86,20,Red,Maize,32,37,49,20-20
25,47,63,Loamy,Ground Nuts,13,3,20,MOP
39,80,30,Black,Cotton,37,15,9,DAP
20,47,20,Loamy,Ground Nuts,28,31,25,20-20
20,74,65,Loamy,Ground Nuts,22,14,15,20-20
31,61,78,Red,Cotton,16,41,37,20-20
21,43,30,Red,Maize,48,13,2,DAP
23,85,26,Loamy,Maize,10,40,19,20-20
36,45,21,Sandy,Rice,27,14,46,20-20
23,79,34,Sandy,Maize,6,6,4,Urea
30,87,27,Sandy,Sugarcane,44,6,5,DAP
23,47,73,Red,Rice,39,7,24,MOP
20,45,71,Red,Wheat,7,18,24,Urea
26,46,76,Black,Rice,40,17,11,20-20
37,36,66,Red,Ground Nuts,28,16,0,DAP
28,41,45,Black,Ground Nuts,24,17,41,20-20
22,63,59,Red,Rice,6,18,2,Urea
27,39,61,Sandy,Cotton,21,39,20,20-20
38,34,70,Sandy,Maize,8,12,4,Urea
23,50,54,Loamy,Ground Nuts,10,10,14,20-20
37,32,71,Loamy,Ground Nuts,33,6,3,DAP
39,48,65,Black,Sugarcane,26,26,18,20-20
30,74,60,Black,Maize,49,36,16,20-20
33,73,60,Loamy,Ground Nuts,21,4,7,DAP
37,64,40,Black,Cotton,2,7,36,Urea
35,35,79,Red,Ground Nuts,49,9,23,MOP
22,43,76,Sandy,Maize,47,36,3,DAP
34,33,57,Loamy,Sugarcane,39,25,23,28-28
23,74,27,Loamy,Maize,7,14,18,Urea
24,80,62,Red,Cotton,5,15,23,Urea
36,47,51,Black,Sugarcane,24,28,40,20-20
26,58,27,Loamy,Maize,1,27,44,Urea
35,64,63,Loamy,Cotton,15,9,20,MOP
33,81,29,Red,Cotton,40,39,16,20-20
35,67,42,Sandy,Rice,20,3,7,DAP
26,45,23,Loamy,Ground Nuts,14,45,30,20-20
28,49,67,Loamy,Sugarcane,33,39,18,20-20
23,53,71,Red,Sugarcane,46,13,10,20-20
30,64,57,Loamy,Ground Nuts,42,43,45,28-28
21,73,49,Loamy,Maize,19,32,49,20-20
31,80,60,Sandy,Rice,43,17,22,28-28
31,48,42,Loamy,Sugarcane,30,11,36,20-20
23,85,24,Red,Cotton,14,9,27,MOP
37,33,40,Sandy,Sugarcane,47,20,22,28-28
26,62,75,Sandy,Rice,27,32,11,20-20
20,31,25,Sandy,Ground Nuts,5,13,15,Urea
32,42,68,Black,Wheat,2,8,15,Urea
25,87,36,Red,Ground Nuts,37,25,13,20-20
25,74,44,Black,Cotton,22,14,6,DAP
31,59,43,Loamy,Sugarcane,2,20,20,Urea
27,63,41,Sandy,Ground Nuts,44,21,20,20-20
38,59,32,Black,Cotton,43,45,40,28-28
24,80,36,Loamy,Maize,7,40,34,Urea
37,83,33,Black,Cotton,1,42,45,Urea
24,53,53,Sandy,Sugarcane,6,4,23,Urea
29,77,45,Loamy,Maize,16,43,0,DAP
20,73,38,Sandy,Maize,6,15,13,Urea
29,62,45,Sandy,Maize,32,34,19,20-20
24,70,79,Black,Wheat,35,4,27,MOP
31,78,22,Red,Wheat,46,25,17,20-20
26,39,21,Loamy,Maize,3,25,2,Urea
28,47,47,Loamy,Ground Nuts,43,4,26,MOP
31,48,21,Red,Ground Nuts,15,49,5,DAP
20,36,41,Loamy,Ground Nuts,20,35,3,DAP
30,86,26,Black,Sugarcane,17,23,0,DAP
34,48,23,Loamy,Maize,45,14,20,20-20
21,53,68,Black,Ground Nuts,45,29,34,28-28
39,44,57,Loamy,Maize,27,4,27,MOP
26,70,58,Black,Cotton,42,39,17,20-20
31,71,39,Red,Ground Nuts,15,47,34,20-20
37,52,25,Loamy,Cotton,46,21,20,20-20
22,81,28,Black,Cotton,21,32,15,20-20
26,81,71,Sandy,Ground Nuts,5,4,25,Urea
30,33,79,Sandy,Rice,29,31,38,20-20
37,67,50,Sandy,Cotton,44,49,8,DAP
31,33,45,Loamy,Ground Nuts,27,47,22,20-20
25,34,55,Black,Cotton,16,22,1,DAP
24,70,45,Sandy,Sugarcane,35,9,2,DAP
20,73,47,Loamy,Wheat,11,35,32,20-20
31,52,24,Black,Wheat,49,49,23,28-28
30,69,70,Sandy,Wheat,39,16,22,28-28
23,82,29,Sandy,Rice,11,26,5,DAP
37,66,37,Loamy,Maize,35,44,20,20-20
23,40,34,Black,Cotton,39,7,46,MOP
36,84,76,Loamy,Sugarcane,28,39,4,DAP
21,40,52,Sandy,Rice,1,43,12,Urea
21,42,24,Loamy,Wheat,28,49,39,20-20
31,43,56,Loamy,Rice,29,5,12,MOP
25,89,59,Sandy,Sugarcane,35,6,18,MOP
29,37,41,Sandy,Ground Nuts,43,25,8,DAP
35,54,41,Black,Rice,24,16,2,DAP
33,47,41,Black,Wheat,20,36,30,20-20
26,80,71,Sandy,Maize,21,22,45,20-20
38,73,34,Sandy,Wheat,9,26,38,Urea
36,73,36,Red,Wheat,30,39,12,20-20
28,47,70,Red,Wheat,46,18,40,28-28
32,39,64,Black,Rice,8,26,10,Urea
24,36,77,Loamy,Sugarcane,40,24,40,28-28
24,89,47,Sandy,Wheat,38,39,10,20-20
29,79,78,Sandy,Ground Nuts,33,24,45,20-20
29,73,41,Loamy,Rice,38,20,46,28-28
26,43,40,Black,Sugarcane,40,24,48,28-28
34,44,61,Red,Maize,49,6,0,DAP
26,45,36,Black,Wheat,22,34,34,20-20
34,31,24,Loamy,Cotton,11,5,34,MOP
22,59,37,Sandy,Rice,6,39,2,Urea
38,59,36,Red,Ground Nuts,31,49,3,DAP
29,47,23,Loamy,Maize,18,14,23,20-20
34,60,73,Sandy,Maize,21,23,29,20-20
22,73,26,Black,Maize,15,48,31,20-20
25,77,44,Red,Rice,7,3,48,Urea
31,42,56,Sandy,Sugarcane,29,6,19,MOP
34,49,59,Sandy,Cotton,5,29,35,Urea
25,78,59,Sandy,Ground Nuts,1,16,12,Urea
32,79,62,Sandy,Sugarcane,33,37,38,20-20
38,64,28,Sandy,Wheat,28,29,3,DAP
22,52,38,Black,Cotton,39,44,27,28-28
27,71,70,Loamy,Sugarcane,41,38,39,28-28
27,62,28,Red,Wheat,42,8,42,MOP
39,67,42,Black,Cotton,19,18,6,DAP
34,64,50,Red,Rice,2,12,8,Urea
23,80,51,Sandy,Ground Nuts,47,46,21,28-28
38,65,71,Loamy,Ground Nuts,34,48,3,DAP
22,49,50,Sandy,Wheat,7,36,35,Urea
32,84,36,Black,Sugarcane,11,18,32,20-20
27,32,67,Black,Cotton,49,5,5,DAP
35,37,58,Red,Wheat,44,11,2,DAP
32,69,77,Sandy,Wheat,42,14,34,28-28
22,88,41,Sandy,Rice,31,46,32,20-20
35,61,54,Loamy,Wheat,28,2,6,DAP
28,58,49,Loamy,Cotton,44,3,40,MOP
33,36,72,Sandy,Maize,20,36,34,20-20
32,31,70,Red,Cotton,2,37,46,Urea
26,50,59,Loamy,Cotton,37,5,2,DAP
34,35,56,Sandy,Rice,26,48,42,20-20
26,57,45,Sandy,Rice,2,27,17,Urea
25,77,77,Sandy,Ground Nuts,0,7,2,Urea
21,71,25,Black,Ground Nuts,45,30,38,28-28
28,65,53,Red,Wheat,19,20,26,20-20
36,61,75,Sandy,Ground Nuts,6,44,8,Urea
24,74,51,Sandy,Rice,40,28,16,20-20
31,71,44,Sandy,Wheat,0,14,40,Urea
20,82,70,Loamy,Maize,9,48,41,Urea
29,75,32,Sandy,Sugarcane,44,23,44,28-28
30,38,57,Black,Rice,11,20,4,DAP
35,40,57,Black,Rice,3,48,45,Urea
33,52,21,Red,Maize,6,22,3,Urea
27,79,77,Sandy,Rice,9,30,13,Urea
36,40,75,Sandy,Ground Nuts,21,33,28,20-20
37,78,24,Sandy,Ground Nuts,24,27,10,20-20
31,31,30,Black,Ground Nuts,28,31,21,20-20
36,32,30,Loamy,Maize,38,21,41,28-28
33,40,43,Loamy,Wheat,14,2,4,DAP
35,79,33,Sandy,Rice,18,8,11,MOP
33,88,64,Loamy,Rice,38,5,20,MOP
28,64,49,Red,Ground Nuts,45,0,14,MOP
23,87,59,Black,Wheat,45,21,23,28-28
30,44,66,Sandy,Rice,17,3,12,MOP
25,72,63,Loamy,Cotton,41,44,31,28-28
34,40,54,Sandy,Maize,2,7,25,Urea
24,60,40,Sandy,Sugarcane,5,36,39,Urea
30,57,74,Black,Cotton,21,41,25,20-20
37,57,24,Black,Sugarcane,40,18,35,28-28
32,61,57,Loamy,Cotton,45,43,44,28-28
30,54,21,Black,Cotton,30,0,29,MOP
33,49,59,Red,Cotton,20,40,46,20-20
37,57,56,Sandy,Maize,7,23,8,Urea
38,54,73,Black,Sugarcane,0,47,23,Urea
34,40,68,Loamy,Wheat,2,16,37,Urea
28,48,77,Loamy,Wheat,28,31,17,20-20
27,57,53,Loamy,Ground Nuts,5,49,8,Urea
39,30,30,Red,Rice,32,13,21,20-20
20,88,55,Black,Maize,17,16,37,20-20
23,34,30,Black,Ground Nuts,41,31,20,20-20
33,39,28,Red,Ground Nuts,48,32,6,DAP
21,71,25,Black,Maize,0,29,11,Urea
35,75,75,Black,Maize,21,46,35,20-20
22,63,53,Black,Cotton,30,33,10,20-20
27,65,77,Red,Maize,22,27,2,DAP
25,31,66,Red,Wheat,7,23,26,Urea
35,47,56,Loamy,Maize,28,13,6,DAP
35,42,51,Red,Cotton,43,33,1,DAP
26,80,79,Red,Sugarcane,45,46,9,DAP
32,34,31,Loamy,Ground Nuts,18,0,2,DAP
32,49,64,Red,Maize,48,21,16,20-20
24,31,51,Black,Ground Nuts,15,32,42,20-20
39,40,36,Sandy,Sugarcane,18,43,0,DAP
37,59,23,Loamy,Rice,36,46,33,28-28
34,61,61,Sandy,Cotton,21,17,12,20-20
37,61,52,Sandy,Ground Nuts,18,46,13,20-20
21,87,62,Loamy,Maize,3,38,16,Urea
29,79,67,Sandy,Rice,4,11,33,Urea
32,67,62,Sandy,Rice,4,9,16,Urea
37,84,28,Loamy,Sugarcane,24,1,40,MOP
34,57,53,Loamy,Ground Nuts,23,1,24,MOP
31,39,58,Black,Ground Nuts,0,5,43,Urea
34,51,70,Loamy,Wheat,49,19,29,28-28
32,84,49,Red,Wheat,27,37,47,20-20
37,46,69,Sandy,Wheat,46,27,35,28-28
34,51,39,Loamy,Ground Nuts,20,41,10,20-20
30,72,58,Black,Ground Nuts,18,2,20,MOP
38,48,42,Loamy,Wheat,22,47,19,20-20
22,46,60,Sandy,Cotton,13,36,28,20-20
26,53,63,Loamy,Maize,5,36,3,Urea
33,65,54,Sandy,Maize,31,41,33,20-20
33,61,42,Loamy,Cotton,49,24,41,28-28
32,87,73,Black,Sugarcane,31,22,40,20-20
31,85,77,Red,Maize,7,12,16,Urea
28,87,67,Black,Ground Nuts,36,23,11,20-20
20,75,58,Loamy,Rice,21,2,3,DAP
38,88,42,Sandy,Ground Nuts,7,49,40,Urea
30,81,77,Black,Maize,37,37,13,20-20
38,65,56,Red,Cotton,9,27,3,Urea
37,57,76,Red,Sugarcane,2,25,33,Urea
31,43,42,Sandy,Maize,12,19,17,20-20
20,87,58,Loamy,Cotton,38,26,12,20-20
38,65,47,Black,Rice,29,0,9,DAP
39,35,38,Black,Wheat,3,9,13,Urea
36,38,68,Sandy,Rice,44,9,8,DAP
24,50,67,Black,Rice,5,0,42,Urea
22,41,49,Sandy,Sugarcane,15,31,19,20-20
21,87,40,Sandy,Maize,21,31,0,DAP
22,59,43,Loamy,Wheat,26,42,43,20-20
27,60,40,Sandy,Cotton,20,26,28,20-20
35,69,45,Black,Wheat,28,12,16,20-20
25,85,70,Sandy,Maize,0,16,48,Urea
32,33,76,Black,Sugarcane,29,27,7,DAP
35,60,69,Sandy,Maize,23,24,16,20-20
35,56,70,Loamy,Cotton,12,49,20,20-20
22,87,79,Loamy,Wheat,29,35,24,20-20
32,86,55,Sandy,Rice,25,46,19,20-20
33,54,45,Sandy,Maize,33,1,24,MOP
27,34,52,Sandy,Ground Nuts,19,31,20,20-20
31,35,78,Loamy,Sugarcane,5,31,12,Urea
27,34,55,Red,Sugarcane,42,5,12,MOP
28,80,23,Sandy,Wheat,48,30,46,28-28
20,56,28,Red,Rice,8,8,49,Urea
25,37,27,Sandy,Cotton,36,42,29,28-28
38,38,21,Black,Rice,36,15,12,20-20
30,44,48,Loamy,Wheat,15,24,39,20-20
30,65,42,Red,Rice,3,39,6,Urea
32,86,25,Red,Wheat,31,27,41,20-20
30,70,74,Loamy,Rice,19,16,11,20-20
37,36,62,Red,Maize,28,30,1,DAP
34,61,55,Sandy,Sugarcane,30,22,13,20-20
20,37,65,Red,Wheat,44,30,41,28-28
26,76,40,Sandy,Wheat,16,25,16,20-20
32,80,41,Red,Sugarcane,40,3,12,MOP
31,44,28,Black,Ground Nuts,24,38,0,DAP
37,66,53,Red,Ground Nuts,44,42,46,28-28
38,48,78,Red,Cotton,15,42,0,DAP
34,68,76,Sandy,Wheat,19,42,46,20-20
27,35,45,Loamy,Maize,41,14,25,28-28
38,88,20,Black,Rice,9,36,46,Urea
29,48,55,Loamy,Maize,47,37,45,28-28
26,86,63,Sandy,Wheat,22,22,12,20-20
37,57,24,Black,Cotton,32,4,33,MOP
35,46,60,Red,Wheat,42,40,39,28-28
39,71,41,Loamy,Cotton,12,42,8,DAP
25,48,23,Loamy,Sugarcane,24,24,18,20-20
28,60,67,Loamy,Rice,49,29,22,28-28
32,40,21,Red,Maize,36,25,40,28-28
27,44,35,Sandy,Cotton,35,2,27,MOP
35,39,35,Red,Maize,23,3,29,MOP
32,72,72,Red,Sugarcane,5,46,6,Urea
32,52,75,Sandy,Wheat,14,17,13,20-20
36,32,75,Sandy,Cotton,33,36,1,DAP
39,32,41,Red,Rice,3,10,11,Urea
24,47,62,Sandy,Cotton,13,10,42,20-20
36,54,20,Loamy,Ground Nuts,3,35,48,Urea
28,72,34,Black,Wheat,27,15,1,DAP
21,49,43,Sandy,Wheat,28,42,27,20-20
37,87,23,Black,Rice,17,24,27,20-20
28,58,37,Loamy,Rice,19,0,11,MOP
25,51,36,Sandy,Sugarcane,47,25,29,28-28
30,79,26,Red,Maize,40,44,46,28-28
25,86,69,Red,Cotton,31,29,39,20-20
25,44,64,Loamy,Sugarcane,7,5,39,Urea
32,68,71,Sandy,Maize,42,26,21,28-28
30,39,71,Red,Sugarcane,45,18,17,20-20
33,50,29,Sandy,Ground Nuts,48,37,13,20-20
21,84,20,Black,Rice,12,44,24,20-20
27,81,21,Red,Rice,39,42,9,DAP
22,58,68,Loamy,Wheat,45,18,35,28-28
22,61,41,Red,Cotton,42,38,47,28-28
20,39,51,Loamy,Cotton,8,43,47,Urea
38,42,48,Loamy,Cotton,39,31,48,28-28
37,76,54,Black,Sugarcane,45,47,8,DAP
36,52,36,Black,Sugarcane,46,0,10,MOP
39,79,31,Loamy,Cotton,32,24,26,20-20
32,52,43,Red,Wheat,11,46,12,20-20
22,60,49,Loamy,Maize,36,12,0,DAP
20,33,63,Sandy,Ground Nuts,24,9,38,MOP
23,81,49,Sandy,Sugarcane,45,17,10,20-20
32,78,39,Red,Cotton,24,35,2,DAP
36,89,61,Red,Rice,15,21,1,DAP
30,32,26,Black,Sugarcane,15,5,45,MOP
21,50,61,Sandy,Maize,38,26,41,28-28
35,82,69,Loamy,Sugarcane,34,7,23,MOP
21,31,73,Loamy,Maize,22,23,19,20-20
38,33,57,Sandy,Maize,7,19,48,Urea
38,30,26,Sandy,Sugarcane,45,21,39,28-28
35,44,79,Black,Maize,2,8,14,Urea
38,86,68,Sandy,Sugarcane,23,39,5,DAP
28,62,49,Black,Sugarcane,42,49,19,20-20
20,35,31,Red,Wheat,21,38,21,20-20
29,36,68,Red,Rice,13,18,1,DAP
38,48,50,Sandy,Ground Nuts,21,49,14,20-20
20,73,37,Sandy,Maize,33,0,47,MOP
21,30,65,Sandy,Sugarcane,35,10,33,20-20
35,68,62,Sandy,Maize,30,40,45,20-20
31,48,21,Loamy,Sugarcane,20,41,30,20-20
27,74,72,Loamy,Ground Nuts,4,9,29,Urea
37,55,52,Red,Sugarcane,18,0,27,MOP
21,73,30,Loamy,Sugarcane,41,26,32,28-28
32,41,53,Sandy,Rice,20,16,40,20-20
25,51,35,Black,Maize,1,43,48,Urea
25,42,73,Red,Rice,2,43,20,Urea
28,57,54,Sandy,Rice,46,16,45,28-28
35,43,71,Loamy,Rice,29,38,22,20-20
30,51,52,Black,Rice,33,42,41,20-20
26,59,40,Black,Wheat,24,1,12,MOP
29,73,39,Loamy,Maize,34,47,44,20-20
29,49,27,Sandy,Maize,28,22,25,20-20
39,73,70,Black,Sugarcane,11,40,18,20-20
37,56,45,Black,Maize,22,9,26,MOP
39,67,52,Loamy,Ground Nuts,27,41,39,20-20
28,88,45,Black,Rice,45,29,6,DAP
34,71,56,Black,Cotton,16,34,24,20-20
23,81,49,Black,Maize,15,24,48,20-20
27,85,50,Red,Cotton,48,16,39,28-28
28,70,52,Sandy,Ground Nuts,8,45,35,Urea
32,63,30,Sandy,Wheat,2,18,6,Urea
28,68,72,Loamy,Sugarcane,21,17,19,20-20
23,70,60,Sandy,Sugarcane,30,17,23,20-20
36,86,24,Black,Sugarcane,13,45,27,20-20
35,73,21,Sandy,Wheat,2,34,48,Urea
34,66,32,Red,Rice,37,9,4,DAP
22,30,37,Black,Cotton,22,22,35,20-20
39,83,45,Black,Maize,20,44,30,20-20
24,44,44,Red,Rice,23,21,32,20-20
24,61,63,Red,Sugarcane,31,43,23,20-20
39,37,33,Sandy,Sugarcane,44,8,9,DAP
34,62,24,Sandy,Rice,4,31,37,Urea
37,47,78,Sandy,Cotton,32,25,43,20-20
34,74,75,Red,Rice,43,28,48,28-28
21,58,61,Sandy,Wheat,46,41,4,DAP
32,61,71,Loamy,Sugarcane,18,18,30,20-20
23,62,21,Sandy,Cotton,33,47,8,DAP
29,34,23,Red,Maize,2,28,31,Urea
32,47,31,Red,Sugarcane,38,34,40,28-28
29,77,30,Loamy,Rice,27,11,4,DAP
28,87,23,Black,Cotton,10,7,26,MOP
27,39,62,Loamy,Sugarcane,9,24,27,Urea
22,65,28,Red,Maize,39,26,42,28-28
35,62,29,Black,Maize,1,46,11,Urea
33,52,46,Loamy,Ground Nuts,45,42,4,DAP
28,69,25,Loamy,Rice,44,44,7,DAP
30,34,34,Black,Wheat,38,5,16,MOP
22,63,61,Loamy,Rice,26,12,7,DAP
24,53,50,Black,Cotton,8,10,33,Urea
29,46,41,Sandy,Rice,38,37,22,28-28
32,60,72,Black,Cotton,0,5,17,Urea
23,36,25,Loamy,Ground Nuts,32,4,9,DAP
32,46,52,Sandy,Ground Nuts,37,6,38,MOP
31,57,48,Red,Ground Nuts,32,18,40,20-20
24,67,40,Red,Wheat,47,42,43,28-28
29,51,79,Red,Ground Nuts,2,5,43,Urea
28,44,73,Loamy,Rice,31,24,4,DAP
39,66,75,Sandy,Maize,12,8,42,MOP
26,44,71,Black,Cotton,20,19,16,20-20
21,79,49,Red,Cotton,3,24,46,Urea
26,79,40,Red,Maize,16,49,10,20-20
27,54,55,Sandy,Rice,41,7,46,MOP
26,82,74,Sandy,Wheat,3,49,47,Urea
33,50,77,Sandy,Sugarcane,19,36,18,20-20
38,84,41,Loamy,Rice,11,37,20,20-20
24,67,65,Sandy,Ground Nuts,25,1,43,MOP
37,31,39,Black,Rice,44,21,2,DAP
39,56,41,Black,Cotton,35,35,39,20-20
31,78,71,Red,Cotton,15,3,42,MOP
36,61,79,Black,Wheat,6,47,0,Urea
32,50,59,Sandy,Ground Nuts,32,0,23,MOP
21,33,30,Black,Wheat,47,47,35,28-28
32,73,66,Red,Wheat,1,32,5,Urea
26,48,50,Loamy,Maize,32,23,9,DAP
29,31,70,Black,Sugarcane,13,48,46,20-20
25,55,59,Red,Sugarcane,19,4,39,MOP
22,63,32,Red,Ground Nuts,36,47,45,28-28
22,43,37,Sandy,Wheat,26,34,33,20-20
37,44,41,Red,Cotton,46,41,23,28-28
30,49,75,Black,Sugarcane,41,49,22,28-28
39,63,36,Red,Rice,20,49,19,20-20
24,65,57,Red,Maize,1,25,37,Urea
38,48,44,Sandy,Cotton,42,48,34,28-28
38,38,51,Sandy,Maize,15,42,33,20-20
34,36,34,Black,Rice,18,40,45,20-20
35,59,32,Red,Sugarcane,3,42,49,Urea
28,42,77,Loamy,Maize,9,25,46,Urea
23,56,45,Red,Ground Nuts,21,40,35,20-20
34,73,69,Loamy,Maize,11,48,15,20-20
31,64,30,Black,Maize,1,4,22,Urea
22,42,32,Sandy,Rice,1,43,43,Urea
33,44,52,Black,Cotton,40,17,48,28-28
36,75,69,Sandy,Cotton,43,24,0,DAP
38,85,56,Sandy,Rice,33,47,8,DAP
25,38,57,Red,Maize,17,40,11,20-20
23,74,20,Red,Maize,15,39,36,20-20
26,52,58,Sandy,Wheat,18,37,16,20-20
38,83,46,Loamy,Ground Nuts,46,48,2,DAP
36,65,55,Loamy,Sugarcane,24,45,37,20-20
35,82,51,Red,Sugarcane,29,20,28,20-20
34,69,60,Black,Cotton,47,23,30,28-28
27,32,34,Loamy,Rice,5,27,34,Urea
38,63,50,Sandy,Maize,26,45,37,20-20
27,48,25,Red,Ground Nuts,14,3,25,MOP
37,57,44,Red,Sugarcane,30,7,12,MOP
35,52,68,Sandy,Rice,43,48,18,20-20
39,69,71,Black,Rice,21,32,31,20-20
38,78,37,Sandy,Maize,11,2,46,MOP
29,74,41,Black,Ground Nuts,9,48,26,Urea
36,36,50,Red,Rice,20,19,38,20-20
32,70,55,Black,Sugarcane,46,34,12,20-20
32,41,28,Sandy,Wheat,30,38,33,20-20
26,43,65,Red,Sugarcane,35,42,18,20-20
29,75,22,Loamy,Ground Nuts,9,46,18,Urea
21,44,52,Red,Wheat,18,6,2,DAP
23,32,46,Sandy,Rice,22,26,2,DAP
25,44,62,Sandy,Sugarcane,45,4,25,MOP
37,80,20,Red,Maize,9,48,5,Urea
25,53,63,Red,Ground Nuts,48,36,12,20-20
36,81,76,Red,Rice,26,0,45,MOP
33,75,28,Black,Maize,42,21,37,28-28
30,37,24,Loamy,Wheat,49,6,26,MOP
38,34,34,Black,Cotton,1,48,40,Urea
21,80,69,Sandy,Cotton,10,7,23,MOP
22,33,28,Red,Wheat,7,43,9,Urea
30,43,64,Black,Cotton,18,29,15,20-20
25,45,47,Black,Ground Nuts,15,27,22,20-20
33,49,32,Sandy,Rice,3,25,46,Urea
38,53,43,Black,Rice,13,33,11,20-20
35,35,64,Sandy,Ground Nuts,21,48,27,20-20
26,84,78,Black,Sugarcane,16,31,12,20-20
27,86,29,Loamy,Rice,42,21,17,20-20
38,60,61,Sandy,Cotton,25,19,1,DAP
39,35,41,Loamy,Ground Nuts,34,13,45,20-20
35,64,58,Black,Maize,35,22,16,20-20
26,44,79,Loamy,Sugarcane,44,2,22,MOP
28,58,41,Loamy,Maize,48,18,22,28-28
32,32,56,Loamy,Cotton,29,13,0,DAP
20,40,71,Black,Maize,20,39,42,20-20
27,32,58,Sandy,Cotton,19,38,13,20-20
23,57,39,Black,Rice,41,36,11,20-20
22,39,29,Black,Sugarcane,25,34,13,20-20
22,79,29,Black,Wheat,11,0,48,MOP
32,62,45,Sandy,Cotton,7,18,43,Urea
27,77,44,Red,Ground Nuts,34,14,37,20-20
26,45,72,Black,Ground Nuts,28,24,40,20-20
20,88,75,Black,Rice,41,0,43,MOP
35,39,47,Sandy,Ground Nuts,6,30,48,Urea
25,62,32,Red,Maize,9,36,15,Urea
26,65,34,Red,Rice,38,42,33,28-28
31,32,79,Red,Ground Nuts,49,45,17,20-20
28,34,79,Red,Maize,19,21,47,20-20
30,41,25,Sandy,Maize,27,49,9,DAP
29,86,71,Sandy,Maize,13,19,18,20-20
20,73,31,Red,Ground Nuts,11,40,29,20-20
37,42,38,Loamy,Maize,7,46,3,Urea
23,53,51,Sandy,Sugarcane,6,42,6,Urea
24,73,30,Loamy,Ground Nuts,4,4,15,Urea
28,86,57,Loamy,Maize,0,14,36,Urea
36,61,52,Red,Sugarcane,46,1,4,DAP
22,45,21,Red,Wheat,8,11,38,Urea
35,61,74,Black,Sugarcane,43,6,48,MOP
24,74,34,Loamy,Ground Nuts,17,1,32,MOP
35,66,55,Black,Ground Nuts,42,7,34,MOP
22,85,24,Red,Maize,41,8,47,MOP
39,65,34,Loamy,Ground Nuts,9,26,33,Urea
34,50,62,Sandy,Wheat,49,27,32,28-28
22,76,29,Black,Rice,0,36,38,Urea
39,41,36,Red,Sugarcane,19,14,9,DAP
33,80,53,Loamy,Rice,42,18,2,DAP
35,50,71,Red,Wheat,28,29,49,20-20
36,89,43,Black,Sugarcane,1,12,28,Urea
39,80,29,Red,Maize,25,44,34,20-20
37,50,71,Red,Sugarcane,10,5,30,MOP
37,72,49,Sandy,Maize,24,29,38,20-20
33,82,22,Red,Cotton,33,0,14,MOP
37,35,70,Loamy,Sugarcane,40,41,0,DAP
34,38,79,Loamy,Sugarcane,0,37,18,Urea
34,30,56,Sandy,Rice,30,24,36,20-20
25,41,22,Loamy,Rice,37,34,26,28-28
34,87,59,Red,Wheat,21,25,20,20-20
37,43,24,Red,Maize,1,12,6,Urea
23,35,47,Loamy,Ground Nuts,46,18,42,28-28
27,30,63,Black,Rice,0,9,32,Urea
34,51,33,Red,Wheat,23,44,1,DAP
22,63,58,Loamy,Maize,49,6,13,MOP
34,85,30,Red,Maize,35,14,41,20-20
32,40,27,Red,Maize,44,22,2,DAP
28,32,56,Sandy,Cotton,35,35,13,20-20
21,71,27,Loamy,Maize,46,42,4,DAP
27,35,31,Red,Wheat,33,30,16,20-20
39,35,34,Black,Maize,8,7,38,Urea
36,49,38,Loamy,Ground Nuts,11,29,0,DAP
32,50,67,Black,Ground Nuts,45,33,42,28-28
20,31,65,Loamy,Maize,19,32,27,20-20
21,55,47,Black,Wheat,3,0,37,Urea
34,60,26,Black,Sugarcane,14,15,47,20-20
31,55,59,Loamy,Maize,3,49,13,Urea
33,85,26,Sandy,Wheat,4,10,16,Urea
21,61,49,Sandy,Rice,9,26,14,Urea
37,39,37,Loamy,Wheat,43,21,45,28-28
26,52,43,Red,Cotton,43,39,6,DAP
25,87,25,Loamy,Rice,39,18,41,28-28
33,35,77,Loamy,Ground Nuts,35,43,6,DAP
27,52,70,Red,Ground Nuts,34,5,46,MOP
21,57,23,Loamy,Sugarcane,0,47,23,Urea
36,78,74,Loamy,Sugarcane,17,39,25,20-20
24,59,22,Red,Wheat,30,38,13,20-20
33,43,68,Red,Wheat,45,19,46,28-28
39,66,73,Sandy,Maize,48,2,18,MOP
22,84,70,Black,Maize,5,0,25,Urea
24,61,78,Black,Ground Nuts,5,22,15,Urea
35,78,66,Sandy,Cotton,41,37,33,28-28
37,63,77,Sandy,Maize,18,2,1,DAP
36,70,25,Black,Ground Nuts,31,33,0,DAP
30,73,45,Sandy,Wheat,41,16,47,28-28
36,80,63,Loamy,Wheat,29,47,35,20-20
35,51,70,Sandy,Maize,25,26,34,20-20
21,60,57,Sandy,Cotton,2,38,42,Urea
23,36,30,Sandy,Ground Nuts,32,22,23,20-20
26,70,71,Sandy,Wheat,49,37,48,28-28
21,50,48,Black,Ground Nuts,30,10,4,DAP
25,45,39,Red,Cotton,46,14,28,28-28
36,49,29,Black,Wheat,19,25,40,20-20
26,72,45,Black,Ground Nuts,3,10,0,Urea
24,73,67,Red,Cotton,31,6,8,DAP
24,76,46,Black,Cotton,17,46,35,20-20
39,79,69,Loamy,Cotton,9,47,15,Urea
35,48,33,Red,Maize,21,7,14,MOP
38,77,55,Loamy,Sugarcane,16,4,9,DAP
28,61,78,Black,Ground Nuts,41,16,36,28-28
24,44,31,Black,Cotton,3,22,15,Urea
27,34,71,Red,Ground Nuts,36,1,37,MOP
28,40,78,Black,Cotton,6,26,47,Urea
24,44,42,Sandy,Ground Nuts,7,20,35,Urea
29,58,40,Loamy,Wheat,0,6,14,Urea
21,79,27,Loamy,Ground Nuts,7,37,2,Urea
28,74,58,Sandy,Sugarcane,18,25,18,20-20
30,33,77,Red,Wheat,16,29,40,20-20
23,78,28,Red,Wheat,40,11,36,28-28
21,65,43,Sandy,Cotton,47,47,47,28-28
25,77,50,Sandy,Rice,8,10,2,Urea
33,52,44,Loamy,Sugarcane,15,16,7,DAP
20,44,36,Sandy,Wheat,44,9,23,MOP
37,75,61,Sandy,Rice,36,47,13,20-20
26,73,48,Sandy,Rice,26,15,34,20-20
20,32,79,Black,Wheat,1,14,15,Urea
20,61,22,Sandy,Cotton,35,14,6,DAP
20,39,40,Black,Maize,11,19,40,20-20
23,69,76,Loamy,Wheat,49,3,34,MOP
23,67,27,Loamy,Cotton,34,31,7,DAP
37,51,33,Red,Sugarcane,30,21,11,20-20
30,43,77,Loamy,Cotton,18,34,48,20-20
20,46,58,Red,Rice,25,13,45,20-20
29,50,35,Black,Sugarcane,35,29,15,20-20
28,80,37,Sandy,Sugarcane,3,30,3,Urea
23,77,50,Loamy,Maize,47,9,34,MOP
25,44,30,Sandy,Maize,42,5,44,MOP
35,87,57,Red,Wheat,30,26,40,20-20
21,44,39,Black,Cotton,12,10,44,20-20
37,30,72,Loamy,Wheat,42,35,31,28-28
29,53,65,Sandy,Maize,38,9,11,MOP
36,84,72,Red,Rice,45,15,20,20-20
32,84,64,Sandy,Maize,3,23,14,Urea
37,41,23,Loamy,Cotton,39,20,34,28-28
32,39,39,Sandy,Rice,43,39,2,DAP
36,75,50,Black,Wheat,12,40,1,DAP
24,71,39,Loamy,Wheat,40,35,5,DAP
30,71,30,Red,Maize,8,48,15,Urea
26,81,69,Loamy,Maize,1,41,22,Urea
29,60,20,Red,Ground Nuts,34,44,30,20-20
36,40,63,Red,Wheat,11,22,49,20-20
34,83,37,Loamy,Wheat,16,20,40,20-20
37,45,58,Red,Sugarcane,3,31,29,Urea
38,38,63,Loamy,Cotton,13,16,2,DAP
21,76,52,Black,Sugarcane,20,16,15,20-20
23,43,73,Black,Sugarcane,40,20,3,DAP
22,48,55,Sandy,Wheat,7,3,45,Urea
26,60,37,Black,Ground Nuts,32,22,35,20-20
37,38,66,Red,Cotton,44,24,27,28-28
29,65,50,Sandy,Wheat,27,31,49,20-20
26,82,54,Sandy,Sugarcane,2,5,49,Urea
27,68,58,Loamy,Sugarcane,13,13,49,20-20
25,83,57,Sandy,Wheat,18,40,27,20-20
20,55,34,Loamy,Maize,5,37,2,Urea
23,37,66,Sandy,Maize,35,41,25,20-20
33,53,25,Black,Wheat,19,37,38,20-20
36,37,27,Loamy,Rice,0,40,12,Urea
39,48,59,Red,Rice,9,44,6,Urea
37,76,41,Sandy,Maize,12,15,12,20-20
30,77,20,Black,Cotton,11,31,3,DAP
33,59,77,Black,Ground Nuts,10,15,15,20-20
28,87,32,Loamy,Sugarcane,35,18,27,20-20
34,51,74,Loamy,Cotton,16,36,46,20-20
31,84,43,Loamy,Maize,46,42,12,20-20
29,38,40,Red,Wheat,28,20,41,20-20
38,87,64,Red,Rice,2,14,9,Urea
38,87,62,Red,Maize,28,25,4,DAP
25,73,23,Sandy,Cotton,9,29,35,Urea
39,77,26,Red,Cotton,45,39,18,20-20
25,33,79,Loamy,Ground Nuts,18,14,29,20-20
27,66,31,Black,Maize,3,42,46,Urea
20,37,78,Black,Sugarcane,45,12,40,28-28
36,30,32,Loamy,Cotton,37,26,47,28-28
36,57,73,Red,Sugarcane,11,22,27,20-20
34,35,63,Red,Sugarcane,30,33,30,20-20
26,76,35,Loamy,Wheat,1,33,35,Urea
38,65,25,Black,Maize,48,22,42,28-28
22,82,33,Sandy,Maize,0,43,48,Urea
30,40,70,Black,Sugarcane,16,19,0,DAP
39,34,67,Red,Wheat,24,8,8,DAP
38,79,78,Black,Cotton,4,19,11,Urea
28,53,77,Red,Cotton,47,46,22,28-28
29,76,50,Black,Maize,13,38,11,20-20
21,47,55,Loamy,Sugarcane,9,13,41,Urea
20,49,56,Red,Wheat,20,48,8,DAP
35,57,60,Sandy,Wheat,24,25,25,20-20
37,42,75,Sandy,Cotton,34,26,29,20-20
36,34,54,Loamy,Cotton,2,33,19,Urea
25,59,73,Black,Rice,17,28,15,20-20
33,30,29,Loamy,Rice,49,31,12,20-20
34,51,36,Loamy,Sugarcane,35,40,34,20-20
33,47,70,Sandy,Rice,38,44,49,28-28
22,75,61,Sandy,Wheat,32,4,3,DAP
38,34,49,Red,Rice,47,3,24,MOP
31,60,63,Red,Maize,16,22,12,20-20
21,35,74,Red,Maize,39,20,27,28-28
22,56,26,Loamy,Ground Nuts,5,32,44,Urea
37,85,37,Loamy,Cotton,33,40,11,20-20
20,54,38,Red,Cotton,25,23,23,20-20
39,58,34,Sandy,Sugarcane,41,15,27,28-28
25,57,58,Sandy,Maize,30,31,0,DAP
24,45,63,Black,Ground Nuts,48,18,33,28-28
20,83,41,Red,Sugarcane,27,25,2,DAP
38,82,58,Loamy,Sugarcane,35,2,21,MOP
20,41,61,Black,Rice,12,34,20,20-20
35,49,76,Black,Cotton,20,38,26,20-20
31,47,75,Black,Sugarcane,25,17,20,20-20
27,63,73,Red,Sugarcane,30,6,21,MOP
35,84,79,Red,Cotton,15,31,12,20-20
20,82,49,Red,Cotton,30,23,43,20-20
23,52,39,Sandy,Maize,12,15,15,20-20
29,74,51,Black,Cotton,29,23,45,20-20
30,56,61,Sandy,Rice,31,3,23,MOP
36,78,44,Red,Maize,4,44,45,Urea
26,46,42,Sandy,Ground Nuts,11,31,16,20-20
31,77,24,Sandy,Sugarcane,38,41,4,DAP
26,50,69,Loamy,Rice,40,33,37,28-28
31,79,60,Red,Rice,36,18,41,28-28
34,69,49,Black,Maize,3,13,26,Urea
21,60,67,Red,Sugarcane,41,37,40,28-28
33,32,58,Sandy,Maize,47,12,31,28-28
32,46,76,Red,Wheat,42,21,25,28-28
23,79,46,Red,Wheat,28,30,6,DAP
33,87,76,Loamy,Maize,40,43,35,28-28
33,55,61,Loamy,Sugarcane,4,43,6,Urea
35,52,56,Red,Sugarcane,10,29,42,20-20
26,35,26,Loamy,Cotton,29,22,26,20-20
38,57,24,Sandy,Rice,8,11,37,Urea
21,37,34,Sandy,Maize,48,42,47,28-28
29,84,70,Sandy,Rice,27,13,47,20-20
37,87,61,Loamy,Rice,21,35,23,20-20
36,74,27,Red,Wheat,10,44,23,20-20
24,37,75,Sandy,Wheat,20,7,44,MOP
31,48,28,Black,Ground Nuts,5,23,43,Urea
25,67,30,Sandy,Maize,25,2,28,MOP
28,58,79,Red,Ground Nuts,15,13,26,20-20
39,52,41,Sandy,Maize,13,49,33,20-20
20,76,53,Black,Sugarcane,34,10,20,20-20
34,61,54,Sandy,Maize,41,44,44,28-28
25,39,32,Sandy,Sugarcane,35,37,0,DAP
38,56,30,Red,Sugarcane,21,27,9,DAP
37,78,79,Sandy,Maize,1,22,29,Urea
25,30,51,Sandy,Sugarcane,12,17,27,20-20
32,68,61,Loamy,Rice,10,19,41,20-20
20,58,78,Red,Sugarcane,11,32,29,20-20
32,88,34,Red,Rice,32,1,27,MOP
26,74,57,Red,Rice,21,38,28,20-20
34,32,20,Red,Rice,8,36,30,Urea
31,80,65,Sandy,Cotton,43,25,42,28-28
20,76,69,Black,Ground Nuts,6,1,40,Urea
34,66,43,Black,Cotton,16,2,3,DAP
23,60,62,Loamy,Sugarcane,9,19,48,Urea
32,40,59,Sandy,Ground Nuts,37,9,18,MOP
24,51,41,Red,Ground Nuts,38,41,9,DAP
21,47,22,Red,Ground Nuts,45,20,44,28-28
20,64,33,Black,Maize,24,39,30,20-20
35,35,21,Loamy,Sugarcane,26,8,33,MOP
25,32,51,Sandy,Cotton,29,1,40,MOP
35,34,67,Loamy,Ground Nuts,29,27,38,20-20
33,38,57,Sandy,Ground Nuts,42,2,41,MOP
22,57,52,Loamy,Wheat,33,15,43,20-20
34,48,65,Loamy,Ground Nuts,32,3,30,MOP
22,57,61,Red,Ground Nuts,31,22,10,20-20
21,56,25,Black,Wheat,41,29,35,28-28
20,42,60,Red,Sugarcane,11,37,43,20-20
28,67,58,Black,Cotton,40,12,43,28-28
28,72,44,Loamy,Rice,22,5,31,MOP
26,82,53,Sandy,Cotton,28,9,22,MOP
22,50,30,Red,Sugarcane,42,16,39,28-28
37,56,65,Sandy,Cotton,0,7,45,Urea
30,75,56,Red,Wheat,19,8,38,MOP
26,35,60,Red,Ground Nuts,9,33,2,Urea
28,67,26,Red,Ground Nuts,18,16,27,20-20
20,78,76,Sandy,Rice,22,42,24,20-20
33,40,65,Red,Sugarcane,20,49,27,20-20
39,76,78,Red,Ground Nuts,42,21,18,20-20
25,70,67,Red,Sugarcane,34,2,45,MOP
26,82,41,Sandy,Maize,47,40,18,20-20
29,46,67,Red,Rice,31,39,41,20-20
26,85,58,Sandy,Sugarcane,9,28,43,Urea
21,68,29,Black,Cotton,1,38,28,Urea
23,36,40,Red,Cotton,35,26,49,20-20
36,59,25,Loamy,Cotton,47,38,18,20-20
20,50,68,Black,Cotton,5,39,17,Urea
29,30,20,Sandy,Sugarcane,42,36,44,28-28
38,54,53,Loamy,Wheat,16,2,48,MOP
34,61,78,Sandy,Rice,14,18,23,20-20
29,88,33,Sandy,Cotton,35,33,37,20-20
38,86,55,Red,Sugarcane,23,13,15,20-20
31,37,46,Loamy,Ground Nuts,39,20,17,20-20
35,34,28,Sandy,Ground Nuts,28,1,40,MOP
28,59,74,Black,Sugarcane,49,9,12,MOP
34,80,25,Red,Cotton,13,41,3,DAP
36,37,50,Black,Maize,1,16,12,Urea
33,78,36,Black,Sugarcane,47,1,34,MOP
37,48,72,Red,Rice,21,26,3,DAP
21,73,62,Sandy,Rice,46,0,18,MOP
23,88,79,Black,Maize,5,49,23,Urea
37,84,55,Sandy,Ground Nuts,8,35,32,Urea
26,59,40,Sandy,Ground Nuts,11,32,32,20-20
32,44,46,Red,Sugarcane,41,21,8,DAP
34,65,60,Black,Maize,38,48,2,DAP
20,84,47,Black,Sugarcane,4,34,2,Urea
30,73,35,Red,Sugarcane,39,33,29,28-28
29,56,54,Sandy,Maize,43,17,17,20-20
24,42,55,Sandy,Ground Nuts,0,35,1,Urea
35,43,75,Red,Wheat,9,2,31,Urea
30,66,54,Sandy,Cotton,10,43,42,20-20
25,83,64,Sandy,Cotton,26,15,8,DAP
28,77,38,Black,Cotton,22,10,1,DAP
32,59,76,Sandy,Maize,19,9,19,MOP
27,68,40,Sandy,Sugarcane,4,41,26,Urea
33,76,77,Sandy,Sugarcane,12,20,35,20-20
20,42,52,Sandy,Rice,49,24,40,28-28
36,87,42,Red,Sugarcane,9,34,45,Urea
24,45,74,Red,Ground Nuts,48,5,18,MOP
21,73,25,Red,Wheat,35,45,15,20-20
28,36,51,Sandy,Cotton,40,43,25,28-28
23,77,41,Red,Ground Nuts,49,7,13,MOP
36,84,22,Loamy,Ground Nuts,15,33,46,20-20
36,84,54,Loamy,Wheat,6,40,17,Urea
37,56,35,Loamy,Cotton,31,45,27,20-20
35,74,61,Black,Maize,24,0,46,MOP
27,84,78,Sandy,Wheat,43,2,18,MOP
30,64,44,Black,Ground Nuts,25,37,29,20-20
37,44,36,Red,Sugarcane,35,26,40,20-20
29,57,58,Sandy,Cotton,27,12,20,20-20
32,64,32,Loamy,Rice,43,42,20,20-20
36,36,47,Sandy,Wheat,11,46,47,20-20
37,79,30,Black,Ground Nuts,25,49,29,20-20
29,75,29,Red,Maize,3,18,48,Urea
35,79,58,Red,Ground Nuts,43,18,41,28-28
39,80,43,Black,Rice,22,5,36,MOP
24,75,57,Sandy,Maize,39,46,40,28-28
32,49,43,Black,Cotton,23,13,45,20-20
37,61,52,Red,Wheat,30,4,31,MOP
36,67,36,Loamy,Maize,29,42,29,20-20
28,69,76,Red,Rice,2,44,21,Urea
33,61,63,Red,Ground Nuts,15,44,23,20-20
36,55,55,Sandy,Rice,33,35,9,DAP
23,87,54,Loamy,Sugarcane,37,8,23,MOP
37,68,25,Red,Maize,27,22,0,DAP
39,49,77,Loamy,Wheat,48,31,34,28-28
34,47,79,Black,Wheat,43,28,15,20-20
30,79,35,Sandy,Ground Nuts,40,44,4,DAP
31,44,64,Loamy,Ground Nuts,47,27,30,28-28
28,81,47,Loamy,Ground Nuts,6,39,44,Urea
32,51,60,Sandy,Sugarcane,7,10,36,Urea
34,80,51,Black,Rice,6,18,24,Urea
34,51,45,Loamy,Ground Nuts,36,0,42,MOP
24,82,30,Sandy,Maize,6,8,48,Urea
38,50,71,Red,Ground Nuts,49,1,24,MOP
39,31,44,Sandy,Rice,17,3,2,DAP
33,69,50,Red,Maize,47,28,37,28-28
36,82,40,Loamy,Maize,38,3,31,MOP
37,72,64,Loamy,Maize,20,0,47,MOP
22,47,74,Loamy,Rice,33,27,19,20-20
21,52,70,Black,Ground Nuts,48,17,29,28-28
20,42,22,Black,Rice,26,45,1,DAP
29,70,31,Red,Rice,7,12,4,Urea
38,38,70,Sandy,Cotton,33,39,18,20-20
36,78,59,Red,Rice,17,5,19,MOP
31,36,65,Sandy,Sugarcane,40,48,21,28-28
20,70,73,Loamy,Cotton,11,42,10,20-20
31,83,60,Sandy,Maize,21,46,17,20-20
36,30,44,Black,Ground Nuts,39,38,26,28-28
22,31,75,Sandy,Wheat,21,21,30,20-20
30,33,36,Sandy,Ground Nuts,7,29,34,Urea
36,43,57,Loamy,Cotton,41,26,43,28-28
22,61,55,Loamy,Cotton,27,7,44,MOP
27,65,55,Black,Maize,49,42,20,20-20
39,31,38,Sandy,Rice,46,27,19,20-20
23,69,63,Sandy,Rice,31,1,8,DAP
26,79,76,Sandy,Cotton,10,19,30,20-20
33,80,21,Loamy,Rice,20,10,8,DAP
33,43,36,Black,Cotton,25,13,6,DAP
23,49,49,Sandy,Ground Nuts,13,23,32,20-20
35,54,66,Sandy,Wheat,14,12,0,DAP
20,71,29,Sandy,Ground Nuts,13,7,18,MOP
36,78,54,Sandy,Wheat,11,43,2,DAP
29,37,71,Black,Maize,35,20,38,20-20
35,57,55,Black,Sugarcane,2,21,11,Urea
35,75,73,Black,Sugarcane,43,8,29,MOP
27,50,52,Loamy,Ground Nuts,6,41,15,Urea
26,52,20,Sandy,Rice,38,42,12,20-20
25,61,37,Sandy,Sugarcane,45,10,49,28-28
35,37,23,Sandy,Wheat,0,15,23,Urea
39,60,74,Sandy,Maize,38,49,16,20-20
35,66,73,Red,Wheat,24,8,26,MOP
26,45,66,Black,Cotton,30,2,28,MOP
28,69,46,Red,Rice,21,35,40,20-20
33,71,44,Red,Rice,9,41,13,Urea
30,56,74,Loamy,Sugarcane,17,12,4,DAP
33,69,47,Loamy,Cotton,12,0,42,MOP
26,70,72,Sandy,Sugarcane,7,43,37,Urea
20,47,41,Red,Sugarcane,8,10,5,Urea
32,64,61,Red,Sugarcane,14,23,23,20-20
39,78,44,Black,Cotton,7,4,39,Urea
22,81,36,Red,Sugarcane,32,1,32,MOP
39,44,78,Loamy,Rice,34,16,8,DAP
23,82,76,Red,Sugarcane,18,16,41,20-20
30,56,73,Loamy,Cotton,29,19,48,20-20
21,46,63,Sandy,Cotton,8,14,2,Urea
33,69,71,Loamy,Wheat,18,3,22,MOP
31,31,31,Sandy,Sugarcane,46,10,20,20-20
36,78,35,Black,Cotton,45,22,21,28-28
31,79,56,Sandy,Ground Nuts,25,0,44,MOP
31,60,35,Red,Sugarcane,0,41,7,Urea
20,66,36,Loamy,Maize,2,49,19,Urea
32,70,74,Sandy,Rice,33,46,13,20-20
33,70,50,Sandy,Rice,24,3,29,MOP
21,63,34,Sandy,Ground Nuts,29,37,7,DAP
31,63,32,Sandy,Sugarcane,0,1,18,Urea
35,80,59,Sandy,Rice,17,44,44,20-20
23,84,46,Sandy,Rice,32,26,37,20-20
27,88,40,Loamy,Maize,8,33,35,Urea
21,32,21,Red,Rice,6,12,5,Urea
29,46,27,Red,Rice,29,46,33,20-20
28,43,61,Sandy,Cotton,12,17,9,DAP
34,43,26,Loamy,Rice,16,10,30,20-20
32,75,29,Sandy,Sugarcane,12,4,10,MOP
36,67,76,Black,Rice,12,28,42,20-20
35,64,23,Red,Sugarcane,41,24,34,28-28
21,30,62,Sandy,Rice,37,13,10,20-20
39,77,60,Loamy,Sugarcane,36,47,39,28-28
39,58,55,Red,Rice,9,45,31,Urea
33,33,54,Loamy,Ground Nuts,13,40,48,20-20
22,62,62,Black,Sugarcane,42,37,25,28-28
31,46,22,Sandy,Rice,4,40,21,Urea
27,57,77,Black,Maize,35,36,0,DAP
21,79,37,Red,Cotton,34,10,47,20-20
23,55,77,Sandy,Cotton,45,43,28,28-28
33,37,70,Red,Cotton,44,31,38,28-28
35,63,65,Sandy,Cotton,22,48,21,20-20
38,88,75,Loamy,Maize,4,5,31,Urea
21,47,62,Red,Ground Nuts,43,5,24,MOP
31,60,43,Black,Ground Nuts,27,46,39,20-20
33,88,51,Black,Maize,22,48,44,20-20
25,56,53,Loamy,Rice,41,21,28,28-28
32,45,78,Loamy,Maize,33,2,36,MOP
23,87,21,Black,Cotton,30,18,31,20-20
37,39,21,Loamy,Ground Nuts,6,33,29,Urea
31,69,29,Sandy,Wheat,6,40,17,Urea
39,41,42,Black,Rice,3,40,43,Urea
38,51,34,Red,Sugarcane,43,6,47,MOP
27,45,73,Black,Ground Nuts,31,15,2,DAP
26,41,31,Loamy,Cotton,27,37,11,20-20
35,40,62,Sandy,Ground Nuts,3,8,19,Urea
38,49,36,Red,Cotton,38,12,49,28-28
25,80,37,Black,Cotton,44,33,7,DAP
39,30,33,Black,Ground Nuts,7,45,30,Urea
30,56,36,Red,Ground Nuts,13,36,23,20-20
24,32,34,Sandy,Ground Nuts,29,42,12,20-20
35,41,31,Loamy,Maize,2,46,7,Urea
26,59,78,Loamy,Ground Nuts,1,5,41,Urea
24,38,35,Loamy,Sugarcane,9,37,13,Urea
30,82,51,Loamy,Rice,5,47,14,Urea
34,83,42,Red,Cotton,6,3,20,Urea
22,66,57,Sandy,Ground Nuts,15,4,14,MOP
24,30,53,Sandy,Sugarcane,5,5,25,Urea
24,71,53,Black,Wheat,15,12,37,20-20
28,78,35,Black,Ground Nuts,26,45,45,20-20
34,33,53,Sandy,Maize,11,23,37,20-20
22,44,59,Black,Cotton,21,27,32,20-20
25,80,26,Sandy,Sugarcane,14,12,9,DAP
36,56,52,Red,Ground Nuts,21,41,18,20-20
27,37,23,Red,Sugarcane,34,48,10,20-20
30,89,62,Loamy,Cotton,47,17,2,DAP
25,89,71,Sandy,Sugarcane,49,6,22,MOP
27,52,26,Red,Sugarcane,14,3,5,DAP
29,44,37,Sandy,Ground Nuts,22,30,40,20-20
22,56,23,Black,Ground Nuts,37,23,40,28-28
33,60,68,Sandy,Rice,48,21,28,28-28
33,68,30,Loamy,Maize,1,20,3,Urea
29,76,62,Loamy,Rice,1,47,2,Urea
31,37,39,Red,Maize,48,41,19,20-20
25,59,30,Black,Maize,18,25,42,20-20
31,87,34,Black,Rice,4,29,48,Urea
33,84,65,Sandy,Cotton,3,34,7,Urea
21,71,36,Black,Sugarcane,27,22,5,DAP
28,47,53,Loamy,Wheat,17,44,4,DAP
29,33,69,Red,Rice,39,39,7,DAP
36,76,67,Red,Rice,40,49,7,DAP
36,72,31,Red,Cotton,49,29,34,28-28
22,51,61,Black,Sugarcane,30,18,18,20-20
38,32,47,Black,Ground Nuts,21,31,47,20-20
20,44,67,Loamy,Rice,10,49,9,DAP
31,64,54,Sandy,Wheat,47,18,34,28-28
26,76,27,Sandy,Sugarcane,15,21,8,DAP
23,67,46,Red,Rice,3,3,7,Urea
29,62,41,Red,Ground Nuts,20,44,7,DAP
32,43,73,Black,Rice,40,11,7,DAP
21,77,76,Red,Ground Nuts,44,14,19,20-20
29,30,43,Loamy,Maize,24,14,6,DAP
23,82,21,Loamy,Maize,19,9,45,MOP
37,78,50,Red,Rice,7,18,21,Urea
24,55,41,Red,Cotton,42,7,16,MOP
38,37,20,Red,Maize,8,30,43,Urea
21,79,33,Red,Rice,17,8,4,DAP
31,45,44,Red,Ground Nuts,30,28,33,20-20
36,67,55,Loamy,Sugarcane,34,6,24,MOP
29,39,55,Sandy,Ground Nuts,29,7,46,MOP
21,71,60,Loamy,Wheat,17,40,42,20-20
25,66,22,Loamy,Maize,18,16,14,20-20
27,55,24,Red,Rice,40,14,30,28-28
38,57,20,Sandy,Maize,23,15,44,20-20
30,41,73,Red,Ground Nuts,49,6,18,MOP
31,49,38,Loamy,Ground Nuts,21,41,43,20-20
28,78,52,Sandy,Sugarcane,47,18,30,28-28
21,43,61,Black,Cotton,13,37,46,20-20
27,75,73,Red,Rice,18,24,11,20-20
30,64,49,Black,Sugarcane,28,11,22,20-20
23,58,31,Black,Wheat,21,31,49,20-20
29,41,29,Black,Rice,29,46,22,20-20
39,81,53,Black,Wheat,14,9,35,MOP
35,47,35,Sandy,Cotton,20,23,10,20-20
27,73,59,Red,Rice,25,49,21,20-20
23,31,65,Sandy,Rice,35,3,46,MOP
29,31,48,Red,Sugarcane,11,42,29,20-20
31,88,34,Red,Maize,6,36,4,Urea
33,46,67,Red,Rice,10,44,36,20-20
35,39,30,Sandy,Cotton,38,41,19,20-20
37,47,63,Loamy,Rice,19,38,9,DAP
31,51,53,Black,Rice,34,42,21,20-20
37,48,55,Loamy,Rice,3,3,41,Urea
26,87,49,Loamy,Rice,1,35,29,Urea
39,82,54,Loamy,Cotton,19,36,29,20-20
26,30,28,Black,Sugarcane,46,24,21,28-28
28,53,37,Loamy,Maize,19,40,37,20-20
20,65,38,Black,Cotton,11,29,37,20-20
25,54,58,Black,Cotton,16,0,37,MOP
25,65,23,Black,Wheat,17,28,6,DAP
31,60,25,Red,Maize,39,15,49,28-28
31,60,70,Red,Sugarcane,23,36,35,20-20
29,31,52,Loamy,Ground Nuts,7,36,13,Urea
25,48,51,Red,Sugarcane,36,6,10,MOP
36,82,35,Black,Ground Nuts,40,39,6,DAP
38,41,30,Red,Wheat,29,32,31,20-20
37,39,41,Black,Wheat,19,49,17,20-20
25,60,55,Sandy,Cotton,22,21,33,20-20
38,74,69,Red,Sugarcane,36,42,1,DAP
29,51,42,Loamy,Ground Nuts,9,26,6,Urea
27,52,45,Sandy,Sugarcane,32,28,42,20-20
25,81,79,Sandy,Ground Nuts,23,15,30,20-20
26,52,50,Red,Sugarcane,35,20,17,20-20
20,44,48,Red,Cotton,15,10,19,20-20
37,55,24,Loamy,Ground Nuts,49,20,6,DAP
39,32,73,Sandy,Sugarcane,27,8,21,MOP
31,52,57,Black,Rice,11,26,36,20-20
35,49,44,Red,Wheat,19,38,33,20-20
29,74,79,Sandy,Wheat,46,21,45,28-28
29,69,53,Sandy,Ground Nuts,17,14,38,20-20
33,86,31,Black,Wheat,36,42,41,28-28
39,68,41,Sandy,Wheat,25,22,49,20-20
29,85,28,Red,Rice,45,28,39,28-28
29,37,79,Black,Maize,6,38,15,Urea
30,47,39,Red,Sugarcane,42,15,13,20-20
21,70,48,Loamy,Ground Nuts,46,2,40,MOP
39,35,63,Sandy,Wheat,20,15,31,20-20
27,56,48,Red,Sugarcane,42,7,37,MOP
26,65,64,Red,Sugarcane,31,25,38,20-20
27,44,46,Loamy,Rice,6,41,25,Urea
20,66,73,Sandy,Sugarcane,22,8,29,MOP
21,87,74,Red,Wheat,19,34,40,20-20
37,34,36,Black,Ground Nuts,19,6,38,MOP
34,68,24,Red,Sugarcane,31,7,8,DAP
20,38,71,Red,Rice,25,34,31,20-20
24,36,64,Red,Ground Nuts,35,47,6,DAP
21,70,32,Red,Ground Nuts,23,45,11,20-20
39,49,61,Sandy,Ground Nuts,0,38,22,Urea
22,39,34,Red,Wheat,27,35,16,20-20
38,55,34,Loamy,Rice,25,5,20,MOP
37,33,37,Red,Cotton,33,6,11,MOP
37,67,69,Black,Maize,25,11,21,20-20
33,53,21,Black,Sugarcane,35,38,22,20-20
27,43,42,Red,Sugarcane,4,0,4,Urea
31,70,62,Red,Sugarcane,1,49,17,Urea
29,30,32,Loamy,Cotton,31,42,36,20-20
39,46,62,Loamy,Ground Nuts,33,42,36,20-20
36,74,23,Sandy,Ground Nuts,49,48,6,DAP
30,53,66,Sandy,Maize,29,24,2,DAP
21,56,73,Black,Rice,23,11,0,DAP
23,36,74,Red,Cotton,27,26,5,DAP
20,38,44,Red,Cotton,45,22,6,DAP
34,72,30,Loamy,Wheat,2,18,26,Urea
32,64,69,Loamy,Ground Nuts,49,20,30,28-28
27,87,67,Sandy,Cotton,9,49,7,Urea
23,41,61,Sandy,Cotton,5,20,13,Urea
29,50,31,Black,Sugarcane,33,23,14,20-20
38,32,32,Loamy,Ground Nuts,30,12,6,DAP
37,44,28,Red,Wheat,42,41,6,DAP
24,50,78,Loamy,Rice,49,35,32,28-28
38,39,72,Loamy,Maize,45,14,40,28-28
35,62,64,Loamy,Rice,12,49,6,DAP
20,75,57,Sandy,Wheat,38,0,19,MOP
31,88,25,Red,Sugarcane,19,33,6,DAP
21,81,62,Red,Maize,31,41,49,20-20
27,35,70,Sandy,Rice,9,30,13,Urea
37,31,78,Sandy,Ground Nuts,25,49,14,20-20
35,58,62,Red,Ground Nuts,18,31,17,20-20
24,84,29,Black,Maize,28,35,9,DAP
32,69,42,Loamy,Maize,12,28,34,20-20
38,62,34,Red,Maize,33,9,26,MOP
22,33,64,Sandy,Cotton,19,20,42,20-20
27,88,42,Red,Wheat,43,35,0,DAP
31,33,59,Loamy,Ground Nuts,39,23,27,28-28
21,58,56,Red,Ground Nuts,17,26,33,20-20
30,66,53,Sandy,Wheat,33,20,47,20-20
31,89,35,Black,Sugarcane,47,17,2,DAP
37,89,64,Sandy,Ground Nuts,7,3,48,Urea
32,49,70,Black,Rice,15,46,2,DAP
24,70,60,Loamy,Sugarcane,39,17,10,20-20
31,52,66,Sandy,Rice,22,8,3,DAP
21,74,51,Red,Maize,31,48,29,20-20
24,47,57,Sandy,Ground Nuts,12,29,38,20-20
26,78,59,Sandy,Rice,25,34,31,20-20
31,54,75,Loamy,Rice,37,44,15,20-20
35,30,65,Black,Maize,0,29,16,Urea
27,83,24,Black,Sugarcane,1,38,10,Urea
28,44,36,Red,Rice,38,45,35,28-28
34,63,41,Sandy,Ground Nuts,12,5,31,MOP
24,77,58,Loamy,Sugarcane,26,13,34,20-20
32,49,60,Black,Sugarcane,3,45,26,Urea
24,83,67,Red,Wheat,40,28,47,28-28
30,66,37,Black,Ground Nuts,19,31,33,20-20
29,56,47,Red,Ground Nuts,2,13,4,Urea
39,51,32,Black,Maize,22,19,24,20-20
32,80,69,Red,Maize,1,49,27,Urea
28,34,61,Black,Cotton,15,8,17,MOP
33,63,20,Black,Ground Nuts,9,11,2,Urea
37,68,72,Sandy,Sugarcane,27,13,27,20-20
34,32,69,Red,Cotton,43,22,1,DAP
29,46,38,Red,Ground Nuts,17,47,33,20-20
26,53,53,Sandy,Maize,1,33,21,Urea
27,53,78,Sandy,Maize,13,15,21,20-20
22,32,23,Black,Ground Nuts,43,17,29,28-28
34,74,62,Black,Cotton,19,40,33,20-20
35,36,22,Black,Maize,39,39,47,28-28
23,54,60,Sandy,Maize,22,32,0,DAP
25,85,29,Black,Wheat,6,4,28,Urea
20,32,47,Sandy,Rice,44,38,18,20-20
23,44,53,Black,Ground Nuts,46,9,18,MOP
30,58,58,Sandy,Wheat,13,21,40,20-20
31,79,66,Red,Rice,36,42,40,28-28
24,58,78,Loamy,Ground Nuts,7,43,28,Urea
35,39,38,Black,Wheat,49,32,42,28-28
32,61,61,Black,Wheat,4,30,32,Urea
32,52,75,Sandy,Ground Nuts,22,5,16,MOP
36,68,71,Red,Sugarcane,40,35,37,28-28
26,38,65,Red,Cotton,9,2,0,Urea
27,66,55,Black,Ground Nuts,48,3,49,MOP
32,81,76,Sandy,Wheat,26,26,40,20-20
35,69,62,Sandy,Sugarcane,34,37,32,20-20
23,43,22,Loamy,Wheat,0,24,35,Urea
27,33,42,Red,Cotton,6,36,21,Urea
35,49,36,Loamy,Sugarcane,46,26,17,20-20
29,57,26,Red,Ground Nuts,7,40,16,Urea
31,43,45,Black,Rice,10,35,31,20-20
31,73,62,Black,Cotton,33,45,19,20-20
24,63,37,Sandy,Maize,27,46,22,20-20
35,42,79,Sandy,Ground Nuts,33,35,27,20-20
20,60,65,Sandy,Ground Nuts,42,45,45,28-28
28,62,65,Red,Ground Nuts,19,41,25,20-20
31,81,25,Sandy,Sugarcane,27,6,6,DAP
24,68,50,Black,Maize,48,29,40,28-28
39,57,48,Loamy,Sugarcane,41,49,19,20-20
22,54,28,Black,Rice,36,46,40,28-28
24,61,73,Black,Sugarcane,2,28,46,Urea
21,38,54,Black,Ground Nuts,8,39,10,Urea
33,57,36,Loamy,Wheat,21,40,6,DAP
21,87,79,Black,Maize,24,4,37,MOP
32,60,31,Red,Maize,1,5,26,Urea
26,46,55,Red,Sugarcane,22,43,8,DAP
29,82,71,Loamy,Wheat,16,6,3,DAP
32,52,67,Red,Wheat,24,38,48,20-20
35,42,43,Sandy,Sugarcane,11,31,37,20-20
33,84,29,Red,Cotton,26,14,28,20-20
30,39,77,Black,Rice,19,12,48,20-20
29,45,49,Red,Sugarcane,8,17,25,Urea
25,35,48,Sandy,Ground Nuts,22,9,24,MOP
23,77,58,Sandy,Wheat,35,39,13,20-20
20,40,29,Sandy,Rice,27,10,36,20-20
26,87,58,Black,Sugarcane,49,39,49,28-28
28,81,74,Sandy,Rice,47,39,27,28-28
27,32,47,Black,Cotton,28,46,7,DAP
24,57,37,Sandy,Wheat,41,1,41,MOP
38,70,60,Black,Cotton,31,26,10,20-20
29,44,73,Black,Cotton,11,44,34,20-20
30,89,69,Black,Wheat,29,49,30,20-20
34,42,36,Red,Ground Nuts,10,43,33,20-20
25,71,30,Sandy,Cotton,36,7,45,MOP
34,81,20,Black,Sugarcane,19,48,35,20-20
24,85,36,Sandy,Sugarcane,10,37,16,20-20
38,74,55,Red,Rice,47,15,48,28-28
38,46,55,Loamy,Sugarcane,46,23,20,20-20
29,36,65,Sandy,Sugarcane,37,22,25,28-28
31,57,79,Sandy,Rice,44,13,40,28-28
23,67,28,Red,Maize,15,26,27,20-20
37,42,64,Black,Wheat,34,9,21,MOP
35,89,79,Sandy,Sugarcane,49,27,40,28-28
27,46,47,Loamy,Rice,0,24,2,Urea
23,44,67,Red,Cotton,24,1,27,MOP
31,65,52,Black,Cotton,48,44,35,28-28
21,57,22,Sandy,Ground Nuts,26,32,1,DAP
23,44,70,Sandy,Sugarcane,31,49,45,20-20
24,75,27,Red,Wheat,5,45,19,Urea
22,82,69,Black,Rice,40,34,39,28-28
28,40,25,Black,Ground Nuts,35,46,49,20-20
37,85,78,Red,Ground Nuts,38,40,35,28-28
30,60,71,Sandy,Rice,22,12,7,DAP
22,33,77,Sandy,Rice,28,4,38,MOP
21,64,25,Black,Rice,29,4,24,MOP
28,63,48,Black,Rice,21,21,14,20-20
33,81,56,Loamy,Wheat,10,33,29,20-20
23,56,31,Loamy,Rice,25,0,46,MOP
28,39,28,Loamy,Wheat,22,16,33,20-20
32,59,60,Black,Wheat,2,48,3,Urea
37,74,68,Black,Wheat,47,8,21,MOP
34,49,38,Black,Cotton,5,9,24,Urea
29,58,36,Sandy,Maize,6,14,8,Urea
35,87,73,Red,Ground Nuts,43,44,22,28-28
31,82,67,Black,Sugarcane,38,28,38,28-28
39,58,63,Sandy,Cotton,21,24,49,20-20
24,52,51,Black,Maize,47,20,11,20-20
21,86,54,Red,Ground Nuts,49,16,13,20-20
29,79,33,Black,Cotton,41,26,6,DAP
20,50,68,Sandy,Ground Nuts,32,27,30,20-20
26,77,73,Black,Wheat,39,22,5,DAP
36,72,35,Black,Wheat,2,38,22,Urea
35,39,40,Black,Rice,29,35,18,20-20
22,70,31,Loamy,Wheat,47,2,20,MOP
33,41,79,Black,Cotton,23,32,18,20-20
29,59,43,Sandy,Ground Nuts,2,6,46,Urea
26,80,53,Sandy,Sugarcane,1,4,18,Urea
36,62,27,Sandy,Ground Nuts,43,25,43,28-28
25,47,63,Black,Wheat,39,16,33,28-28
23,43,40,Red,Ground Nuts,18,16,42,20-20
36,51,67,Sandy,Maize,23,46,12,20-20
28,50,27,Loamy,Ground Nuts,49,2,35,MOP
23,30,47,Red,Cotton,19,2,24,MOP
26,78,35,Sandy,Maize,46,33,32,28-28
21,72,29,Black,Rice,48,7,20,MOP
36,81,71,Loamy,Rice,49,44,33,28-28
27,89,34,Sandy,Ground Nuts,30,5,45,MOP
34,44,23,Loamy,Sugarcane,49,36,24,28-28
34,65,45,Red,Cotton,40,44,17,20-20
27,76,34,Sandy,Sugarcane,30,21,42,20-20
35,83,55,Black,Maize,36,32,10,20-20
38,51,51,Loamy,Sugarcane,42,49,18,20-20
30,61,62,Sandy,Maize,28,6,48,MOP
21,87,57,Red,Sugarcane,3,48,48,Urea
36,75,23,Red,Rice,9,39,33,Urea
35,83,60,Sandy,Cotton,35,18,1,DAP
34,62,28,Red,Sugarcane,34,47,29,20-20
32,87,54,Loamy,Ground Nuts,47,45,44,28-28
34,70,74,Loamy,Maize,20,9,37,MOP
23,88,47,Loamy,Ground Nuts,42,22,14,20-20
35,68,56,Loamy,Cotton,40,1,10,MOP
31,52,66,Red,Ground Nuts,0,20,23,Urea
23,72,79,Sandy,Rice,41,23,3,DAP
22,84,28,Red,Rice,11,47,18,20-20
36,31,21,Red,Wheat,23,12,28,20-20
37,31,22,Sandy,Cotton,1,4,13,Urea
37,67,77,Sandy,Sugarcane,46,17,49,28-28
36,84,72,Black,Rice,19,10,16,20-20
31,80,63,Loamy,Sugarcane,15,36,7,DAP
23,58,67,Sandy,Sugarcane,33,31,12,20-20
31,81,24,Red,Maize,12,27,22,20-20
39,75,29,Loamy,Ground Nuts,17,21,28,20-20
34,89,47,Loamy,Sugarcane,28,44,46,20-20
35,32,34,Red,Wheat,42,27,10,20-20
24,68,33,Sandy,Cotton,13,0,15,MOP
34,36,65,Loamy,Cotton,29,5,49,MOP
36,65,42,Loamy,Maize,34,10,43,20-20
37,58,32,Loamy,Wheat,8,41,22,Urea
24,84,35,Loamy,Ground Nuts,36,32,11,20-20
32,66,49,Loamy,Wheat,45,15,37,28-28
38,78,59,Red,Cotton,38,12,23,28-28
32,87,27,Sandy,Wheat,11,20,30,20-20
37,65,36,Sandy,Ground Nuts,20,47,37,20-20
33,52,49,Loamy,Rice,17,46,35,20-20
23,74,36,Loamy,Sugarcane,10,38,0,DAP
23,45,54,Loamy,Sugarcane,26,45,25,20-20
39,77,20,Red,Cotton,23,23,16,20-20
39,60,68,Red,Cotton,40,42,35,28-28
38,63,77,Black,Ground Nuts,42,26,16,20-20
32,79,43,Loamy,Wheat,49,44,36,28-28
31,30,67,Black,Ground Nuts,33,36,26,20-20
26,47,68,Black,Maize,19,49,24,20-20
31,87,44,Black,Cotton,12,2,29,MOP
23,69,21,Sandy,Cotton,46,11,40,28-28
21,72,44,Black,Cotton,7,6,24,Urea
21,85,33,Loamy,Ground Nuts,36,19,37,28-28
24,85,58,Red,Ground Nuts,4,14,31,Urea
29,44,76,Loamy,Wheat,6,0,11,Urea
29,77,70,Red,Rice,43,9,48,MOP
28,78,52,Sandy,Cotton,11,13,20,20-20
32,46,36,Sandy,Rice,40,14,41,28-28
26,73,78,Loamy,Ground Nuts,3,33,33,Urea
24,39,50,Sandy,Wheat,39,48,0,DAP
29,49,29,Red,Ground Nuts,18,24,12,20-20
29,35,25,Sandy,Maize,0,30,20,Urea
25,37,58,Black,Sugarcane,42,9,0,DAP
38,74,44,Black,Sugarcane,12,36,12,20-20
27,63,57,Sandy,Ground Nuts,49,5,30,MOP
20,61,56,Loamy,Sugarcane,41,5,22,MOP
36,80,49,Black,Sugarcane,44,27,2,DAP
26,83,53,Red,Wheat,24,37,10,20-20
33,71,37,Loamy,Sugarcane,43,13,28,28-28
36,33,43,Sandy,Wheat,44,12,47,28-28
28,73,68,Loamy,Maize,33,12,17,20-20
36,79,75,Loamy,Cotton,34,9,24,MOP
24,68,46,Loamy,Cotton,16,15,33,20-20
39,49,77,Loamy,Cotton,25,38,17,20-20
27,53,46,Sandy,Wheat,20,34,48,20-20
25,53,74,Sandy,Wheat,11,14,0,DAP
30,84,58,Black,Wheat,15,22,27,20-20
38,55,40,Black,Maize,19,36,3,DAP
23,54,38,Red,Rice,9,7,20,Urea
37,65,58,Red,Wheat,22,25,5,DAP
20,36,42,Black,Wheat,46,21,20,20-20
32,39,58,Black,Cotton,29,4,36,MOP
33,87,67,Loamy,Ground Nuts,7,33,29,Urea
20,76,63,Black,Sugarcane,4,26,19,Urea
30,41,66,Red,Sugarcane,11,18,40,20-20
36,30,34,Black,Maize,41,42,31,28-28
23,81,62,Loamy,Sugarcane,13,42,30,20-20
31,79,21,Red,Rice,11,34,35,20-20
29,54,54,Sandy,Cotton,23,44,24,20-20
25,45,70,Black,Maize,44,19,4,DAP
20,34,39,Sandy,Sugarcane,16,46,7,DAP
26,48,47,Red,Sugarcane,0,37,16,Urea
35,33,76,Black,Ground Nuts,41,12,14,20-20
33,35,77,Sandy,Cotton,36,17,19,20-20
39,55,34,Black,Maize,10,17,44,20-20
39,78,35,Sandy,Cotton,41,0,46,MOP
25,68,52,Sandy,Maize,5,31,28,Urea
24,85,66,Red,Sugarcane,14,24,35,20-20
37,84,31,Black,Cotton,40,20,49,28-28
34,68,58,Sandy,Cotton,39,26,27,28-28
25,38,58,Black,Rice,22,10,7,DAP
38,74,62,Black,Ground Nuts,22,47,13,20-20
20,81,39,Loamy,Cotton,37,0,32,MOP
20,43,48,Red,Maize,37,18,33,28-28
32,77,62,Black,Rice,48,31,28,28-28
22,84,68,Black,Cotton,11,7,21,MOP
29,38,22,Black,Cotton,6,18,2,Urea
22,44,67,Red,Rice,36,15,47,28-28
28,66,24,Red,Sugarcane,15,34,22,20-20
27,79,79,Black,Cotton,37,1,2,DAP
22,82,21,Red,Wheat,39,11,5,DAP
32,49,42,Loamy,Ground Nuts,34,28,39,20-20
25,37,45,Red,Sugarcane,39,9,22,MOP
32,61,45,Loamy,Cotton,28,21,11,20-20
39,76,26,Loamy,Sugarcane,38,33,4,DAP
39,50,79,Loamy,Maize,16,20,4,DAP
31,86,29,Sandy,Sugarcane,25,36,2,DAP
32,70,24,Red,Rice,19,4,3,DAP
21,48,66,Black,Cotton,45,5,23,MOP
35,58,31,Loamy,Sugarcane,24,31,4,DAP
25,87,51,Black,Wheat,37,2,30,MOP
38,60,61,Loamy,Maize,38,9,34,MOP
32,83,50,Black,Maize,36,4,41,MOP
36,35,41,Sandy,Sugarcane,18,23,18,20-20
28,33,36,Loamy,Rice,20,19,7,DAP
36,72,39,Sandy,Maize,31,36,27,20-20
21,58,39,Sandy,Sugarcane,27,30,37,20-20
38,71,62,Red,Sugarcane,38,46,22,28-28
38,32,27,Black,Maize,40,16,6,DAP
26,30,66,Loamy,Sugarcane,11,48,37,20-20
29,73,53,Sandy,Sugarcane,46,23,12,20-20
29,84,68,Black,Ground Nuts,14,17,44,20-20
39,44,42,Red,Wheat,27,25,20,20-20
28,76,57,Black,Sugarcane,20,41,36,20-20
36,50,72,Black,Ground Nuts,15,6,5,DAP
34,75,47,Red,Ground Nuts,22,42,9,DAP
21,87,32,Red,Sugarcane,25,13,26,20-20
23,60,48,Red,Rice,14,40,25,20-20
38,36,27,Sandy,Maize,36,48,41,28-28
36,46,30,Black,Ground Nuts,11,1,27,MOP
24,85,66,Red,Ground Nuts,3,29,15,Urea
26,48,64,Black,Rice,34,48,49,20-20
37,68,37,Black,Cotton,30,16,27,20-20
26,89,69,Sandy,Rice,26,19,2,DAP
36,32,44,Black,Cotton,31,9,0,DAP
26,59,68,Sandy,Cotton,32,23,2,DAP
23,64,41,Red,Rice,12,43,29,20-20
27,87,64,Red,Wheat,36,11,18,20-20
32,86,54,Black,Rice,43,26,32,28-28
23,58,48,Sandy,Ground Nuts,1,14,7,Urea
25,79,40,Sandy,Maize,37,8,18,MOP
24,81,75,Loamy,Rice,36,17,35,28-28
31,83,26,Loamy,Wheat,49,47,47,28-28
23,43,31,Red,Rice,4,6,36,Urea
28,64,55,Red,Wheat,17,27,4,DAP
23,57,43,Loamy,Maize,47,45,33,28-28
38,87,51,Sandy,Sugarcane,16,35,37,20-20
33,59,46,Black,Wheat,1,2,26,Urea
24,55,51,Black,Wheat,48,43,38,28-28
37,36,78,Sandy,Ground Nuts,41,15,46,28-28
29,68,51,Red,Wheat,34,35,41,20-20
38,60,51,Black,Maize,13,3,41,MOP
31,34,45,Sandy,Cotton,11,34,23,20-20
37,64,30,Black,Wheat,32,8,47,MOP
36,79,65,Sandy,Maize,6,45,30,Urea
30,76,37,Loamy,Ground Nuts,38,11,21,28-28
22,81,58,Loamy,Ground Nuts,44,9,22,MOP
36,43,24,Black,Sugarcane,8,45,40,Urea
20,65,35,Black,Wheat,4,43,23,Urea
34,56,30,Black,Cotton,3,43,39,Urea
28,53,73,Black,Maize,31,1,31,MOP
34,69,54,Loamy,Sugarcane,4,18,32,Urea
22,58,67,Loamy,Cotton,43,12,27,28-28
38,82,30,Sandy,Sugarcane,7,41,16,Urea
32,74,61,Black,Cotton,12,32,25,20-20
31,51,42,Loamy,Rice,3,0,17,Urea
39,37,74,Red,Rice,10,27,14,20-20
20,44,53,Sandy,Rice,14,39,37,20-20
36,78,67,Sandy,Sugarcane,45,5,21,MOP
32,34,36,Sandy,Rice,17,2,48,MOP
20,81,29,Red,Maize,19,44,17,20-20
29,33,37,Red,Maize,0,24,20,Urea
34,40,63,Red,Rice,0,43,18,Urea
26,47,27,Loamy,Cotton,10,15,1,DAP
37,71,78,Red,Cotton,28,42,29,20-20
35,78,45,Sandy,Sugarcane,28,3,24,MOP
33,59,22,Black,Cotton,23,7,25,MOP
37,44,78,Sandy,Wheat,19,38,38,20-20
26,35,71,Sandy,Cotton,29,15,16,20-20
36,84,43,Loamy,Maize,37,43,46,28-28
37,82,22,Sandy,Ground Nuts,4,37,15,Urea
31,45,57,Loamy,Cotton,44,22,26,28-28
27,76,21,Loamy,Sugarcane,9,5,48,Urea
21,69,54,Black,Cotton,5,42,2,Urea
26,38,36,Sandy,Sugarcane,3,43,41,Urea
23,72,28,Black,Wheat,3,15,37,Urea
37,88,55,Black,Rice,6,15,28,Urea
25,63,41,Sandy,Wheat,47,22,1,DAP
28,56,50,Sandy,Maize,32,15,42,20-20
28,42,74,Red,Ground Nuts,8,35,39,Urea
33,65,53,Red,Wheat,25,11,13,20-20
27,56,43,Loamy,Wheat,46,36,11,20-20
38,38,79,Sandy,Maize,40,8,23,MOP
22,34,28,Loamy,Maize,20,17,27,20-20
37,80,65,Black,Rice,21,8,38,MOP
24,51,77,Black,Rice,32,47,17,20-20
33,60,62,Red,Cotton,32,20,24,20-20
23,32,21,Loamy,Sugarcane,47,0,36,MOP
26,59,40,Sandy,Maize,4,22,5,Urea
39,50,53,Sandy,Wheat,20,4,44,MOP
31,64,46,Red,Wheat,26,18,29,20-20
21,35,56,Red,Rice,40,34,30,28-28
30,57,26,Loamy,Sugarcane,0,32,33,Urea
33,61,41,Red,Maize,15,45,18,20-20
35,71,23,Red,Rice,34,17,27,20-20
39,66,33,Red,Sugarcane,35,39,7,DAP
25,54,53,Black,Maize,43,13,10,20-20
23,61,42,Loamy,Wheat,31,19,15,20-20
34,64,63,Sandy,Wheat,28,12,25,20-20
20,51,61,Sandy,Rice,38,15,0,DAP
26,53,44,Loamy,Sugarcane,46,40,30,28-28
31,68,20,Red,Wheat,22,30,26,20-20
29,83,70,Red,Sugarcane,14,38,47,20-20
24,59,74,Sandy,Rice,25,34,43,20-20
31,79,67,Black,Cotton,36,19,48,28-28
37,61,34,Loamy,Sugarcane,24,0,8,DAP
29,60,51,Red,Ground Nuts,1,39,25,Urea
25,52,33,Black,Sugarcane,11,45,5,DAP
31,69,60,Black,Rice,18,12,6,DAP
26,62,40,Red,Ground Nuts,31,6,12,MOP
37,54,74,Loamy,Cotton,22,44,48,20-20
21,65,66,Loamy,Wheat,4,21,9,Urea
29,53,77,Sandy,Maize,24,6,42,MOP
34,60,26,Sandy,Rice,34,19,45,20-20
31,87,55,Loamy,Maize,28,36,48,20-20
36,68,40,Red,Cotton,37,35,30,28-28
23,75,69,Loamy,Ground Nuts,44,3,47,MOP
26,42,59,Sandy,Cotton,19,5,36,MOP
28,39,31,Sandy,Sugarcane,46,45,17,20-20
38,52,34,Sandy,Maize,35,2,10,MOP
26,47,34,Loamy,Maize,6,2,9,Urea
21,61,36,Loamy,Cotton,21,2,27,MOP
25,62,53,Red,Ground Nuts,17,35,20,20-20
37,65,63,Sandy,Maize,20,8,24,MOP
25,57,54,Black,Wheat,21,15,5,DAP
32,45,58,Black,Cotton,38,15,41,28-28
38,45,57,Red,Sugarcane,11,11,10,20-20
21,47,33,Red,Sugarcane,10,37,32,20-20
31,37,74,Sandy,Sugarcane,11,19,4,DAP
34,71,78,Loamy,Maize,25,30,33,20-20
33,45,24,Loamy,Cotton,29,29,31,20-20
25,84,49,Black,Sugarcane,14,20,42,20-20
37,85,23,Sandy,Cotton,7,2,45,Urea
24,40,34,Black,Maize,42,20,23,28-28
37,35,58,Black,Wheat,17,27,12,20-20
22,30,54,Sandy,Wheat,9,27,42,Urea
22,41,64,Red,Wheat,7,4,5,Urea
29,86,29,Black,Maize,37,6,33,MOP
38,67,74,Red,Sugarcane,34,4,24,MOP
22,57,21,Loamy,Maize,19,8,40,MOP
31,74,63,Black,Cotton,11,46,22,20-20
35,87,79,Sandy,Wheat,48,20,49,28-28
36,46,43,Red,Cotton,2,19,45,Urea
26,30,47,Loamy,Maize,19,37,12,20-20
32,61,41,Loamy,Rice,49,39,27,28-28
21,37,63,Black,Rice,11,36,43,20-20
23,83,51,Loamy,Maize,23,16,43,20-20
29,69,50,Sandy,Sugarcane,15,41,12,20-20
26,85,38,Black,Ground Nuts,9,27,6,Urea
36,72,70,Loamy,Cotton,18,30,47,20-20
39,75,40,Sandy,Maize,40,32,16,20-20
25,53,22,Red,Maize,13,31,8,DAP
38,39,25,Red,Rice,13,31,13,20-20
24,76,51,Black,Wheat,21,47,29,20-20
29,68,21,Sandy,Wheat,3,22,40,Urea
28,68,43,Loamy,Ground Nuts,46,20,37,28-28
32,39,64,Black,Sugarcane,33,24,29,20-20
38,65,78,Black,Sugarcane,17,32,32,20-20
25,54,79,Loamy,Ground Nuts,33,2,24,MOP
23,89,46,Sandy,Sugarcane,17,5,30,MOP
22,79,28,Loamy,Rice,39,48,22,28-28
22,88,32,Red,Maize,30,27,26,20-20
23,86,74,Black,Sugarcane,41,1,32,MOP
24,39,33,Red,Rice,19,31,46,20-20
27,48,70,Black,Cotton,35,25,48,20-20
35,75,30,Loamy,Maize,41,4,19,MOP
22,74,33,Sandy,Ground Nuts,9,10,27,Urea
31,44,35,Loamy,Cotton,2,9,7,Urea
27,45,29,Red,Wheat,20,14,21,20-20
32,31,39,Sandy,Wheat,35,17,34,20-20
23,58,35,Sandy,Maize,9,48,30,Urea
33,33,79,Black,Sugarcane,6,13,43,Urea
33,82,77,Sandy,Maize,21,27,23,20-20
32,79,53,Black,Sugarcane,22,29,14,20-20
25,58,76,Sandy,Ground Nuts,11,12,49,20-20
36,60,35,Sandy,Wheat,38,19,44,28-28
23,46,33,Black,Maize,12,1,30,MOP
27,39,72,Sandy,Maize,39,24,4,DAP
36,56,47,Loamy,Ground Nuts,12,43,21,20-20
22,82,37,Sandy,Sugarcane,32,42,16,20-20
36,70,45,Red,Wheat,30,11,27,20-20
28,44,57,Black,Wheat,47,24,2,DAP
21,89,26,Black,Sugarcane,27,3,18,MOP
32,73,64,Loamy,Ground Nuts,18,41,37,20-20
39,60,53,Red,Sugarcane,20,11,26,20-20
21,50,66,Sandy,Ground Nuts,31,6,16,MOP
39,89,68,Loamy,Sugarcane,25,37,31,20-20
30,88,64,Sandy,Wheat,12,39,36,20-20
34,87,26,Loamy,Wheat,28,31,20,20-20
30,70,52,Black,Maize,6,42,36,Urea
22,75,54,Red,Ground Nuts,46,5,10,MOP
22,74,71,Black,Wheat,25,26,0,DAP
31,89,69,Loamy,Ground Nuts,5,34,29,Urea
24,55,58,Sandy,Ground Nuts,31,20,25,20-20
39,67,40,Red,Cotton,35,19,44,20-20
26,80,68,Sandy,Cotton,22,18,48,20-20
26,65,47,Black,Sugarcane,10,32,42,20-20
32,81,51,Sandy,Ground Nuts,20,3,49,MOP
28,46,63,Loamy,Sugarcane,18,18,35,20-20
32,80,35,Red,Sugarcane,33,48,25,20-20
31,32,75,Red,Maize,48,27,41,28-28
32,43,29,Red,Cotton,46,21,26,28-28
29,78,42,Loamy,Cotton,49,23,25,28-28
20,42,67,Sandy,Wheat,43,45,42,28-28
27,70,71,Red,Cotton,34,29,17,20-20
35,56,69,Black,Wheat,48,28,32,28-28
32,30,34,Black,Ground Nuts,30,9,35,MOP
22,86,74,Black,Maize,45,31,36,28-28
22,46,62,Black,Sugarcane,28,8,33,MOP
24,77,69,Black,Sugarcane,5,24,25,Urea
30,79,25,Loamy,Ground Nuts,35,15,21,20-20
26,63,52,Sandy,Wheat,30,14,23,20-20
29,43,74,Loamy,Rice,31,47,11,20-20
29,83,58,Black,Ground Nuts,39,17,10,20-20
39,84,31,Black,Wheat,19,22,20,20-20
21,88,71,Red,Ground Nuts,21,41,15,20-20
22,46,55,Red,Maize,2,2,35,Urea
27,32,50,Sandy,Ground Nuts,7,6,6,Urea
30,63,29,Sandy,Ground Nuts,44,38,27,28-28
32,69,72,Sandy,Cotton,18,10,23,20-20
26,54,53,Loamy,Wheat,30,23,12,20-20
32,31,60,Red,Maize,31,34,13,20-20
21,63,29,Sandy,Sugarcane,14,49,42,20-20
25,55,71,Red,Rice,38,24,30,28-28
28,60,30,Red,Rice,30,27,7,DAP
39,38,76,Red,Wheat,2,11,0,Urea
21,59,33,Red,Ground Nuts,31,22,39,20-20
37,49,22,Red,Cotton,9,16,16,Urea
35,50,76,Red,Ground Nuts,27,40,40,20-20
31,58,52,Loamy,Wheat,26,36,12,20-20
26,88,26,Black,Rice,47,17,46,28-28
26,54,23,Red,Rice,45,8,26,MOP
36,67,58,Loamy,Ground Nuts,39,44,12,20-20
32,87,67,Sandy,Ground Nuts,42,34,39,28-28
30,73,29,Loamy,Ground Nuts,30,35,26,20-20
25,54,34,Loamy,Sugarcane,33,17,31,20-20
33,38,35,Loamy,Cotton,4,19,11,Urea
25,68,57,Red,Cotton,10,20,42,20-20
25,73,23,Sandy,Rice,6,46,12,Urea
21,55,23,Loamy,Rice,7,19,15,Urea
39,86,75,Sandy,Wheat,16,5,33,MOP
34,66,74,Loamy,Wheat,43,8,5,DAP
36,45,55,Red,Sugarcane,49,42,47,28-28
27,66,46,Loamy,Rice,38,28,17,20-20
24,41,41,Loamy,Wheat,40,28,16,20-20
36,53,41,Sandy,Sugarcane,13,12,46,20-20
39,55,36,Sandy,Cotton,23,35,38,20-20
20,49,64,Sandy,Rice,29,26,13,20-20
37,38,53,Black,Maize,49,46,6,DAP
34,52,51,Sandy,Rice,14,48,5,DAP
24,68,71,Loamy,Wheat,3,43,11,Urea
26,58,25,Black,Rice,12,5,33,MOP
37,60,73,Sandy,Maize,4,38,0,Urea
25,48,52,Red,Rice,30,31,49,20-20
24,49,27,Sandy,Wheat,11,48,28,20-20
38,52,69,Red,Cotton,29,42,27,20-20
29,72,72,Black,Wheat,48,43,4,DAP
34,56,55,Red,Sugarcane,9,27,20,Urea
29,59,24,Black,Wheat,29,44,38,20-20
35,50,24,Red,Sugarcane,25,0,46,MOP
31,73,66,Sandy,Rice,43,49,37,28-28
37,64,29,Black,Sugarcane,5,42,33,Urea
20,78,59,Loamy,Ground Nuts,26,30,20,20-20
35,36,77,Loamy,Rice,19,29,23,20-20
25,51,26,Loamy,Sugarcane,27,17,48,20-20
22,39,31,Sandy,Wheat,19,28,12,20-20
21,52,49,Loamy,Maize,11,41,44,20-20
21,44,44,Black,Rice,44,37,45,28-28
32,59,47,Loamy,Sugarcane,20,22,22,20-20
28,63,62,Black,Maize,29,21,31,20-20
35,42,32,Loamy,Sugarcane,48,1,7,DAP
24,89,66,Red,Sugarcane,9,4,46,Urea
26,33,68,Black,Sugarcane,4,41,10,Urea
32,47,41,Loamy,Wheat,36,14,12,20-20
39,85,73,Loamy,Sugarcane,7,31,19,Urea
32,52,37,Loamy,Maize,29,45,0,DAP
26,62,46,Black,Ground Nuts,16,5,1,DAP
29,63,27,Black,Sugarcane,2,13,10,Urea
34,63,25,Loamy,Ground Nuts,20,23,45,20-20
25,65,30,Red,Cotton,15,20,29,20-20
24,64,48,Black,Rice,31,13,4,DAP
21,46,77,Black,Wheat,26,11,6,DAP
34,57,60,Red,Cotton,5,3,23,Urea
35,43,77,Sandy,Cotton,41,43,30,28-28
38,63,24,Red,Maize,15,20,47,20-20
28,77,26,Loamy,Maize,44,16,29,28-28
38,40,41,Black,Ground Nuts,2,28,42,Urea
26,86,78,Black,Ground Nuts,39,15,14,20-20
23,42,66,Black,Wheat,19,17,35,20-20
22,62,72,Black,Wheat,39,37,9,DAP
39,86,73,Sandy,Rice,6,40,0,Urea
30,84,23,Black,Sugarcane,10,43,6,DAP
20,31,51,Black,Wheat,28,10,43,20-20
25,63,38,Sandy,Wheat,2,31,25,Urea
30,82,64,Loamy,Ground Nuts,20,27,42,20-20
20,58,52,Loamy,Sugarcane,31,15,42,20-20
26,66,20,Sandy,Rice,29,33,48,20-20
25,33,73,Loamy,Maize,38,49,29,28-28
33,41,65,Loamy,Rice,10,29,0,DAP
21,55,60,Red,Sugarcane,16,37,14,20-20
23,87,75,Red,Maize,24,21,19,20-20
30,57,63,Red,Maize,49,4,21,MOP
34,32,69,Sandy,Maize,24,8,24,MOP
37,49,60,Black,Rice,8,12,49,Urea
20,39,27,Sandy,Ground Nuts,44,38,35,28-28
22,81,51,Sandy,Sugarcane,28,22,36,20-20
22,47,49,Sandy,Rice,14,26,45,20-20
26,82,65,Sandy,Rice,18,31,44,20-20
20,82,47,Red,Cotton,14,30,26,20-20
30,82,60,Sandy,Wheat,38,32,18,20-20
25,56,71,Red,Rice,34,41,18,20-20
39,60,51,Black,Cotton,39,25,15,20-20
22,56,44,Loamy,Ground Nuts,12,17,20,20-20
38,71,53,Red,Ground Nuts,15,11,32,20-20
21,30,52,Sandy,Sugarcane,2,2,41,Urea
37,35,32,Black,Cotton,30,4,30,MOP
31,40,44,Sandy,Rice,0,13,33,Urea
29,63,61,Black,Sugarcane,34,46,14,20-20
24,68,59,Loamy,Cotton,15,11,35,20-20
28,49,58,Black,Rice,0,3,25,Urea
21,82,75,Black,Sugarcane,49,15,29,28-28
21,50,63,Loamy,Sugarcane,13,10,30,20-20
25,50,68,Loamy,Wheat,6,35,24,Urea
29,47,76,Black,Ground Nuts,22,37,3,DAP
37,50,63,Sandy,Rice,34,47,11,20-20
31,48,67,Red,Wheat,28,1,18,MOP
23,33,29,Sandy,Sugarcane,21,12,8,DAP
36,42,78,Red,Sugarcane,15,7,24,MOP
34,47,76,Loamy,Cotton,28,43,47,20-20
25,81,50,Sandy,Wheat,5,20,46,Urea
35,58,63,Loamy,Maize,17,25,40,20-20
36,54,30,Black,Rice,28,37,49,20-20
22,85,44,Black,Ground Nuts,24,34,6,DAP
29,42,65,Sandy,Wheat,44,14,26,28-28
24,56,73,Loamy,Sugarcane,1,39,47,Urea
33,89,71,Sandy,Cotton,43,29,46,28-28
32,48,64,Sandy,Rice,31,1,42,MOP
25,78,53,Red,Ground Nuts,35,15,5,DAP
31,30,78,Black,Rice,31,12,34,20-20
27,67,39,Sandy,Cotton,40,0,31,MOP
24,48,26,Black,Sugarcane,19,42,13,20-20
34,81,52,Red,Ground Nuts,36,27,5,DAP
35,30,76,Loamy,Maize,41,0,48,MOP
20,69,54,Sandy,Cotton,37,39,17,20-20
35,46,48,Black,Maize,32,33,30,20-20
24,50,71,Sandy,Wheat,4,12,15,Urea
22,51,31,Loamy,Rice,5,1,2,Urea
39,44,24,Sandy,Ground Nuts,21,3,30,MOP
34,79,31,Sandy,Sugarcane,20,24,37,20-20
32,68,48,Black,Maize,18,33,16,20-20
35,77,54,Loamy,Sugarcane,42,12,4,DAP
30,68,39,Red,Wheat,14,35,15,20-20
21,61,56,Loamy,Maize,33,31,16,20-20
25,78,79,Loamy,Sugarcane,46,20,30,28-28
25,33,20,Red,Sugarcane,6,25,15,Urea
33,73,35,Sandy,Wheat,16,14,20,20-20
30,74,49,Black,Cotton,43,28,40,28-28
27,61,28,Sandy,Ground Nuts,43,25,38,28-28
27,33,61,Sandy,Wheat,4,20,36,Urea
20,82,29,Red,Maize,38,11,40,28-28
26,30,32,Red,Maize,1,11,9,Urea
25,62,67,Sandy,Rice,26,4,31,MOP
27,36,39,Loamy,Sugarcane,44,41,24,28-28
38,38,48,Black,Ground Nuts,23,25,32,20-20
39,30,76,Loamy,Maize,40,31,38,28-28
27,45,23,Sandy,Cotton,46,1,36,MOP
33,47,65,Sandy,Cotton,27,7,37,MOP
37,83,68,Black,Wheat,46,26,37,28-28
35,76,47,Loamy,Maize,0,36,27,Urea
28,35,56,Sandy,Ground Nuts,20,7,14,MOP
34,31,32,Sandy,Ground Nuts,27,23,7,DAP
29,38,76,Red,Maize,2,12,0,Urea
35,33,22,Black,Rice,29,28,9,DAP
23,74,56,Red,Rice,0,12,34,Urea
39,52,67,Red,Rice,44,22,47,28-28
32,83,38,Red,Maize,46,46,32,28-28
24,72,47,Sandy,Wheat,44,14,15,20-20
26,74,38,Loamy,Ground Nuts,17,23,13,20-20
28,72,36,Red,Wheat,48,42,4,DAP
27,80,37,Loamy,Wheat,32,22,15,20-20
35,37,37,Sandy,Wheat,14,9,20,MOP
25,68,76,Red,Cotton,23,37,10,20-20
35,54,42,Sandy,Maize,35,4,49,MOP
25,45,59,Red,Sugarcane,33,4,6,DAP
33,64,69,Red,Maize,25,30,7,DAP
20,46,28,Sandy,Wheat,39,39,16,20-20
28,47,48,Black,Cotton,21,0,29,MOP
32,89,70,Black,Cotton,15,1,13,MOP
38,56,61,Loamy,Maize,39,48,48,28-28
36,44,48,Loamy,Sugarcane,41,28,43,28-28
30,89,21,Sandy,Wheat,15,6,49,MOP
27,46,79,Sandy,Cotton,4,28,32,Urea
24,72,36,Sandy,Wheat,5,8,23,Urea
29,34,76,Black,Wheat,41,35,6,DAP
26,45,75,Black,Ground Nuts,23,6,37,MOP
29,44,64,Red,Wheat,29,27,14,20-20
23,71,50,Red,Rice,36,9,49,MOP
28,75,47,Sandy,Ground Nuts,31,15,42,20-20
33,63,62,Sandy,Wheat,18,9,24,MOP
21,77,67,Loamy,Wheat,44,38,16,20-20
28,48,71,Black,Sugarcane,27,25,32,20-20
20,37,58,Sandy,Ground Nuts,46,33,1,DAP
29,76,79,Black,Ground Nuts,7,33,38,Urea
29,39,49,Sandy,Sugarcane,42,39,9,DAP
39,34,54,Red,Rice,0,13,13,Urea
22,81,67,Sandy,Ground Nuts,3,17,11,Urea
25,77,70,Red,Rice,21,0,16,MOP
25,82,39,Loamy,Wheat,21,16,13,20-20
21,55,35,Loamy,Cotton,29,48,9,DAP
37,51,53,Loamy,Cotton,26,21,43,20-20
21,73,33,Sandy,Maize,26,36,38,20-20
31,52,45,Loamy,Cotton,12,15,39,20-20
24,42,39,Sandy,Cotton,38,6,28,MOP
39,38,61,Black,Sugarcane,26,14,44,20-20
26,78,70,Red,Maize,38,20,5,DAP
35,49,43,Black,Maize,37,1,39,MOP
39,57,62,Sandy,Sugarcane,7,47,30,Urea
20,73,37,Loamy,Cotton,11,24,36,20-20
20,86,62,Red,Cotton,23,8,8,DAP
36,66,28,Loamy,Maize,17,19,42,20-20
20,53,38,Black,Cotton,14,49,44,20-20
39,73,39,Sandy,Maize,15,9,32,MOP
32,62,61,Red,Cotton,32,20,6,DAP
28,49,49,Red,Wheat,9,3,37,Urea
34,89,45,Sandy,Sugarcane,46,29,7,DAP
22,77,50,Sandy,Ground Nuts,23,33,33,20-20
33,59,54,Red,Rice,44,29,16,20-20
30,73,22,Black,Wheat,18,13,16,20-20
31,38,75,Black,Cotton,26,21,29,20-20
32,74,59,Loamy,Rice,44,0,17,MOP
32,78,48,Red,Ground Nuts,40,7,38,MOP
20,46,25,Sandy,Wheat,30,10,14,20-20
29,65,71,Sandy,Ground Nuts,20,0,44,MOP
22,43,20,Sandy,Sugarcane,15,4,19,MOP
23,48,71,Sandy,Rice,22,44,24,20-20
35,36,43,Red,Ground Nuts,13,48,13,20-20
27,88,57,Black,Rice,22,9,26,MOP
35,32,53,Loamy,Sugarcane,40,38,46,28-28
36,62,70,Black,Ground Nuts,17,12,34,20-20
38,73,79,Loamy,Wheat,35,20,27,20-20
34,61,26,Sandy,Rice,11,35,5,DAP
35,76,30,Sandy,Ground Nuts,36,44,40,28-28
34,40,30,Red,Sugarcane,10,32,30,20-20
21,71,55,Sandy,Ground Nuts,4,42,13,Urea
30,31,39,Red,Ground Nuts,20,27,15,20-20
20,55,35,Red,Wheat,31,8,48,MOP
34,33,24,Red,Cotton,28,44,43,20-20
38,46,43,Sandy,Maize,6,10,35,Urea
23,46,49,Sandy,Cotton,35,39,4,DAP
30,57,49,Black,Cotton,39,28,31,28-28
24,59,58,Loamy,Maize,26,6,10,MOP
22,69,76,Black,Ground Nuts,5,26,21,Urea
32,52,67,Sandy,Cotton,37,21,42,28-28
29,75,66,Loamy,Cotton,3,30,39,Urea
30,53,56,Red,Sugarcane,45,29,27,28-28
37,58,52,Loamy,Sugarcane,34,27,49,20-20
21,33,39,Red,Wheat,9,19,5,Urea
26,67,73,Sandy,Rice,37,14,38,28-28
28,58,41,Loamy,Ground Nuts,49,14,5,DAP
29,48,60,Red,Wheat,29,11,45,20-20
37,56,77,Black,Sugarcane,41,16,19,20-20
26,58,40,Black,Sugarcane,8,22,37,Urea
26,85,56,Red,Maize,15,5,3,DAP
22,65,73,Black,Maize,3,44,24,Urea
31,64,46,Black,Sugarcane,25,15,12,20-20
26,81,57,Loamy,Cotton,28,26,48,20-20
36,35,54,Black,Wheat,27,22,11,20-20
20,88,57,Loamy,Sugarcane,10,0,8,DAP
24,52,59,Sandy,Ground Nuts,27,44,2,DAP
35,68,79,Black,Sugarcane,43,6,31,MOP
34,75,25,Sandy,Maize,31,44,10,20-20
21,73,51,Black,Wheat,23,38,4,DAP
28,77,35,Red,Wheat,41,39,34,28-28
26,81,47,Red,Rice,38,49,48,28-28
23,37,35,Sandy,Sugarcane,6,48,23,Urea
39,84,46,Sandy,Rice,17,47,40,20-20
37,31,72,Sandy,Maize,2,48,5,Urea
23,42,22,Red,Rice,43,39,17,20-20
32,69,68,Sandy,Cotton,45,38,37,28-28
20,86,40,Red,Sugarcane,19,17,5,DAP
22,50,57,Sandy,Sugarcane,33,35,21,20-20
35,60,57,Loamy,Wheat,29,21,41,20-20
23,81,49,Loamy,Rice,8,1,42,Urea
35,77,41,Black,Wheat,9,47,13,Urea
38,65,38,Loamy,Ground Nuts,5,25,11,Urea
20,77,50,Sandy,Rice,16,49,24,20-20
24,81,39,Loamy,Rice,14,31,19,20-20
38,67,66,Loamy,Maize,32,22,17,20-20
30,56,38,Sandy,Rice,12,39,23,20-20
32,65,21,Loamy,Wheat,41,45,14,20-20
39,77,59,Sandy,Ground Nuts,43,17,30,28-28
24,52,58,Loamy,Rice,21,18,41,20-20
23,84,46,Sandy,Rice,15,23,0,DAP
23,50,27,Red,Sugarcane,33,3,14,MOP
23,42,64,Red,Sugarcane,2,45,33,Urea
23,66,73,Black,Ground Nuts,7,1,1,Urea
39,76,46,Loamy,Sugarcane,19,29,35,20-20
37,55,34,Black,Cotton,46,48,22,28-28
37,69,31,Sandy,Sugarcane,23,37,23,20-20
35,36,66,Red,Cotton,17,30,45,20-20
28,75,33,Sandy,Ground Nuts,22,39,31,20-20
37,68,26,Black,Cotton,0,15,45,Urea
21,51,36,Sandy,Ground Nuts,1,32,12,Urea
23,68,45,Sandy,Wheat,4,49,32,Urea
31,52,56,Sandy,Sugarcane,17,2,41,MOP
26,87,39,Sandy,Rice,15,17,13,20-20
34,59,29,Red,Maize,9,9,16,Urea
26,47,38,Sandy,Rice,28,1,15,MOP
36,71,37,Sandy,Sugarcane,34,29,31,20-20
35,47,49,Red,Rice,24,29,14,20-20
38,75,49,Sandy,Sugarcane,41,24,42,28-28
28,39,44,Sandy,Sugarcane,23,42,30,20-20
33,68,43,Black,Rice,12,23,11,20-20
36,59,29,Red,Cotton,20,34,32,20-20
24,55,21,Loamy,Wheat,41,9,2,DAP
21,36,57,Sandy,Wheat,42,47,10,20-20
39,36,51,Black,Wheat,38,29,42,28-28
35,34,54,Red,Wheat,33,25,4,DAP
33,30,70,Sandy,Maize,18,34,46,20-20
33,75,56,Loamy,Ground Nuts,27,23,26,20-20
20,47,26,Sandy,Sugarcane,26,19,15,20-20
22,42,26,Black,Maize,49,38,34,28-28
26,54,46,Red,Wheat,25,48,39,20-20
34,69,29,Black,Wheat,10,39,15,20-20
38,37,52,Red,Rice,48,34,15,20-20
39,39,62,Loamy,Wheat,34,38,21,20-20
21,61,74,Sandy,Sugarcane,19,9,3,DAP
38,46,26,Black,Wheat,11,26,31,20-20
28,67,25,Loamy,Wheat,27,14,26,20-20
38,44,25,Loamy,Maize,1,14,14,Urea
24,44,32,Sandy,Sugarcane,0,36,18,Urea
37,86,67,Black,Cotton,8,34,25,Urea
35,77,32,Sandy,Rice,21,2,14,MOP
23,69,21,Sandy,Cotton,39,28,44,28-28
31,80,38,Red,Ground Nuts,26,3,9,DAP
26,49,70,Red,Maize,8,46,33,Urea
33,44,38,Sandy,Wheat,6,15,37,Urea
31,64,69,Red,Rice,35,4,48,MOP
22,35,76,Black,Ground Nuts,47,20,25,28-28
24,59,57,Red,Ground Nuts,37,39,7,DAP
36,86,21,Loamy,Sugarcane,49,41,15,20-20
29,37,70,Sandy,Rice,1,20,28,Urea
29,60,45,Sandy,Ground Nuts,42,1,31,MOP
30,77,25,Black,Maize,4,13,20,Urea
36,76,39,Sandy,Wheat,16,4,31,MOP
24,61,42,Red,Maize,36,6,44,MOP
32,74,73,Loamy,Ground Nuts,34,10,11,20-20
29,87,34,Sandy,Sugarcane,7,34,47,Urea
28,81,25,Red,Cotton,42,29,38,28-28
36,44,47,Loamy,Wheat,2,43,9,Urea
20,47,54,Sandy,Wheat,2,45,5,Urea
23,42,30,Sandy,Maize,0,0,36,Urea
23,53,27,Sandy,Maize,23,15,17,20-20
37,69,76,Loamy,Maize,44,46,47,28-28
28,43,73,Sandy,Ground Nuts,29,0,30,MOP
37,57,69,Sandy,Wheat,41,21,34,28-28
33,40,68,Red,Maize,25,12,2,DAP
34,35,70,Red,Rice,37,26,4,DAP
25,85,70,Red,Ground Nuts,42,14,33,28-28
29,54,43,Red,Ground Nuts,39,16,32,28-28
34,30,40,Sandy,Rice,42,8,35,MOP
23,54,68,Loamy,Rice,37,4,9,DAP
37,31,78,Sandy,Ground Nuts,43,22,44,28-28
37,61,55,Black,Wheat,49,43,2,DAP
36,42,26,Loamy,Maize,2,48,10,Urea
31,62,24,Black,Sugarcane,12,42,2,DAP
26,61,77,Sandy,Maize,35,10,27,20-20
35,85,48,Loamy,Wheat,40,23,41,28-28
30,53,35,Loamy,Rice,47,7,27,MOP
33,56,25,Red,Wheat,11,46,8,DAP
22,33,33,Sandy,Maize,19,33,25,20-20
38,53,77,Black,Wheat,38,41,28,28-28
37,52,71,Loamy,Sugarcane,43,30,9,DAP
29,58,21,Loamy,Wheat,7,21,26,Urea
25,63,44,Red,Cotton,46,13,44,28-28
32,50,50,Loamy,Wheat,1,4,31,Urea
29,59,69,Red,Maize,10,16,17,20-20
37,55,69,Loamy,Cotton,20,17,17,20-20
39,49,32,Loamy,Rice,36,18,21,28-28
35,45,79,Sandy,Maize,5,6,16,Urea
25,32,37,Loamy,Ground Nuts,18,25,48,20-20
32,78,36,Red,Sugarcane,29,24,24,20-20
23,66,64,Red,Wheat,45,17,25,28-28
33,87,47,Red,Wheat,38,43,4,DAP
20,69,31,Black,Maize,43,14,8,DAP
39,73,54,Loamy,Wheat,48,28,43,28-28
24,54,41,Sandy,Wheat,35,45,43,20-20
27,52,58,Sandy,Rice,19,41,23,20-20
31,73,20,Black,Wheat,9,48,6,Urea
21,88,56,Loamy,Wheat,23,0,19,MOP
31,30,40,Red,Rice,32,3,43,MOP
24,62,20,Black,Ground Nuts,28,8,40,MOP
24,44,23,Black,Wheat,29,35,7,DAP
32,46,51,Red,Ground Nuts,35,31,18,20-20
28,63,77,Black,Rice,44,23,34,28-28
29,46,20,Black,Sugarcane,5,36,42,Urea
20,81,32,Red,Wheat,46,17,43,28-28
22,87,65,Loamy,Maize,13,14,24,20-20
37,70,66,Sandy,Cotton,2,19,16,Urea
31,73,36,Sandy,Sugarcane,23,39,38,20-20
22,33,31,Red,Wheat,18,1,24,MOP
28,42,26,Red,Maize,37,24,34,28-28
21,33,74,Loamy,Cotton,33,12,38,20-20
22,36,70,Black,Rice,8,26,38,Urea
33,75,74,Loamy,Wheat,29,12,45,20-20
23,88,22,Black,Ground Nuts,31,27,1,DAP
38,38,69,Black,Ground Nuts,12,45,15,20-20
32,52,45,Loamy,Rice,17,14,41,20-20
26,62,50,Red,Sugarcane,43,28,13,20-20
31,62,55,Red,Ground Nuts,21,20,28,20-20
22,49,45,Loamy,Cotton,3,43,38,Urea
28,33,22,Black,Ground Nuts,22,30,1,DAP
21,30,63,Black,Cotton,6,22,9,Urea
28,83,74,Black,Ground Nuts,43,36,1,DAP
31,71,47,Black,Rice,10,2,26,MOP
31,63,63,Loamy,Rice,38,49,12,20-20
34,56,36,Sandy,Ground Nuts,41,34,1,DAP
21,50,57,Red,Sugarcane,40,13,41,28-28
37,53,66,Red,Maize,33,1,13,MOP
32,44,49,Sandy,Ground Nuts,4,49,16,Urea
33,64,21,Black,Wheat,41,12,43,28-28
24,54,27,Sandy,Maize,24,1,48,MOP
29,84,33,Sandy,Ground Nuts,27,11,37,20-20
31,38,56,Sandy,Cotton,13,26,35,20-20
29,46,54,Red,Wheat,26,33,33,20-20
30,50,61,Red,Sugarcane,15,39,28,20-20
21,89,58,Sandy,Maize,26,4,46,MOP
24,42,30,Sandy,Maize,1,24,22,Urea
26,32,34,Sandy,Wheat,18,10,22,20-20
25,33,21,Black,Sugarcane,22,12,15,20-20
22,33,56,Black,Ground Nuts,40,27,43,28-28
32,72,62,Black,Sugarcane,13,20,6,DAP
22,57,51,Red,Ground Nuts,46,48,44,28-28
25,36,59,Loamy,Maize,25,47,0,DAP
30,55,32,Sandy,Ground Nuts,7,25,18,Urea
36,40,62,Sandy,Maize,26,26,44,20-20
29,53,36,Loamy,Rice,46,25,32,28-28
31,72,34,Sandy,Wheat,39,14,33,28-28
36,39,52,Black,Sugarcane,27,49,0,DAP
23,66,70,Black,Cotton,3,5,11,Urea
21,42,35,Loamy,Wheat,37,3,24,MOP
30,73,70,Black,Ground Nuts,10,3,22,MOP
26,71,32,Loamy,Rice,43,29,24,28-28
21,68,74,Black,Wheat,23,12,30,20-20
37,48,41,Sandy,Maize,27,8,23,MOP
23,80,42,Red,Wheat,40,41,9,DAP
27,48,55,Black,Ground Nuts,17,13,1,DAP
39,41,62,Loamy,Wheat,48,27,32,28-28
33,81,69,Red,Wheat,20,39,36,20-20
31,51,69,Sandy,Ground Nuts,25,2,22,MOP
37,76,29,Red,Cotton,2,40,1,Urea
30,66,36,Loamy,Rice,12,28,3,DAP
27,85,49,Sandy,Wheat,37,32,22,28-28
21,59,32,Sandy,Wheat,27,14,45,20-20
34,75,49,Black,Cotton,13,46,40,20-20
28,41,76,Red,Sugarcane,0,38,37,Urea
38,58,65,Black,Wheat,27,14,22,20-20
39,50,49,Sandy,Ground Nuts,35,6,11,MOP
27,40,26,Black,Ground Nuts,49,44,43,28-28
38,89,29,Black,Wheat,10,11,23,20-20
24,66,54,Loamy,Sugarcane,42,49,28,28-28
30,77,21,Black,Ground Nuts,39,38,40,28-28
34,87,49,Sandy,Wheat,3,6,27,Urea
27,47,38,Black,Wheat,33,46,14,20-20
38,73,58,Sandy,Wheat,0,40,9,Urea
27,88,56,Sandy,Rice,9,5,33,Urea
38,56,79,Loamy,Ground Nuts,16,25,28,20-20
37,66,22,Sandy,Maize,6,8,30,Urea
29,77,44,Sandy,Rice,38,23,22,28-28
26,41,53,Loamy,Sugarcane,12,29,17,20-20
28,52,74,Sandy,Rice,21,15,6,DAP
20,63,77,Loamy,Rice,0,47,26,Urea
38,67,41,Red,Cotton,27,26,8,DAP
24,52,57,Red,Sugarcane,32,32,19,20-20
38,82,33,Red,Sugarcane,12,22,20,20-20
20,54,58,Sandy,Sugarcane,0,44,27,Urea
34,33,73,Black,Rice,37,18,49,28-28
35,59,21,Loamy,Sugarcane,24,35,2,DAP
26,59,51,Red,Ground Nuts,41,18,44,28-28
31,42,62,Loamy,Cotton,20,21,9,DAP
27,71,72,Red,Wheat,32,41,16,20-20
24,78,22,Red,Rice,36,44,34,28-28
29,43,60,Sandy,Wheat,33,32,20,20-20
24,85,27,Loamy,Wheat,2,44,8,Urea
36,76,45,Sandy,Rice,29,9,16,MOP
24,37,51,Loamy,Ground Nuts,2,46,31,Urea
34,84,30,Loamy,Rice,17,31,47,20-20
32,53,69,Black,Sugarcane,22,14,37,20-20
20,47,20,Red,Cotton,7,38,27,Urea
30,64,34,Sandy,Rice,8,45,17,Urea
20,54,23,Black,Wheat,1,7,5,Urea
30,46,23,Loamy,Rice,1,24,5,Urea
37,61,47,Red,Cotton,26,17,16,20-20
37,85,29,Sandy,Maize,47,14,9,DAP
35,53,30,Black,Ground Nuts,38,25,1,DAP
32,36,69,Loamy,Wheat,35,40,32,20-20
26,42,42,Black,Maize,4,43,42,Urea
20,56,66,Loamy,Maize,0,20,24,Urea
35,77,22,Loamy,Cotton,21,21,37,20-20
20,34,58,Red,Ground Nuts,9,45,0,Urea
36,65,58,Sandy,Rice,44,33,15,20-20
25,55,36,Red,Maize,23,36,25,20-20
21,71,41,Sandy,Sugarcane,14,36,40,20-20
36,74,71,Sandy,Rice,32,13,11,20-20
25,60,46,Loamy,Ground Nuts,49,3,8,DAP
33,39,75,Black,Wheat,22,23,12,20-20
37,75,35,Sandy,Rice,13,1,6,DAP
25,55,35,Sandy,Cotton,17,0,0,DAP
29,51,59,Sandy,Cotton,24,1,30,MOP
37,41,22,Sandy,Wheat,21,12,34,20-20
28,61,71,Loamy,Wheat,43,26,23,28-28
27,56,66,Red,Wheat,43,16,2,DAP
29,62,52,Black,Cotton,36,44,18,20-20
36,82,61,Loamy,Ground Nuts,6,16,3,Urea
25,81,21,Loamy,Ground Nuts,25,4,27,MOP
33,49,58,Loamy,Rice,23,23,43,20-20
25,68,65,Sandy,Maize,12,7,29,MOP
26,70,67,Black,Maize,40,43,35,28-28
31,69,46,Loamy,Sugarcane,5,8,41,Urea
22,88,79,Loamy,Cotton,20,17,3,DAP
33,42,34,Loamy,Wheat,6,15,22,Urea
38,43,26,Sandy,Ground Nuts,17,31,10,20-20
35,73,64,Sandy,Rice,14,39,3,DAP
26,69,76,Loamy,Ground Nuts,7,38,10,Urea
27,82,61,Sandy,Cotton,15,40,48,20-20
37,51,28,Black,Sugarcane,48,43,23,28-28
32,47,60,Sandy,Ground Nuts,2,45,19,Urea
28,77,25,Loamy,Maize,44,31,44,28-28
29,58,75,Black,Rice,8,41,16,Urea
28,72,76,Sandy,Maize,46,47,12,20-20
34,45,31,Loamy,Rice,25,1,16,MOP
39,75,49,Red,Wheat,25,37,14,20-20
21,64,74,Red,Rice,29,42,3,DAP
32,82,39,Black,Wheat,26,3,17,MOP
21,63,39,Black,Cotton,15,4,42,MOP
38,32,73,Black,Maize,47,36,8,DAP
21,33,65,Sandy,Rice,3,48,47,Urea
22,83,46,Black,Rice,18,36,2,DAP
25,34,39,Sandy,Sugarcane,33,25,26,20-20
22,39,78,Loamy,Maize,5,42,17,Urea
29,81,26,Sandy,Cotton,44,8,16,MOP
25,58,59,Sandy,Wheat,14,14,9,DAP
35,61,59,Loamy,Cotton,9,23,36,Urea
36,60,49,Red,Sugarcane,41,23,28,28-28
38,31,27,Sandy,Cotton,35,34,46,20-20
22,41,21,Sandy,Wheat,45,47,49,28-28
37,56,33,Loamy,Maize,39,40,4,DAP
26,34,29,Black,Ground Nuts,5,24,46,Urea
28,66,69,Loamy,Sugarcane,43,25,5,DAP
39,56,37,Red,Rice,39,22,39,28-28
31,52,37,Black,Rice,5,5,34,Urea
24,62,35,Red,Maize,14,40,4,DAP
22,33,71,Sandy,Ground Nuts,28,26,49,20-20
30,88,24,Red,Cotton,24,18,14,20-20
23,50,71,Red,Rice,18,30,26,20-20
24,53,50,Loamy,Sugarcane,13,37,43,20-20
20,73,56,Black,Ground Nuts,2,42,38,Urea
37,60,39,Sandy,Wheat,49,31,32,28-28
31,73,42,Sandy,Cotton,41,1,23,MOP
32,77,51,Sandy,Ground Nuts,45,17,20,20-20
28,53,61,Black,Wheat,13,27,1,DAP
21,78,36,Black,Ground Nuts,38,6,18,MOP
24,82,32,Red,Ground Nuts,38,22,44,28-28
32,39,68,Red,Cotton,20,35,17,20-20
35,78,69,Black,Sugarcane,10,23,9,DAP
35,78,32,Sandy,Wheat,49,27,44,28-28
22,79,36,Black,Sugarcane,9,24,36,Urea
23,31,79,Loamy,Wheat,14,38,22,20-20
30,60,34,Black,Cotton,29,48,44,20-20
33,54,45,Black,Sugarcane,43,3,40,MOP
22,33,63,Sandy,Cotton,16,44,0,DAP
35,80,47,Red,Ground Nuts,28,18,5,DAP
34,40,61,Loamy,Ground Nuts,16,3,0,DAP
29,46,64,Loamy,Cotton,32,12,17,20-20
28,73,49,Loamy,Wheat,37,0,26,MOP
30,31,62,Black,Ground Nuts,20,33,47,20-20
35,35,54,Sandy,Wheat,46,6,39,MOP
29,38,41,Black,Sugarcane,13,24,37,20-20
36,34,29,Red,Rice,9,22,44,Urea
38,49,30,Sandy,Ground Nuts,41,29,16,20-20
21,58,57,Loamy,Ground Nuts,22,48,25,20-20
21,50,52,Black,Maize,38,6,12,MOP
25,38,25,Sandy,Wheat,38,44,9,DAP
38,57,56,Black,Cotton,13,16,37,20-20
27,84,26,Sandy,Maize,46,32,25,28-28
22,37,73,Loamy,Sugarcane,21,1,30,MOP
33,60,63,Red,Maize,40,37,22,28-28
35,49,31,Red,Maize,27,43,49,20-20
20,56,26,Black,Rice,46,12,19,20-20
22,37,21,Loamy,Rice,8,31,22,Urea
37,83,79,Black,Maize,22,21,44,20-20
28,50,20,Black,Rice,6,8,26,Urea
25,57,42,Sandy,Rice,23,16,14,20-20
20,52,44,Sandy,Maize,42,17,37,28-28
29,35,37,Sandy,Wheat,36,39,10,20-20
25,32,63,Loamy,Rice,8,39,7,Urea
31,34,26,Loamy,Maize,37,26,13,20-20
23,38,70,Black,Wheat,6,10,12,Urea
32,36,73,Sandy,Ground Nuts,22,27,21,20-20
36,89,22,Loamy,Rice,24,7,33,MOP
27,33,48,Black,Maize,45,49,0,DAP
39,68,29,Loamy,Rice,21,17,36,20-20
22,34,78,Black,Wheat,42,12,31,28-28
31,40,78,Red,Maize,6,32,10,Urea
26,44,62,Sandy,Wheat,5,14,9,Urea
31,63,24,Red,Ground Nuts,35,21,29,20-20
21,42,53,Black,Cotton,45,37,11,20-20
33,83,27,Black,Sugarcane,21,29,41,20-20
24,77,33,Sandy,Cotton,34,5,40,MOP
28,36,59,Sandy,Rice,48,44,33,28-28
30,69,74,Black,Wheat,46,33,24,28-28
24,35,25,Loamy,Maize,32,18,35,20-20
22,85,20,Sandy,Wheat,20,48,3,DAP
36,68,75,Black,Rice,10,32,20,20-20
21,79,52,Sandy,Maize,12,13,29,20-20
20,59,59,Sandy,Cotton,2,47,37,Urea
26,51,30,Red,Wheat,12,46,11,20-20
33,54,69,Red,Sugarcane,49,40,38,28-28
24,57,43,Loamy,Ground Nuts,40,18,24,28-28
38,83,29,Sandy,Ground Nuts,33,39,18,20-20
30,49,63,Black,Rice,27,14,1,DAP
21,68,71,Black,Rice,39,9,21,MOP
27,32,42,Sandy,Wheat,33,1,29,MOP
28,34,35,Sandy,Cotton,31,49,35,20-20
22,30,56,Loamy,Cotton,22,1,2,DAP
21,44,35,Loamy,Sugarcane,23,20,22,20-20
26,55,75,Loamy,Sugarcane,0,11,3,Urea
24,32,63,Black,Wheat,23,9,27,MOP
24,69,50,Red,Maize,2,11,13,Urea
39,86,25,Loamy,Cotton,16,38,5,DAP
32,70,49,Black,Maize,6,1,5,Urea
39,76,56,Loamy,Maize,9,0,40,Urea
25,71,20,Black,Wheat,18,1,36,MOP
39,63,70,Sandy,Sugarcane,23,22,6,DAP
37,81,61,Black,Maize,8,27,12,Urea
21,34,44,Sandy,Wheat,49,16,0,DAP
25,60,65,Black,Sugarcane,14,39,23,20-20
28,80,76,Red,Maize,48,20,33,28-28
22,42,40,Black,Maize,21,43,9,DAP
20,72,54,Sandy,Sugarcane,16,33,5,DAP
20,30,57,Red,Ground Nuts,18,8,3,DAP
38,51,24,Black,Sugarcane,8,16,7,Urea
24,44,68,Black,Rice,37,48,45,28-28
32,55,69,Loamy,Rice,18,41,47,20-20
38,47,31,Red,Wheat,7,44,14,Urea
31,77,24,Sandy,Wheat,5,31,44,Urea
35,38,28,Red,Cotton,48,4,11,MOP
38,30,63,Sandy,Rice,37,13,38,28-28
22,72,71,Loamy,Sugarcane,44,45,46,28-28
31,38,28,Loamy,Rice,20,46,5,DAP
24,52,54,Sandy,Ground Nuts,28,24,20,20-20
21,72,20,Sandy,Wheat,33,21,45,20-20
26,74,73,Sandy,Ground Nuts,11,4,31,MOP
32,87,66,Loamy,Wheat,38,37,31,28-28
34,31,29,Red,Ground Nuts,31,8,26,MOP
22,43,65,Loamy,Wheat,5,30,46,Urea
39,67,58,Black,Sugarcane,16,40,10,20-20
24,69,55,Loamy,Ground Nuts,31,20,21,20-20
27,47,77,Black,Maize,7,35,35,Urea
20,45,56,Black,Wheat,37,0,22,MOP
27,82,71,Loamy,Rice,28,21,36,20-20
37,58,67,Loamy,Maize,30,22,22,20-20
39,73,54,Loamy,Rice,18,22,26,20-20
35,40,36,Red,Wheat,8,14,33,Urea
37,35,32,Loamy,Sugarcane,27,45,19,20-20
39,32,25,Sandy,Maize,47,0,14,MOP
31,43,77,Loamy,Maize,49,5,41,MOP
32,89,56,Black,Wheat,38,39,3,DAP
32,31,67,Red,Ground Nuts,39,34,28,28-28
29,61,51,Red,Wheat,30,16,39,20-20
26,60,30,Black,Wheat,18,22,10,20-20
33,40,36,Red,Cotton,32,19,48,20-20
35,51,24,Red,Sugarcane,25,27,6,DAP
34,32,25,Sandy,Ground Nuts,44,36,10,20-20
31,79,29,Sandy,Sugarcane,0,17,41,Urea
28,60,72,Red,Wheat,10,6,32,MOP
27,62,52,Loamy,Cotton,1,48,29,Urea
37,53,49,Red,Wheat,34,46,31,20-20
37,30,40,Sandy,Wheat,12,19,39,20-20
32,73,61,Red,Sugarcane,38,23,36,28-28
37,44,36,Loamy,Cotton,33,15,12,20-20
34,66,46,Loamy,Sugarcane,33,12,6,DAP
23,56,22,Sandy,Wheat,34,27,23,20-20
36,67,79,Red,Rice,31,6,10,MOP
24,77,48,Sandy,Maize,44,14,30,28-28
35,56,21,Black,Ground Nuts,11,22,43,20-20
28,73,48,Sandy,Wheat,32,22,13,20-20
29,41,68,Sandy,Ground Nuts,17,30,43,20-20
37,32,55,Sandy,Cotton,4,4,25,Urea
36,59,53,Red,Rice,18,26,0,DAP
37,61,56,Black,Ground Nuts,30,43,5,DAP
26,52,61,Red,Ground Nuts,26,9,30,MOP
23,31,20,Loamy,Cotton,41,41,42,28-28
24,36,79,Black,Wheat,37,6,42,MOP
35,63,45,Sandy,Wheat,49,31,11,20-20
22,61,20,Sandy,Maize,14,22,0,DAP
37,82,78,Sandy,Cotton,45,46,5,DAP
33,68,77,Red,Rice,47,8,28,MOP
34,61,23,Loamy,Maize,3,28,29,Urea
36,72,58,Black,Cotton,18,26,12,20-20
20,72,33,Black,Wheat,20,37,29,20-20
36,43,65,Red,Maize,39,20,11,20-20
30,32,37,Loamy,Wheat,0,42,9,Urea
36,75,53,Black,Sugarcane,19,5,38,MOP
33,61,20,Red,Sugarcane,21,25,9,DAP
39,72,72,Loamy,Maize,12,19,17,20-20
38,65,41,Loamy,Maize,40,14,5,DAP
26,46,35,Black,Cotton,0,44,7,Urea
32,77,41,Black,Rice,14,37,19,20-20
37,32,69,Loamy,Rice,14,19,40,20-20
33,86,35,Black,Sugarcane,13,14,15,20-20
20,39,47,Red,Sugarcane,4,28,1,Urea
26,82,47,Loamy,Sugarcane,48,5,10,MOP
27,76,74,Black,Wheat,5,15,23,Urea
37,69,41,Black,Rice,40,0,18,MOP
28,47,75,Red,Maize,30,5,3,DAP
20,32,25,Black,Sugarcane,25,15,2,DAP
36,68,44,Black,Ground Nuts,24,32,14,20-20
38,39,61,Black,Cotton,48,6,39,MOP
25,81,21,Sandy,Maize,38,9,3,DAP
22,38,26,Red,Maize,39,7,42,MOP
24,75,72,Red,Maize,14,20,16,20-20
21,84,36,Sandy,Rice,5,25,8,Urea
39,75,54,Red,Sugarcane,0,36,24,Urea
23,40,39,Black,Cotton,40,17,0,DAP
29,89,63,Black,Wheat,6,3,39,Urea
29,62,21,Black,Cotton,3,19,1,Urea
30,65,26,Red,Cotton,0,47,44,Urea
35,55,51,Red,Ground Nuts,40,41,32,28-28
36,56,68,Loamy,Cotton,1,47,21,Urea
35,67,38,Sandy,Wheat,47,39,41,28-28
26,51,31,Red,Cotton,33,18,11,20-20
35,55,28,Loamy,Ground Nuts,34,32,26,20-20
22,51,46,Sandy,Cotton,45,22,10,20-20
35,34,33,Sandy,Sugarcane,12,8,41,MOP
27,64,21,Black,Ground Nuts,16,37,13,20-20
31,31,40,Black,Sugarcane,9,44,13,Urea
22,64,23,Loamy,Sugarcane,2,44,39,Urea
36,38,79,Loamy,Maize,3,17,42,Urea
37,80,70,Black,Ground Nuts,24,45,21,20-20
30,80,40,Black,Cotton,36,1,8,DAP
23,78,67,Sandy,Rice,42,47,14,20-20
35,47,41,Sandy,Rice,37,16,32,28-28
36,72,68,Red,Rice,28,15,18,20-20
28,41,21,Black,Wheat,0,45,30,Urea
25,32,36,Sandy,Sugarcane,29,44,17,20-20
39,47,38,Loamy,Sugarcane,38,47,11,20-20
21,85,59,Sandy,Sugarcane,9,23,39,Urea
28,67,43,Black,Ground Nuts,28,30,36,20-20
25,36,39,Sandy,Wheat,43,0,44,MOP
22,62,57,Black,Cotton,31,27,48,20-20
39,35,31,Sandy,Maize,43,48,0,DAP
25,47,44,Red,Ground Nuts,0,32,33,Urea
26,74,42,Red,Sugarcane,40,41,6,DAP
20,51,69,Loamy,Cotton,16,36,1,DAP
20,80,78,Loamy,Rice,11,38,21,20-20
24,68,53,Black,Maize,1,3,3,Urea
25,80,51,Black,Rice,8,0,44,Urea
32,38,70,Black,Cotton,11,32,45,20-20
21,64,43,Sandy,Cotton,24,9,19,MOP
34,52,61,Sandy,Rice,35,2,2,DAP
34,41,44,Sandy,Ground Nuts,43,36,8,DAP
32,81,22,Loamy,Maize,49,44,17,20-20
33,53,44,Black,Rice,34,20,15,20-20
26,79,47,Sandy,Rice,21,8,8,DAP
33,69,31,Loamy,Ground Nuts,32,39,18,20-20
29,38,45,Red,Rice,49,42,5,DAP
36,42,67,Black,Maize,20,23,43,20-20
33,69,63,Red,Wheat,39,45,14,20-20
27,83,27,Loamy,Maize,21,7,5,DAP
23,71,24,Black,Ground Nuts,27,23,4,DAP
35,46,30,Sandy,Rice,3,23,28,Urea
32,36,61,Loamy,Sugarcane,25,9,45,MOP
39,46,54,Red,Sugarcane,22,34,26,20-20
37,84,46,Red,Cotton,47,3,49,MOP
33,79,74,Red,Wheat,48,43,44,28-28
37,53,60,Loamy,Ground Nuts,22,8,40,MOP
24,31,63,Loamy,Cotton,40,10,25,28-28
28,64,57,Black,Cotton,7,42,27,Urea
22,57,38,Black,Sugarcane,31,47,31,20-20
27,48,67,Red,Maize,38,12,24,28-28
39,62,72,Loamy,Cotton,43,26,6,DAP
29,50,74,Black,Cotton,0,29,29,Urea
38,82,75,Loamy,Wheat,29,45,30,20-20
22,39,51,Sandy,Sugarcane,27,38,11,20-20
30,82,65,Loamy,Maize,16,11,8,DAP
30,75,47,Red,Wheat,22,18,33,20-20
36,74,55,Loamy,Maize,37,39,2,DAP
35,38,37,Red,Maize,23,3,36,MOP
26,67,29,Black,Cotton,21,48,49,20-20
23,35,51,Black,Wheat,4,33,27,Urea
38,80,37,Black,Cotton,24,22,45,20-20
31,82,31,Sandy,Rice,6,44,21,Urea
34,71,70,Red,Maize,21,25,25,20-20
30,84,27,Sandy,Wheat,43,6,18,MOP
24,64,52,Sandy,Sugarcane,36,17,20,20-20
24,47,65,Black,Cotton,33,41,36,20-20
34,82,74,Red,Rice,35,3,9,DAP
37,48,57,Loamy,Ground Nuts,48,7,15,MOP
30,34,33,Loamy,Rice,39,21,23,28-28
31,54,21,Red,Rice,19,25,24,20-20
21,40,28,Loamy,Cotton,36,12,25,28-28
39,39,63,Black,Sugarcane,16,45,0,DAP
34,46,24,Black,Wheat,3,16,3,Urea
39,65,53,Sandy,Maize,49,43,36,28-28
23,55,38,Black,Sugarcane,17,35,42,20-20
37,60,26,Loamy,Cotton,27,40,13,20-20
25,61,58,Sandy,Ground Nuts,49,46,23,28-28
38,50,61,Red,Wheat,15,14,26,20-20
30,47,36,Red,Maize,42,17,42,28-28
21,89,45,Sandy,Ground Nuts,7,26,26,Urea
27,47,65,Black,Wheat,43,5,23,MOP
30,30,46,Sandy,Maize,17,33,39,20-20
24,43,62,Sandy,Maize,49,40,0,DAP
37,37,47,Black,Rice,28,4,38,MOP
37,31,39,Red,Ground Nuts,39,11,12,20-20
33,80,25,Sandy,Ground Nuts,15,28,19,20-20
29,44,27,Red,Cotton,29,36,37,20-20
22,89,51,Loamy,Sugarcane,48,11,35,28-28
28,63,38,Black,Rice,33,24,11,20-20
22,65,51,Loamy,Rice,29,46,4,DAP
30,30,38,Red,Wheat,20,33,4,DAP
31,80,43,Loamy,Ground Nuts,21,10,16,20-20
31,50,43,Loamy,Maize,46,22,37,28-28
22,71,75,Loamy,Maize,24,23,9,DAP
26,30,36,Sandy,Wheat,21,48,15,20-20
33,61,75,Sandy,Ground Nuts,27,17,23,20-20
30,49,75,Black,Cotton,38,9,28,MOP
26,83,37,Red,Maize,32,4,13,MOP
29,76,31,Red,Rice,1,30,9,Urea
30,65,60,Black,Rice,3,24,28,Urea
34,68,42,Red,Ground Nuts,15,16,27,20-20
38,59,75,Red,Maize,11,27,16,20-20
35,36,67,Loamy,Maize,16,0,4,DAP
39,51,37,Loamy,Cotton,35,44,1,DAP
31,86,35,Red,Ground Nuts,15,1,35,MOP
37,79,35,Black,Maize,38,48,49,28-28
32,74,55,Black,Cotton,22,46,39,20-20
24,39,42,Red,Rice,7,39,45,Urea
23,85,41,Black,Cotton,8,1,44,Urea
33,37,58,Black,Maize,13,26,38,20-20
27,56,52,Loamy,Sugarcane,8,7,8,Urea
28,39,43,Black,Ground Nuts,46,26,35,28-28
38,43,74,Sandy,Maize,25,36,4,DAP
22,75,39,Loamy,Sugarcane,35,16,14,20-20
24,88,52,Sandy,Rice,2,3,8,Urea
37,81,50,Red,Ground Nuts,9,43,24,Urea
20,83,59,Black,Wheat,24,49,49,20-20
27,40,77,Sandy,Ground Nuts,3,37,27,Urea
38,35,74,Black,Rice,29,30,26,20-20
36,50,27,Sandy,Rice,49,4,45,MOP
36,62,29,Loamy,Rice,10,24,46,20-20
30,48,20,Red,Cotton,18,27,32,20-20
21,68,40,Sandy,Rice,49,18,32,28-28
25,53,44,Loamy,Wheat,12,36,37,20-20
33,47,51,Red,Maize,35,41,7,DAP
22,64,72,Sandy,Sugarcane,2,22,3,Urea
31,81,65,Sandy,Ground Nuts,47,35,47,28-28
23,72,65,Loamy,Ground Nuts,13,44,42,20-20
31,66,29,Red,Rice,9,12,35,Urea
32,48,79,Red,Sugarcane,37,16,42,28-28
21,82,70,Loamy,Rice,39,49,30,28-28
21,53,76,Black,Cotton,26,29,9,DAP
34,85,67,Loamy,Sugarcane,23,22,48,20-20
36,63,28,Red,Rice,15,48,40,20-20
26,51,39,Loamy,Rice,9,2,41,Urea
33,33,67,Black,Wheat,26,12,7,DAP
31,86,39,Loamy,Wheat,6,31,29,Urea
36,39,78,Loamy,Wheat,27,44,13,20-20
33,31,59,Sandy,Cotton,25,34,44,20-20
25,37,26,Black,Sugarcane,17,1,34,MOP
38,62,30,Red,Cotton,12,46,45,20-20
25,88,40,Black,Maize,7,2,45,Urea
37,67,57,Red,Rice,26,47,2,DAP
24,72,66,Red,Rice,13,28,28,20-20
25,88,38,Sandy,Rice,40,9,15,MOP
21,57,65,Black,Wheat,43,19,9,DAP
27,39,34,Sandy,Rice,5,33,3,Urea
34,74,25,Loamy,Wheat,19,14,49,20-20
34,30,75,Black,Maize,27,39,3,DAP
30,63,29,Loamy,Cotton,22,44,1,DAP
20,32,65,Black,Cotton,11,0,10,MOP
37,38,35,Red,Cotton,23,25,14,20-20
31,34,64,Loamy,Wheat,43,31,10,20-20
31,71,30,Black,Ground Nuts,21,1,22,MOP
30,39,76,Black,Ground Nuts,25,31,37,20-20
27,41,54,Loamy,Sugarcane,21,40,49,20-20
26,47,27,Sandy,Ground Nuts,6,28,29,Urea
21,87,47,Black,Sugarcane,14,19,49,20-20
30,50,22,Sandy,Maize,47,22,0,DAP
29,50,21,Sandy,Sugarcane,29,11,44,20-20
22,30,72,Sandy,Maize,3,43,32,Urea
39,32,33,Sandy,Rice,5,9,44,Urea
29,34,71,Sandy,Cotton,47,18,36,28-28
37,54,48,Red,Ground Nuts,46,9,22,MOP
33,87,72,Sandy,Wheat,1,18,48,Urea
37,78,73,Red,Maize,30,25,47,20-20
27,37,66,Black,Ground Nuts,23,23,17,20-20
29,46,22,Red,Wheat,34,8,9,DAP
32,38,20,Red,Wheat,46,28,16,20-20
27,61,34,Sandy,Cotton,30,28,6,DAP
23,35,39,Black,Rice,24,36,14,20-20
23,78,41,Black,Rice,7,27,26,Urea
24,69,53,Black,Sugarcane,11,2,8,DAP
20,50,69,Loamy,Ground Nuts,1,22,20,Urea
36,36,52,Red,Rice,14,3,36,MOP
21,36,28,Sandy,Cotton,39,13,28,28-28
27,76,22,Loamy,Ground Nuts,31,37,41,20-20
26,68,21,Sandy,Wheat,10,12,44,20-20
34,83,23,Loamy,Maize,16,27,32,20-20
24,56,35,Black,Maize,20,38,5,DAP
21,37,73,Loamy,Rice,21,43,24,20-20
26,38,52,Black,Sugarcane,32,19,34,20-20
27,57,28,Loamy,Maize,28,27,16,20-20
26,44,76,Sandy,Sugarcane,14,31,43,20-20
26,31,59,Sandy,Maize,20,13,26,20-20
33,36,57,Loamy,Sugarcane,1,12,42,Urea
37,76,71,Red,Sugarcane,41,10,39,28-28
25,47,37,Red,Wheat,37,37,24,28-28
23,51,35,Loamy,Cotton,2,38,11,Urea
29,79,27,Red,Maize,24,41,42,20-20
37,39,42,Sandy,Ground Nuts,12,14,36,20-20
31,83,79,Red,Rice,23,8,39,MOP
35,79,55,Loamy,Cotton,30,2,43,MOP
26,62,22,Red,Wheat,14,4,37,MOP
25,36,34,Loamy,Wheat,5,27,40,Urea
24,32,57,Sandy,Wheat,40,41,24,28-28
22,43,52,Black,Rice,9,14,48,Urea
31,73,37,Sandy,Maize,8,2,1,Urea
34,75,42,Sandy,Maize,49,49,0,DAP
29,65,62,Loamy,Sugarcane,40,34,49,28-28
39,42,22,Sandy,Sugarcane,49,6,2,DAP
38,45,49,Sandy,Ground Nuts,40,29,28,28-28
35,45,64,Red,Sugarcane,4,23,13,Urea
30,83,36,Loamy,Rice,44,30,44,28-28
27,34,69,Red,Cotton,43,13,33,28-28
22,81,77,Loamy,Maize,40,15,21,28-28
26,54,77,Red,Sugarcane,18,3,35,MOP
26,67,51,Red,Rice,19,2,14,MOP
33,67,65,Black,Rice,32,34,36,20-20
21,79,76,Sandy,Ground Nuts,42,8,9,DAP
29,67,26,Red,Sugarcane,36,3,8,DAP
38,68,58,Black,Ground Nuts,30,18,49,20-20
28,85,33,Red,Wheat,38,23,34,28-28
35,85,77,Red,Wheat,12,10,45,20-20
38,77,75,Black,Wheat,37,14,41,28-28
37,70,34,Black,Sugarcane,44,35,16,20-20
28,55,63,Black,Rice,5,30,46,Urea
35,88,31,Sandy,Rice,46,7,17,MOP
32,42,27,Sandy,Maize,7,1,48,Urea
29,73,35,Red,Wheat,42,49,24,28-28
39,80,60,Sandy,Sugarcane,9,2,34,Urea
33,55,53,Black,Maize,40,2,15,MOP
31,84,65,Loamy,Rice,3,20,44,Urea
38,84,43,Sandy,Maize,13,11,48,20-20
26,30,75,Black,Wheat,3,13,24,Urea
34,37,48,Black,Cotton,23,22,15,20-20
35,33,35,Black,Wheat,46,12,40,28-28
27,50,24,Black,Wheat,20,15,23,20-20
29,51,24,Red,Sugarcane,9,16,11,Urea
23,80,71,Black,Cotton,45,17,34,28-28
38,82,49,Black,Ground Nuts,24,12,8,DAP
38,87,72,Red,Cotton,5,25,47,Urea
34,66,69,Sandy,Cotton,15,44,36,20-20
33,78,69,Loamy,Rice,43,39,31,28-28
20,32,24,Red,Maize,27,38,18,20-20
35,48,62,Red,Rice,35,30,21,20-20
29,30,32,Sandy,Ground Nuts,32,39,44,20-20
38,58,54,Sandy,Cotton,29,16,33,20-20
22,52,68,Black,Sugarcane,35,31,18,20-20
24,62,44,Sandy,Ground Nuts,24,0,49,MOP
28,84,69,Loamy,Wheat,12,34,11,20-20
37,81,33,Red,Wheat,38,35,17,20-20
30,70,63,Loamy,Rice,14,18,4,DAP
35,52,65,Black,Ground Nuts,37,27,25,28-28
21,34,45,Loamy,Rice,29,1,26,MOP
31,36,37,Black,Sugarcane,13,28,19,20-20
25,86,39,Loamy,Wheat,49,42,7,DAP
30,87,53,Red,Rice,3,28,15,Urea
27,35,26,Loamy,Maize,0,42,1,Urea
31,78,66,Sandy,Rice,2,18,44,Urea
21,51,79,Loamy,Rice,44,27,0,DAP
28,78,29,Red,Cotton,49,33,4,DAP
34,42,34,Black,Maize,35,30,30,20-20
21,41,36,Loamy,Maize,3,36,22,Urea
20,33,30,Loamy,Sugarcane,42,18,20,20-20
29,37,53,Sandy,Cotton,13,31,11,20-20
21,66,46,Black,Maize,24,28,3,DAP
31,60,40,Black,Cotton,38,8,36,MOP
27,66,50,Black,Cotton,2,6,10,Urea
24,74,69,Red,Wheat,6,11,41,Urea
20,55,76,Red,Maize,7,30,39,Urea
34,72,23,Sandy,Wheat,43,17,8,DAP
25,37,60,Loamy,Rice,6,27,25,Urea
31,69,78,Red,Rice,47,49,38,28-28
27,62,79,Black,Wheat,24,20,26,20-20
32,74,68,Loamy,Rice,16,8,28,MOP
38,58,36,Loamy,Wheat,25,33,45,20-20
20,34,68,Loamy,Sugarcane,3,33,42,Urea
30,57,67,Sandy,Cotton,48,46,49,28-28
39,82,39,Red,Sugarcane,17,23,24,20-20
20,69,44,Red,Maize,3,15,17,Urea
27,46,59,Loamy,Sugarcane,16,27,29,20-20
24,84,42,Sandy,Sugarcane,46,45,7,DAP
36,52,34,Sandy,Rice,16,46,1,DAP
27,74,52,Red,Ground Nuts,44,34,21,28-28
29,38,38,Red,Ground Nuts,24,5,20,MOP
21,31,76,Sandy,Wheat,2,37,38,Urea
28,61,34,Black,Maize,11,40,25,20-20
22,80,60,Sandy,Ground Nuts,26,10,28,20-20
37,81,24,Black,Rice,16,3,4,DAP
26,78,35,Red,Maize,21,13,45,20-20
34,60,79,Sandy,Cotton,38,12,13,20-20
39,36,64,Sandy,Wheat,38,14,34,28-28
37,59,67,Sandy,Rice,42,48,5,DAP
22,87,51,Sandy,Sugarcane,47,7,22,MOP
33,32,41,Loamy,Cotton,35,42,16,20-20
21,80,62,Loamy,Sugarcane,15,23,23,20-20
33,80,51,Red,Ground Nuts,36,10,39,28-28
30,85,32,Red,Maize,28,47,28,20-20
35,38,57,Sandy,Cotton,13,34,29,20-20
27,39,45,Loamy,Rice,6,24,23,Urea
26,75,71,Red,Sugarcane,40,22,34,28-28
30,79,36,Black,Ground Nuts,27,46,46,20-20
22,87,24,Loamy,Sugarcane,12,44,36,20-20
36,76,68,Loamy,Maize,15,6,1,DAP
33,55,52,Loamy,Maize,20,4,20,MOP
25,30,46,Sandy,Ground Nuts,3,31,39,Urea
27,59,24,Black,Wheat,38,27,40,28-28
24,86,56,Sandy,Ground Nuts,34,43,4,DAP
27,67,26,Red,Wheat,14,2,34,MOP
21,44,67,Black,Ground Nuts,25,29,43,20-20
34,54,37,Sandy,Ground Nuts,45,43,34,28-28
31,35,50,Loamy,Maize,6,4,18,Urea
36,47,25,Black,Wheat,17,32,15,20-20
20,30,21,Loamy,Ground Nuts,24,19,24,20-20
34,85,32,Red,Sugarcane,36,29,15,20-20
33,32,61,Black,Maize,20,43,30,20-20
39,46,72,Red,Cotton,7,21,32,Urea
35,77,71,Red,Maize,19,21,16,20-20
28,37,30,Red,Ground Nuts,17,37,20,20-20
20,89,45,Black,Rice,18,28,34,20-20
36,78,40,Red,Rice,2,20,48,Urea
32,69,21,Sandy,Maize,37,17,22,28-28
24,46,59,Sandy,Cotton,17,47,48,20-20
29,54,75,Red,Maize,26,10,15,20-20
25,70,73,Loamy,Cotton,14,9,37,MOP
38,41,70,Red,Ground Nuts,45,34,49,28-28
32,58,39,Red,Sugarcane,20,25,13,20-20
20,54,36,Loamy,Sugarcane,21,49,39,20-20
39,80,35,Black,Cotton,7,43,40,Urea
34,65,76,Black,Wheat,10,45,49,20-20
33,82,61,Red,Sugarcane,42,3,32,MOP
27,83,24,Sandy,Rice,11,9,20,MOP
29,54,33,Sandy,Maize,47,38,16,20-20
28,58,43,Sandy,Ground Nuts,38,15,3,DAP
36,40,70,Red,Wheat,26,40,15,20-20
28,89,23,Sandy,Rice,34,29,29,20-20
22,33,71,Sandy,Maize,1,2,43,Urea
30,43,67,Black,Rice,34,33,44,20-20
31,75,43,Red,Wheat,30,24,33,20-20
29,67,66,Black,Cotton,7,37,21,Urea
36,46,79,Loamy,Maize,19,41,43,20-20
36,31,28,Black,Rice,7,35,41,Urea
30,37,22,Red,Ground Nuts,3,3,28,Urea
23,65,74,Sandy,Ground Nuts,30,41,46,20-20
26,39,28,Red,Rice,31,9,4,DAP
33,36,37,Black,Wheat,12,12,0,DAP
26,65,55,Red,Wheat,21,5,39,MOP
27,45,38,Red,Ground Nuts,25,6,24,MOP
20,43,43,Black,Ground Nuts,16,27,49,20-20
23,45,23,Black,Wheat,28,36,5,DAP
31,54,28,Loamy,Cotton,26,14,22,20-20
22,70,52,Loamy,Sugarcane,21,29,32,20-20
32,33,20,Black,Rice,17,39,13,20-20
39,58,71,Red,Cotton,4,9,41,Urea
25,85,70,Black,Rice,11,11,35,20-20
30,35,54,Sandy,Ground Nuts,1,16,17,Urea
23,30,29,Loamy,Cotton,41,47,39,28-28
39,68,31,Sandy,Ground Nuts,6,29,43,Urea
35,30,37,Red,Ground Nuts,46,0,9,DAP
26,80,33,Sandy,Ground Nuts,25,35,44,20-20
30,69,29,Black,Maize,38,39,38,28-28
20,86,29,Black,Sugarcane,14,23,48,20-20
26,32,37,Black,Ground Nuts,47,37,11,20-20
31,30,43,Sandy,Rice,32,20,37,20-20
26,30,20,Sandy,Wheat,46,41,22,28-28
26,68,49,Sandy,Sugarcane,2,31,6,Urea
29,50,34,Black,Rice,41,17,44,28-28
35,74,27,Black,Maize,47,12,45,28-28
27,59,77,Black,Ground Nuts,1,36,24,Urea
28,61,54,Sandy,Rice,16,43,12,20-20
28,62,37,Sandy,Rice,0,20,37,Urea
21,77,60,Red,Rice,35,17,18,20-20
32,51,35,Loamy,Sugarcane,42,39,44,28-28
32,59,40,Black,Ground Nuts,16,45,21,20-20
23,83,34,Sandy,Rice,1,46,40,Urea
31,75,24,Loamy,Wheat,32,25,10,20-20
36,33,64,Sandy,Ground Nuts,28,4,41,MOP
21,52,73,Sandy,Cotton,5,4,2,Urea
32,84,71,Black,Wheat,42,30,18,20-20
37,73,26,Loamy,Maize,35,27,26,20-20
34,54,67,Sandy,Sugarcane,23,48,6,DAP
27,41,26,Loamy,Cotton,10,12,36,20-20
34,46,46,Loamy,Sugarcane,4,48,26,Urea
20,82,44,Black,Sugarcane,29,10,46,20-20
39,44,41,Loamy,Rice,9,0,33,Urea
29,39,67,Red,Wheat,36,23,10,20-20
31,64,32,Red,Cotton,26,12,37,20-20
24,84,36,Black,Rice,26,17,4,DAP
28,81,60,Black,Cotton,23,23,6,DAP
27,81,63,Red,Ground Nuts,2,28,35,Urea
35,58,32,Black,Ground Nuts,37,27,4,DAP
33,41,45,Loamy,Wheat,25,37,4,DAP
32,30,28,Sandy,Rice,44,44,26,28-28
32,30,24,Black,Cotton,47,21,28,28-28
24,39,58,Red,Ground Nuts,38,19,26,28-28
35,47,52,Sandy,Rice,17,10,31,20-20
30,76,23,Loamy,Sugarcane,2,19,24,Urea
24,31,47,Sandy,Ground Nuts,37,40,41,28-28
32,78,45,Red,Maize,41,12,49,28-28
30,37,23,Sandy,Cotton,47,46,33,28-28
38,51,35,Red,Ground Nuts,24,23,14,20-20
22,51,56,Black,Wheat,12,42,40,20-20
34,55,41,Black,Cotton,24,23,33,20-20
26,55,55,Red,Maize,23,47,34,20-20
26,38,57,Black,Cotton,40,16,19,20-20
25,50,77,Loamy,Cotton,15,4,23,MOP
22,60,74,Sandy,Ground Nuts,42,29,33,28-28
32,81,54,Red,Cotton,40,13,33,28-28
26,72,44,Red,Wheat,41,14,45,28-28
24,35,27,Red,Maize,10,8,26,MOP
37,85,36,Loamy,Ground Nuts,20,13,49,20-20
27,43,37,Loamy,Maize,30,9,20,MOP
36,62,69,Loamy,Wheat,14,21,32,20-20
39,36,77,Red,Cotton,44,30,38,28-28
20,53,76,Loamy,Cotton,48,12,39,28-28
33,38,31,Black,Ground Nuts,35,16,43,20-20
36,40,76,Sandy,Maize,42,0,35,MOP
29,85,76,Black,Cotton,0,13,24,Urea
31,52,52,Black,Sugarcane,27,43,6,DAP
35,77,42,Loamy,Cotton,32,38,49,20-20
33,80,31,Red,Cotton,2,34,49,Urea
35,31,30,Black,Rice,14,0,9,DAP
27,44,32,Sandy,Maize,32,26,9,DAP
29,64,54,Loamy,Maize,31,44,37,20-20
36,65,46,Black,Sugarcane,22,21,23,20-20
37,81,44,Loamy,Sugarcane,25,33,43,20-20
39,83,59,Sandy,Sugarcane,47,8,9,DAP
35,57,22,Loamy,Maize,16,49,44,20-20
36,68,68,Red,Rice,8,35,25,Urea
35,73,44,Black,Rice,4,47,29,Urea
38,33,64,Black,Wheat,28,31,26,20-20
27,39,29,Red,Maize,5,37,43,Urea
25,35,36,Sandy,Wheat,46,19,18,20-20
25,86,22,Sandy,Cotton,40,26,0,DAP
28,59,64,Loamy,Sugarcane,34,2,32,MOP
23,83,41,Black,Wheat,20,10,10,20-20
31,75,57,Sandy,Ground Nuts,44,23,49,28-28
31,64,33,Red,Wheat,44,28,33,28-28
36,78,46,Red,Maize,22,4,37,MOP
34,72,61,Red,Sugarcane,34,32,15,20-20
28,39,39,Sandy,Sugarcane,45,7,0,DAP
26,87,67,Red,Rice,1,18,40,Urea
29,82,37,Black,Wheat,41,3,27,MOP
35,61,32,Sandy,Rice,8,40,14,Urea
31,71,61,Sandy,Wheat,12,34,15,20-20
26,71,25,Black,Maize,42,29,45,28-28
37,32,29,Red,Maize,33,4,31,MOP
34,85,56,Sandy,Cotton,15,47,38,20-20
25,55,48,Black,Wheat,4,39,0,Urea
31,44,25,Black,Wheat,0,37,47,Urea
30,46,58,Loamy,Sugarcane,39,2,8,DAP
39,56,30,Red,Sugarcane,21,15,28,20-20
22,47,67,Red,Rice,47,7,24,MOP
21,80,44,Black,Cotton,45,44,10,20-20
25,48,63,Sandy,Maize,25,4,41,MOP
24,41,63,Loamy,Wheat,33,37,10,20-20
37,53,49,Loamy,Rice,49,34,5,DAP
35,34,74,Sandy,Cotton,20,7,33,MOP
27,53,39,Loamy,Sugarcane,6,35,49,Urea
39,56,77,Sandy,Cotton,24,24,43,20-20
30,77,56,Loamy,Rice,11,48,13,20-20
29,59,35,Sandy,Maize,30,7,7,DAP
31,44,50,Black,Sugarcane,46,20,24,28-28
25,76,48,Black,Ground Nuts,26,45,3,DAP
39,88,25,Loamy,Sugarcane,21,8,49,MOP
24,67,48,Loamy,Maize,33,31,30,20-20
28,73,51,Black,Sugarcane,16,43,20,20-20
35,63,28,Red,Rice,10,12,44,20-20
33,56,56,Sandy,Sugarcane,28,22,31,20-20
27,49,72,Red,Wheat,33,7,13,MOP
39,70,42,Loamy,Cotton,36,34,27,28-28
38,61,35,Black,Rice,48,27,24,28-28
33,33,37,Loamy,Maize,47,14,27,28-28
26,34,38,Red,Rice,25,28,14,20-20
24,82,63,Black,Wheat,44,3,45,MOP
37,87,21,Black,Sugarcane,44,33,43,28-28
21,37,77,Black,Sugarcane,44,36,21,28-28
30,51,29,Sandy,Ground Nuts,31,23,46,20-20
27,71,31,Loamy,Rice,36,20,5,DAP
20,36,65,Red,Sugarcane,4,1,1,Urea
31,51,37,Sandy,Sugarcane,19,6,5,DAP
21,75,38,Red,Wheat,6,10,22,Urea
37,59,57,Sandy,Maize,42,11,25,28-28
26,66,56,Black,Ground Nuts,22,3,10,MOP
36,45,46,Sandy,Ground Nuts,0,34,0,Urea
33,44,67,Loamy,Ground Nuts,38,39,27,28-28
26,34,33,Loamy,Cotton,2,25,21,Urea
22,32,64,Red,Rice,44,17,40,28-28
25,52,72,Black,Maize,2,36,12,Urea
39,39,53,Black,Cotton,5,15,40,Urea
21,34,21,Red,Maize,30,11,46,20-20
36,52,63,Loamy,Rice,26,40,49,20-20
31,44,52,Loamy,Ground Nuts,28,39,35,20-20
31,47,38,Red,Wheat,14,36,21,20-20
36,54,79,Black,Wheat,35,18,3,DAP
29,37,79,Red,Wheat,4,14,43,Urea
22,60,46,Red,Maize,2,21,40,Urea
39,50,67,Sandy,Rice,24,19,17,20-20
37,31,49,Red,Sugarcane,31,42,37,20-20
32,51,26,Loamy,Sugarcane,20,12,16,20-20
31,37,46,Red,Wheat,47,22,24,28-28
36,52,40,Black,Maize,16,30,16,20-20
23,61,26,Black,Sugarcane,8,25,28,Urea
29,37,67,Loamy,Maize,25,44,44,20-20
30,33,44,Black,Rice,21,31,43,20-20
25,59,57,Red,Wheat,40,20,45,28-28
25,48,37,Loamy,Cotton,45,16,7,DAP
28,52,52,Black,Wheat,22,28,28,20-20
34,47,52,Red,Cotton,10,28,14,20-20
21,82,51,Black,Sugarcane,9,47,40,Urea
23,58,77,Sandy,Ground Nuts,22,21,32,20-20
24,52,44,Black,Cotton,4,48,48,Urea
36,62,33,Loamy,Ground Nuts,25,18,9,DAP
27,81,57,Red,Maize,3,13,36,Urea
27,76,57,Red,Ground Nuts,42,38,10,20-20
31,47,23,Loamy,Cotton,26,22,34,20-20
27,83,63,Sandy,Sugarcane,37,40,33,28-28
38,73,37,Red,Sugarcane,33,1,31,MOP
22,62,29,Loamy,Wheat,2,31,21,Urea
37,36,54,Black,Sugarcane,49,37,3,DAP
38,80,54,Sandy,Maize,31,32,1,DAP
38,57,59,Loamy,Cotton,25,6,32,MOP
34,30,73,Black,Rice,17,47,8,DAP
25,85,42,Red,Sugarcane,6,33,34,Urea
35,68,44,Red,Ground Nuts,44,3,37,MOP
27,63,20,Sandy,Cotton,12,22,30,20-20
35,68,37,Black,Wheat,5,19,13,Urea
37,48,34,Loamy,Rice,34,21,30,20-20
39,60,44,Red,Wheat,30,45,32,20-20
35,42,51,Loamy,Maize,41,28,43,28-28
30,86,72,Loamy,Wheat,36,42,15,20-20
26,53,39,Loamy,Cotton,42,40,19,20-20
36,34,36,Sandy,Rice,3,36,49,Urea
36,52,76,Loamy,Wheat,41,2,13,MOP
31,48,30,Sandy,Wheat,3,21,34,Urea
32,30,32,Sandy,Ground Nuts,44,19,45,28-28
29,62,44,Black,Ground Nuts,7,24,48,Urea
26,88,39,Red,Maize,37,33,44,28-28
33,79,44,Loamy,Cotton,10,41,32,20-20
20,85,61,Black,Wheat,1,28,28,Urea
36,62,64,Black,Cotton,17,9,7,DAP
23,61,68,Black,Sugarcane,17,38,33,20-20
24,88,50,Black,Maize,21,46,46,20-20
39,57,72,Black,Ground Nuts,11,36,13,20-20
26,66,20,Loamy,Maize,16,39,13,20-20
29,70,71,Black,Maize,16,49,49,20-20
36,41,35,Red,Cotton,35,19,14,20-20
26,38,67,Sandy,Ground Nuts,28,37,41,20-20
20,79,47,Sandy,Ground Nuts,48,22,49,28-28
26,84,40,Red,Wheat,15,10,19,20-20
30,40,49,Loamy,Wheat,40,7,27,MOP
28,62,78,Sandy,Cotton,10,28,3,DAP
31,48,22,Red,Cotton,43,35,6,DAP
22,83,53,Red,Sugarcane,42,24,1,DAP
23,86,25,Black,Rice,44,38,8,DAP
23,71,62,Sandy,Rice,21,33,22,20-20
32,63,48,Black,Maize,29,46,35,20-20
38,36,22,Loamy,Wheat,7,31,11,Urea
29,60,77,Sandy,Ground Nuts,45,40,22,28-28
24,81,52,Sandy,Maize,17,22,30,20-20
26,31,30,Red,Ground Nuts,45,20,41,28-28
35,48,64,Sandy,Wheat,15,18,10,20-20
20,67,24,Loamy,Wheat,46,24,0,DAP
31,61,69,Loamy,Sugarcane,19,22,12,20-20
21,39,51,Sandy,Cotton,38,18,38,28-28
26,70,66,Red,Cotton,7,4,28,Urea
30,37,37,Loamy,Cotton,29,18,5,DAP
32,55,66,Black,Rice,37,34,30,28-28
21,59,39,Loamy,Cotton,28,11,8,DAP
26,40,71,Sandy,Rice,12,38,17,20-20
34,70,71,Black,Ground Nuts,16,24,2,DAP
30,49,58,Sandy,Maize,39,4,31,MOP
21,89,68,Sandy,Rice,42,11,44,28-28
26,49,59,Sandy,Wheat,16,26,2,DAP
23,38,47,Red,Sugarcane,8,3,44,Urea
30,37,32,Red,Sugarcane,1,18,29,Urea
21,89,45,Loamy,Wheat,41,44,5,DAP
35,44,35,Sandy,Ground Nuts,23,46,49,20-20
26,63,44,Black,Maize,20,23,26,20-20
32,53,29,Black,Sugarcane,45,41,1,DAP
24,62,48,Black,Wheat,1,27,19,Urea
36,70,65,Red,Sugarcane,4,32,16,Urea
31,70,57,Red,Rice,16,34,32,20-20
38,74,39,Sandy,Ground Nuts,23,49,16,20-20
26,69,73,Black,Sugarcane,7,15,36,Urea
25,56,45,Black,Ground Nuts,29,11,28,20-20
27,50,51,Red,Ground Nuts,49,15,8,DAP
32,34,58,Red,Rice,21,10,3,DAP
24,64,57,Black,Ground Nuts,23,42,45,20-20
21,50,78,Black,Rice,25,27,39,20-20
28,33,68,Loamy,Sugarcane,7,22,12,Urea
30,78,72,Red,Sugarcane,11,45,5,DAP
25,77,43,Sandy,Ground Nuts,13,16,45,20-20
26,45,50,Sandy,Rice,29,18,8,DAP
26,86,59,Black,Sugarcane,34,10,25,20-20
38,60,31,Red,Ground Nuts,30,3,48,MOP
25,55,77,Sandy,Maize,27,9,38,MOP
30,81,76,Red,Cotton,45,18,40,28-28
30,64,55,Black,Cotton,26,35,46,20-20
26,35,29,Black,Wheat,35,42,41,20-20
21,62,25,Black,Ground Nuts,0,38,13,Urea
38,50,26,Red,Cotton,40,40,47,28-28
23,45,72,Sandy,Maize,13,21,33,20-20
25,76,50,Loamy,Ground Nuts,9,1,3,Urea
36,68,46,Sandy,Cotton,49,32,20,20-20
24,63,27,Red,Cotton,41,39,30,28-28
26,71,22,Sandy,Maize,6,26,46,Urea
28,86,59,Loamy,Rice,39,18,42,28-28
20,89,66,Sandy,Cotton,13,47,20,20-20
20,44,40,Loamy,Wheat,35,45,42,20-20
38,35,20,Red,Cotton,26,3,28,MOP
25,31,64,Black,Cotton,10,18,23,20-20
37,53,73,Loamy,Maize,41,24,44,28-28
29,85,69,Red,Maize,48,5,15,MOP
30,78,34,Black,Ground Nuts,36,46,8,DAP
20,57,26,Loamy,Wheat,41,12,20,20-20
20,30,34,Black,Sugarcane,9,21,1,Urea
32,30,44,Sandy,Maize,6,3,1,Urea
24,57,22,Red,Sugarcane,16,1,36,MOP
39,65,49,Red,Wheat,11,2,36,MOP
20,49,77,Red,Cotton,36,45,4,DAP
39,77,33,Red,Ground Nuts,36,29,45,28-28
22,37,71,Loamy,Cotton,35,3,5,DAP
37,30,23,Sandy,Ground Nuts,6,47,47,Urea
28,55,55,Black,Sugarcane,23,42,47,20-20
33,80,22,Red,Wheat,33,28,7,DAP
36,72,24,Red,Wheat,0,44,31,Urea
33,78,44,Loamy,Maize,28,32,36,20-20
23,54,50,Loamy,Sugarcane,25,12,12,20-20
24,39,30,Loamy,Ground Nuts,9,46,2,Urea
36,41,27,Sandy,Maize,0,38,8,Urea
21,70,45,Black,Sugarcane,44,31,3,DAP
24,36,21,Sandy,Maize,16,27,27,20-20
23,41,47,Red,Maize,40,36,39,28-28
23,76,67,Loamy,Wheat,35,27,15,20-20
25,69,76,Red,Wheat,8,26,10,Urea
39,46,79,Black,Cotton,38,24,18,20-20
32,34,29,Black,Cotton,22,29,41,20-20
24,43,69,Sandy,Wheat,28,5,21,MOP
26,63,58,Sandy,Wheat,1,29,38,Urea
39,77,56,Loamy,Maize,17,8,11,MOP
20,46,58,Loamy,Cotton,27,5,29,MOP
33,64,40,Red,Wheat,46,28,39,28-28
23,84,47,Loamy,Sugarcane,41,22,41,28-28
36,30,57,Loamy,Sugarcane,48,5,4,DAP
33,88,75,Red,Cotton,6,21,36,Urea
35,79,52,Black,Sugarcane,10,1,44,MOP
33,79,30,Loamy,Ground Nuts,6,30,31,Urea
35,65,64,Loamy,Maize,42,5,33,MOP
39,44,63,Red,Cotton,23,41,11,20-20
27,89,20,Red,Ground Nuts,14,4,42,MOP
22,48,72,Red,Wheat,30,19,1,DAP
38,80,66,Red,Ground Nuts,18,11,46,20-20
20,71,52,Red,Sugarcane,9,37,6,Urea
21,34,22,Loamy,Maize,47,37,31,28-28
34,48,45,Sandy,Wheat,7,7,39,Urea
29,72,34,Sandy,Rice,0,48,34,Urea
37,68,60,Sandy,Maize,1,49,48,Urea
33,34,33,Loamy,Sugarcane,28,42,5,DAP
36,81,42,Black,Maize,41,32,21,28-28
32,41,79,Loamy,Rice,9,38,24,Urea
20,48,73,Sandy,Rice,41,39,46,28-28
24,76,75,Sandy,Maize,8,30,12,Urea
32,41,27,Red,Wheat,49,2,22,MOP
33,65,73,Red,Ground Nuts,30,18,44,20-20
22,41,55,Red,Wheat,31,47,43,20-20
34,47,39,Loamy,Rice,1,7,45,Urea
38,78,71,Black,Cotton,23,29,8,DAP
36,80,25,Black,Cotton,36,30,41,28-28
22,77,52,Red,Wheat,42,28,36,28-28
35,72,47,Black,Cotton,5,5,36,Urea
33,63,69,Sandy,Wheat,7,1,29,Urea
31,77,57,Sandy,Sugarcane,39,22,19,20-20
31,62,49,Red,Wheat,24,43,37,20-20
30,78,65,Red,Sugarcane,41,29,43,28-28
36,47,62,Red,Ground Nuts,42,37,48,28-28
27,86,36,Black,Rice,24,45,15,20-20
36,58,28,Loamy,Cotton,45,38,49,28-28
39,74,47,Red,Ground Nuts,10,8,21,MOP
30,34,73,Black,Ground Nuts,34,6,37,MOP
21,54,26,Red,Rice,0,46,9,Urea
29,53,65,Loamy,Maize,22,43,19,20-20
29,58,47,Red,Maize,2,48,40,Urea
30,88,36,Sandy,Ground Nuts,40,14,1,DAP
25,67,59,Red,Ground Nuts,0,14,2,Urea
23,62,79,Sandy,Rice,43,20,41,28-28
31,39,67,Sandy,Wheat,11,13,7,DAP
30,66,63,Black,Wheat,37,10,8,DAP
32,89,63,Black,Cotton,39,10,27,28-28
24,62,79,Sandy,Rice,30,19,20,20-20
25,52,79,Sandy,Maize,28,12,32,20-20
20,87,24,Red,Rice,34,44,33,20-20
25,40,24,Red,Rice,27,29,3,DAP
37,53,33,Sandy,Cotton,20,39,47,20-20
28,53,25,Black,Wheat,10,38,24,20-20
34,36,26,Red,Ground Nuts,25,19,31,20-20
27,79,74,Red,Maize,10,44,11,20-20
38,50,72,Red,Cotton,4,42,1,Urea
35,49,36,Black,Maize,6,37,46,Urea
25,82,78,Sandy,Maize,30,7,49,MOP
25,39,28,Red,Wheat,38,36,47,28-28
22,54,50,Black,Ground Nuts,41,41,11,20-20
29,76,41,Black,Ground Nuts,7,32,49,Urea
20,65,64,Black,Wheat,26,25,45,20-20
33,77,28,Black,Cotton,20,43,25,20-20
23,76,78,Red,Sugarcane,29,38,20,20-20
31,44,35,Sandy,Cotton,13,7,43,MOP
25,73,55,Sandy,Cotton,0,17,36,Urea
30,69,53,Black,Sugarcane,44,38,35,28-28
31,69,64,Sandy,Maize,23,13,17,20-20
29,79,32,Red,Rice,5,17,23,Urea
37,35,38,Sandy,Sugarcane,5,20,29,Urea
26,66,31,Sandy,Rice,4,22,16,Urea
26,31,55,Loamy,Maize,34,3,15,MOP
30,41,29,Sandy,Sugarcane,43,9,41,MOP
23,87,35,Sandy,Wheat,14,42,16,20-20
39,33,47,Black,Cotton,34,10,43,20-20
20,52,75,Black,Sugarcane,47,19,11,20-20
32,42,38,Loamy,Sugarcane,49,18,26,28-28
37,46,59,Red,Maize,40,0,3,DAP
28,60,25,Loamy,Wheat,7,30,34,Urea
28,45,23,Sandy,Sugarcane,42,1,0,DAP
28,70,49,Sandy,Wheat,34,40,11,20-20
29,55,58,Red,Rice,4,48,28,Urea
21,57,50,Red,Sugarcane,30,4,7,DAP
25,30,65,Black,Wheat,41,33,7,DAP
34,76,46,Sandy,Cotton,30,3,11,MOP
22,41,64,Sandy,Maize,36,26,35,28-28
30,66,40,Sandy,Ground Nuts,7,38,47,Urea
25,84,56,Sandy,Wheat,5,48,33,Urea
22,85,28,Sandy,Maize,22,2,35,MOP
30,79,54,Sandy,Ground Nuts,15,25,3,DAP
34,49,61,Sandy,Sugarcane,43,40,10,20-20
32,31,66,Sandy,Sugarcane,48,0,2,DAP
39,65,71,Black,Rice,7,15,9,Urea
29,44,40,Loamy,Maize,3,34,11,Urea
25,67,36,Sandy,Cotton,31,18,48,20-20
34,51,74,Black,Cotton,48,15,8,DAP
37,73,43,Sandy,Wheat,2,32,20,Urea
37,79,50,Red,Cotton,49,30,33,28-28
26,61,25,Sandy,Ground Nuts,15,21,21,20-20
34,88,76,Loamy,Maize,33,43,17,20-20
37,49,54,Black,Sugarcane,12,19,43,20-20
37,65,69,Red,Maize,32,5,5,DAP
39,62,56,Red,Maize,21,34,24,20-20
28,44,32,Sandy,Sugarcane,30,38,49,20-20
21,79,44,Loamy,Ground Nuts,23,2,44,MOP
27,75,51,Loamy,Maize,2,31,14,Urea
39,32,78,Sandy,Cotton,32,12,0,DAP
21,58,20,Sandy,Wheat,29,47,39,20-20
30,76,68,Black,Wheat,25,13,17,20-20
26,56,77,Black,Maize,33,40,43,20-20
25,34,54,Sandy,Ground Nuts,21,7,30,MOP
29,88,77,Sandy,Sugarcane,29,46,19,20-20
24,85,38,Red,Rice,34,18,43,20-20
30,60,72,Loamy,Ground Nuts,24,44,24,20-20
20,51,71,Black,Maize,27,13,32,20-20
21,64,73,Sandy,Maize,32,10,9,DAP
20,83,31,Sandy,Rice,22,49,28,20-20
38,36,59,Black,Wheat,25,34,18,20-20
21,35,59,Red,Ground Nuts,8,35,27,Urea
39,55,66,Red,Wheat,7,2,26,Urea
23,83,62,Sandy,Rice,36,24,18,20-20
31,30,39,Loamy,Sugarcane,32,12,42,20-20
39,48,52,Loamy,Maize,14,15,30,20-20
37,36,48,Sandy,Cotton,48,27,34,28-28
20,65,35,Black,Wheat,46,44,13,20-20
20,41,33,Loamy,Wheat,7,26,49,Urea
33,49,26,Black,Ground Nuts,20,9,5,DAP
23,52,25,Black,Wheat,2,17,8,Urea
24,54,40,Black,Sugarcane,8,7,40,Urea
30,59,55,Red,Rice,13,6,26,MOP
32,88,41,Loamy,Sugarcane,37,48,16,20-20
35,58,59,Red,Wheat,26,21,35,20-20
32,60,73,Loamy,Ground Nuts,19,37,3,DAP
21,47,38,Sandy,Maize,3,46,23,Urea
35,70,44,Black,Wheat,23,8,15,MOP
25,48,22,Loamy,Maize,26,41,16,20-20
33,83,55,Loamy,Ground Nuts,11,39,2,DAP
20,33,64,Sandy,Maize,27,38,38,20-20
36,30,72,Red,Wheat,34,28,36,20-20
30,70,78,Loamy,Wheat,23,36,2,DAP
38,88,53,Loamy,Maize,30,49,43,20-20
22,44,30,Red,Sugarcane,2,47,40,Urea
30,83,67,Red,Sugarcane,29,46,34,20-20
24,37,61,Loamy,Ground Nuts,26,41,2,DAP
36,44,66,Red,Sugarcane,16,28,15,20-20
26,44,46,Sandy,Cotton,5,27,19,Urea
29,79,61,Sandy,Maize,46,20,44,28-28
30,68,21,Black,Cotton,42,32,5,DAP
22,51,25,Loamy,Cotton,17,25,32,20-20
39,47,65,Sandy,Maize,34,37,42,20-20
29,45,21,Sandy,Cotton,26,14,49,20-20
29,31,61,Sandy,Ground Nuts,16,1,26,MOP
33,65,36,Black,Ground Nuts,10,11,29,20-20
31,49,59,Red,Maize,37,32,34,28-28
34,45,77,Black,Rice,36,14,17,20-20
29,32,67,Black,Rice,41,44,29,28-28
29,85,33,Black,Maize,33,0,42,MOP
38,59,29,Black,Maize,46,32,25,28-28
20,84,64,Loamy,Maize,31,3,14,MOP
29,31,52,Loamy,Sugarcane,42,27,31,28-28
21,64,61,Sandy,Maize,45,13,34,28-28
36,55,73,Black,Ground Nuts,45,48,11,20-20
26,86,31,Black,Ground Nuts,34,44,20,20-20
26,34,51,Sandy,Wheat,27,11,11,20-20
39,31,68,Red,Rice,21,5,48,MOP
28,80,43,Loamy,Rice,15,19,0,DAP
21,85,33,Black,Maize,45,47,10,20-20
33,49,24,Red,Rice,41,20,24,28-28
36,63,70,Red,Maize,39,15,46,28-28
20,63,24,Black,Maize,11,11,8,DAP
28,83,66,Black,Rice,4,19,38,Urea
39,85,51,Red,Rice,25,44,42,20-20
38,84,64,Loamy,Wheat,25,32,26,20-20
23,49,68,Loamy,Cotton,12,49,28,20-20
27,79,52,Black,Wheat,23,1,49,MOP
32,54,79,Black,Wheat,43,33,26,28-28
23,49,65,Sandy,Rice,2,25,27,Urea
28,54,23,Sandy,Ground Nuts,31,32,38,20-20
28,82,76,Loamy,Wheat,22,41,17,20-20
37,43,49,Sandy,Ground Nuts,48,29,14,20-20
31,89,60,Red,Rice,36,0,15,MOP
29,76,36,Red,Sugarcane,37,45,46,28-28
30,73,22,Red,Maize,44,7,22,MOP
26,72,32,Red,Cotton,37,0,29,MOP
28,72,63,Black,Ground Nuts,12,45,35,20-20
25,68,67,Red,Sugarcane,14,9,34,MOP
38,41,55,Loamy,Ground Nuts,1,31,27,Urea
35,77,37,Sandy,Maize,10,39,45,20-20
34,34,42,Loamy,Maize,15,1,2,DAP
26,31,54,Black,Cotton,17,30,15,20-20
35,83,68,Sandy,Wheat,33,3,14,MOP
24,45,52,Sandy,Maize,9,11,18,Urea
35,84,70,Sandy,Cotton,12,30,9,DAP
20,59,73,Red,Ground Nuts,31,40,48,20-20
38,76,55,Black,Ground Nuts,7,22,3,Urea
24,72,36,Loamy,Ground Nuts,6,32,21,Urea
26,67,58,Red,Ground Nuts,47,7,17,MOP
38,74,53,Sandy,Ground Nuts,16,48,21,20-20
24,80,31,Loamy,Rice,40,15,41,28-28
36,71,24,Loamy,Maize,26,14,15,20-20
27,53,67,Loamy,Maize,7,40,2,Urea
20,80,59,Black,Wheat,28,39,43,20-20
21,59,74,Red,Wheat,36,25,34,28-28
34,66,46,Black,Rice,26,13,40,20-20
39,86,79,Sandy,Maize,36,11,38,28-28
37,88,59,Sandy,Wheat,23,26,15,20-20
30,82,32,Loamy,Cotton,44,46,20,20-20
29,68,45,Loamy,Ground Nuts,15,30,20,20-20
23,40,33,Loamy,Ground Nuts,25,3,0,DAP
24,43,51,Black,Maize,30,29,29,20-20
23,52,30,Red,Ground Nuts,26,3,46,MOP
32,82,57,Black,Ground Nuts,25,30,33,20-20
32,45,35,Sandy,Cotton,42,33,47,28-28
37,79,74,Loamy,Sugarcane,14,3,38,MOP
21,50,76,Loamy,Rice,48,19,45,28-28
35,84,41,Black,Wheat,14,17,22,20-20
20,84,76,Sandy,Sugarcane,22,46,33,20-20
38,33,66,Red,Wheat,24,7,29,MOP
28,62,35,Loamy,Sugarcane,43,41,49,28-28
22,83,32,Loamy,Ground Nuts,3,1,32,Urea
26,76,31,Sandy,Wheat,35,8,15,MOP
29,43,37,Loamy,Rice,15,15,40,20-20
20,48,48,Red,Maize,46,21,29,28-28
29,88,37,Black,Cotton,39,11,2,DAP
28,34,65,Sandy,Sugarcane,20,4,44,MOP
34,65,21,Loamy,Cotton,39,38,1,DAP
34,60,73,Loamy,Cotton,42,14,25,28-28
22,74,21,Red,Wheat,16,44,17,20-20
24,47,22,Black,Maize,2,7,1,Urea
28,73,48,Red,Wheat,6,23,39,Urea
28,60,75,Black,Cotton,11,18,2,DAP
26,84,27,Red,Ground Nuts,0,36,16,Urea
31,59,30,Black,Rice,42,17,23,28-28
28,50,31,Loamy,Maize,36,20,1,DAP
25,76,51,Loamy,Maize,5,48,5,Urea
21,59,23,Loamy,Ground Nuts,45,38,39,28-28
28,84,28,Sandy,Cotton,48,13,25,28-28
36,70,43,Black,Wheat,22,14,48,20-20
20,33,68,Sandy,Ground Nuts,24,48,5,DAP
38,34,75,Black,Rice,24,2,11,MOP
25,70,35,Loamy,Sugarcane,2,44,20,Urea
24,74,36,Sandy,Wheat,3,10,15,Urea
21,39,66,Sandy,Maize,29,2,5,DAP
28,56,71,Red,Ground Nuts,32,29,33,20-20
33,45,77,Black,Wheat,28,5,2,DAP
23,59,41,Red,Sugarcane,3,5,40,Urea
23,42,26,Sandy,Rice,13,30,18,20-20
34,65,29,Sandy,Ground Nuts,20,21,28,20-20
27,50,48,Loamy,Rice,6,20,31,Urea
23,74,55,Red,Sugarcane,20,37,9,DAP
35,82,43,Red,Sugarcane,6,37,26,Urea
23,69,75,Red,Cotton,0,5,28,Urea
35,74,65,Black,Maize,33,28,12,20-20
31,44,33,Sandy,Cotton,22,45,19,20-20
35,49,33,Red,Wheat,2,10,27,Urea
38,49,44,Loamy,Sugarcane,17,47,26,20-20
27,74,65,Sandy,Cotton,42,21,12,20-20
25,84,41,Loamy,Maize,11,38,24,20-20
29,88,71,Sandy,Maize,13,5,28,MOP
24,34,69,Loamy,Sugarcane,40,29,14,20-20
37,83,66,Red,Ground Nuts,27,42,44,20-20
29,83,42,Red,Cotton,41,24,44,28-28
29,89,51,Loamy,Rice,44,35,29,28-28
26,61,45,Black,Sugarcane,23,0,37,MOP
37,35,70,Loamy,Wheat,23,21,31,20-20
20,59,46,Sandy,Cotton,2,8,49,Urea
26,55,64,Loamy,Cotton,8,44,6,Urea
20,66,31,Loamy,Sugarcane,23,7,34,MOP
34,42,38,Sandy,Ground Nuts,1,33,32,Urea
23,58,38,Red,Cotton,39,15,11,20-20
39,34,71,Sandy,Cotton,27,18,22,20-20
29,54,53,Loamy,Wheat,6,7,4,Urea
28,42,51,Sandy,Ground Nuts,8,11,42,Urea
21,53,48,Loamy,Wheat,44,42,43,28-28
33,60,40,Red,Rice,38,40,30,28-28
35,49,54,Loamy,Wheat,38,30,15,20-20
20,84,61,Loamy,Rice,32,41,32,20-20
21,37,24,Red,Wheat,33,32,49,20-20
26,89,31,Sandy,Rice,20,18,0,DAP
29,38,26,Black,Ground Nuts,28,26,21,20-20
39,50,60,Black,Wheat,26,23,27,20-20
20,80,21,Loamy,Wheat,16,48,4,DAP
32,49,44,Loamy,Sugarcane,41,27,3,DAP
20,44,29,Red,Wheat,46,3,0,DAP
24,55,57,Sandy,Rice,47,11,14,20-20
35,83,63,Black,Sugarcane,22,22,36,20-20
34,71,25,Black,Rice,44,19,38,28-28
36,40,46,Red,Wheat,20,39,48,20-20
35,66,54,Red,Wheat,7,27,37,Urea
32,70,29,Black,Rice,8,47,44,Urea
30,40,28,Sandy,Ground Nuts,32,0,23,MOP
36,56,39,Sandy,Ground Nuts,3,40,22,Urea
36,59,56,Sandy,Ground Nuts,17,10,46,20-20
21,48,54,Loamy,Cotton,31,43,6,DAP
32,63,56,Sandy,Sugarcane,29,30,30,20-20
33,67,59,Loamy,Sugarcane,24,40,6,DAP
30,52,27,Loamy,Ground Nuts,32,37,12,20-20
29,82,65,Red,Wheat,34,8,3,DAP
22,30,75,Loamy,Sugarcane,41,5,17,MOP
36,32,73,Loamy,Rice,33,5,39,MOP
34,32,50,Red,Wheat,49,2,18,MOP
28,57,68,Sandy,Sugarcane,1,31,15,Urea
29,43,62,Sandy,Maize,12,34,17,20-20
27,81,77,Black,Sugarcane,40,15,15,20-20
32,59,35,Black,Ground Nuts,22,1,47,MOP
37,87,47,Loamy,Rice,22,35,30,20-20
24,83,25,Black,Sugarcane,30,40,24,20-20
25,34,51,Red,Cotton,1,6,1,Urea
36,78,47,Black,Ground Nuts,1,34,45,Urea
30,44,30,Black,Cotton,4,29,27,Urea
39,67,61,Loamy,Wheat,13,44,15,20-20
35,43,42,Red,Cotton,22,45,35,20-20
28,43,49,Black,Rice,34,28,44,20-20
21,86,28,Sandy,Maize,45,40,39,28-28
24,88,47,Red,Maize,0,0,34,Urea
20,78,43,Red,Wheat,40,43,23,28-28
23,37,78,Loamy,Wheat,47,0,34,MOP
23,37,47,Red,Cotton,48,40,29,28-28
22,48,43,Red,Rice,39,6,36,MOP
28,61,34,Red,Cotton,14,2,10,MOP
31,60,58,Red,Rice,29,35,44,20-20
29,58,69,Red,Rice,20,38,33,20-20
21,70,52,Red,Maize,7,30,37,Urea
30,40,66,Red,Rice,6,24,38,Urea
29,74,53,Sandy,Sugarcane,40,46,23,28-28
25,42,41,Red,Rice,33,23,28,20-20
37,56,48,Loamy,Maize,41,0,3,DAP
21,85,53,Sandy,Ground Nuts,36,37,40,28-28
21,48,61,Red,Cotton,47,30,49,28-28
29,55,71,Black,Rice,31,36,29,20-20
35,82,66,Loamy,Sugarcane,32,10,13,20-20
31,80,29,Sandy,Wheat,5,48,23,Urea
20,66,70,Loamy,Cotton,41,2,37,MOP
27,77,73,Sandy,Wheat,9,11,33,Urea
35,38,79,Black,Sugarcane,25,19,35,20-20
37,57,79,Loamy,Maize,44,29,14,20-20
32,61,64,Loamy,Ground Nuts,25,9,34,MOP
34,81,49,Sandy,Maize,18,38,28,20-20
31,83,75,Sandy,Ground Nuts,34,14,35,20-20
27,32,30,Black,Cotton,44,20,3,DAP
29,80,73,Red,Rice,3,17,14,Urea
33,61,53,Sandy,Rice,24,31,10,20-20
24,34,40,Sandy,Wheat,7,18,48,Urea
37,37,78,Sandy,Maize,11,29,14,20-20
38,43,32,Black,Rice,23,32,20,20-20
34,85,73,Red,Ground Nuts,23,21,34,20-20
25,32,44,Red,Rice,16,44,22,20-20
30,53,73,Black,Maize,24,28,9,DAP
30,42,77,Red,Maize,32,23,3,DAP
39,72,40,Loamy,Sugarcane,26,3,44,MOP
39,58,20,Black,Wheat,1,49,24,Urea
37,37,77,Sandy,Maize,8,11,1,Urea
37,80,24,Red,Sugarcane,32,35,37,20-20
29,71,72,Loamy,Maize,18,3,18,MOP
21,60,41,Black,Cotton,48,4,23,MOP
28,55,26,Black,Ground Nuts,4,18,7,Urea
33,47,32,Sandy,Ground Nuts,46,40,5,DAP
38,87,64,Sandy,Cotton,19,38,19,20-20
29,47,71,Black,Cotton,23,30,13,20-20
23,86,42,Loamy,Maize,30,6,39,MOP
25,36,40,Sandy,Rice,43,11,5,DAP
33,77,25,Black,Rice,3,9,11,Urea
23,67,39,Black,Cotton,31,28,40,20-20
34,77,31,Sandy,Wheat,46,20,6,DAP
35,45,59,Red,Ground Nuts,34,12,44,20-20
26,84,28,Loamy,Sugarcane,13,22,29,20-20
36,85,69,Red,Cotton,35,5,15,MOP
38,89,47,Red,Ground Nuts,5,30,7,Urea
38,62,30,Loamy,Sugarcane,16,8,13,MOP
36,85,71,Loamy,Sugarcane,17,23,47,20-20
25,80,51,Sandy,Cotton,7,15,19,Urea
30,32,30,Sandy,Rice,11,10,27,20-20
35,67,43,Sandy,Wheat,16,35,5,DAP
27,33,75,Loamy,Ground Nuts,30,0,29,MOP
30,65,34,Red,Cotton,0,20,3,Urea
26,33,60,Loamy,Sugarcane,10,43,35,20-20
38,71,54,Sandy,Ground Nuts,41,35,2,DAP
29,38,36,Red,Maize,15,36,9,DAP
28,69,44,Sandy,Maize,36,5,37,MOP
23,80,68,Red,Ground Nuts,48,13,26,28-28
34,46,54,Sandy,Ground Nuts,27,28,17,20-20
32,46,38,Loamy,Sugarcane,8,0,44,Urea
21,62,60,Black,Cotton,7,7,10,Urea
21,49,50,Black,Rice,24,46,35,20-20
35,43,36,Red,Cotton,9,43,39,Urea
28,51,74,Loamy,Wheat,39,18,34,28-28
32,81,69,Sandy,Ground Nuts,2,22,43,Urea
22,56,42,Red,Maize,22,38,12,20-20
28,72,66,Red,Sugarcane,22,40,22,20-20
32,32,20,Sandy,Rice,43,10,42,28-28
21,53,77,Sandy,Cotton,3,26,8,Urea
27,59,29,Sandy,Wheat,49,39,3,DAP
28,37,27,Loamy,Cotton,22,35,42,20-20
35,51,61,Black,Wheat,8,41,39,Urea
21,54,45,Red,Cotton,3,19,49,Urea
25,89,53,Red,Rice,33,41,30,20-20
27,39,38,Black,Rice,38,7,2,DAP
24,78,33,Red,Sugarcane,17,45,35,20-20
28,58,27,Loamy,Rice,33,35,16,20-20
20,69,70,Sandy,Wheat,33,25,15,20-20
28,83,20,Black,Sugarcane,41,34,38,28-28
29,30,67,Loamy,Rice,2,2,1,Urea
23,81,44,Sandy,Maize,18,3,4,DAP
22,50,43,Black,Wheat,33,43,32,20-20
29,68,66,Loamy,Sugarcane,25,28,12,20-20
34,53,39,Black,Wheat,34,49,11,20-20
30,38,75,Black,Sugarcane,40,27,18,20-20
33,89,49,Loamy,Wheat,42,18,21,28-28
25,73,24,Red,Maize,30,42,39,20-20
31,83,22,Loamy,Rice,42,27,7,DAP
32,55,51,Black,Cotton,26,17,43,20-20
36,38,36,Black,Cotton,2,13,3,Urea
35,49,61,Loamy,Cotton,36,42,6,DAP
22,85,24,Sandy,Sugarcane,11,13,47,20-20
21,64,30,Sandy,Rice,46,28,21,28-28
30,65,57,Sandy,Ground Nuts,22,2,17,MOP
28,71,23,Sandy,Sugarcane,16,33,5,DAP
22,65,58,Loamy,Sugarcane,15,8,49,MOP
37,83,38,Red,Sugarcane,16,39,3,DAP
39,38,58,Sandy,Ground Nuts,14,4,40,MOP
34,51,65,Black,Sugarcane,25,28,44,20-20
33,30,68,Sandy,Rice,44,40,11,20-20
21,34,42,Red,Cotton,1,4,47,Urea
36,38,36,Loamy,Wheat,16,44,36,20-20
27,66,32,Red,Sugarcane,0,42,1,Urea
29,67,46,Red,Rice,29,42,2,DAP
37,48,20,Red,Maize,31,43,44,20-20
38,37,21,Sandy,Wheat,29,12,20,20-20
27,71,37,Sandy,Sugarcane,41,25,38,28-28
27,72,55,Red,Sugarcane,3,8,12,Urea
22,61,64,Loamy,Wheat,41,3,47,MOP
22,42,52,Sandy,Wheat,43,38,13,20-20
31,49,55,Loamy,Sugarcane,31,30,29,20-20
36,65,21,Sandy,Rice,34,4,17,MOP
23,72,23,Loamy,Maize,0,6,12,Urea
36,73,35,Sandy,Rice,18,27,13,20-20
33,66,23,Red,Ground Nuts,32,39,40,20-20
38,59,76,Black,Cotton,18,13,39,20-20
28,39,28,Black,Cotton,35,23,24,20-20
31,60,68,Loamy,Cotton,26,41,36,20-20
24,54,40,Loamy,Sugarcane,12,37,26,20-20
30,58,42,Red,Maize,26,4,22,MOP
39,53,71,Red,Maize,45,46,6,DAP
22,68,79,Loamy,Ground Nuts,13,47,47,20-20
34,50,72,Black,Sugarcane,23,33,9,DAP
33,70,21,Red,Sugarcane,34,27,24,20-20
30,38,22,Loamy,Sugarcane,18,46,34,20-20
39,71,42,Red,Maize,24,7,23,MOP
27,71,45,Red,Sugarcane,10,20,48,20-20
23,31,66,Sandy,Wheat,8,23,41,Urea
31,33,26,Red,Wheat,5,23,10,Urea
27,37,55,Loamy,Wheat,35,12,19,20-20
25,61,63,Red,Sugarcane,36,48,9,DAP
34,43,52,Loamy,Wheat,28,14,49,20-20
31,78,68,Sandy,Ground Nuts,8,45,20,Urea
35,42,55,Sandy,Sugarcane,32,24,27,20-20
35,50,23,Black,Ground Nuts,22,44,27,20-20
39,53,73,Sandy,Wheat,14,27,26,20-20
39,79,42,Sandy,Sugarcane,10,38,32,20-20
23,47,44,Loamy,Rice,22,7,3,DAP
30,74,60,Black,Cotton,25,30,34,20-20
32,69,45,Sandy,Rice,0,6,19,Urea
28,55,47,Red,Cotton,29,46,5,DAP
23,61,47,Black,Cotton,16,38,5,DAP
31,73,40,Sandy,Wheat,46,16,16,20-20
28,86,29,Black,Cotton,45,49,18,20-20
32,84,46,Sandy,Cotton,40,34,48,28-28
35,85,70,Loamy,Rice,22,21,16,20-20
25,82,70,Black,Cotton,35,6,48,MOP
29,62,34,Black,Sugarcane,40,9,2,DAP
32,81,73,Sandy,Ground Nuts,4,27,45,Urea
26,60,36,Black,Ground Nuts,34,38,33,20-20
38,47,58,Sandy,Sugarcane,49,42,3,DAP
38,64,54,Red,Wheat,8,28,22,Urea
36,41,24,Black,Rice,3,34,17,Urea
32,80,35,Black,Maize,6,21,33,Urea
32,54,42,Loamy,Ground Nuts,0,8,28,Urea
21,74,58,Loamy,Rice,15,35,43,20-20
29,60,67,Black,Ground Nuts,24,7,14,MOP
32,39,28,Loamy,Maize,5,29,44,Urea
28,76,52,Black,Cotton,37,29,10,20-20
20,81,54,Sandy,Maize,13,30,38,20-20
33,63,76,Black,Cotton,36,21,8,DAP
35,80,59,Black,Ground Nuts,10,43,46,20-20
39,32,69,Red,Rice,0,30,34,Urea
34,75,43,Loamy,Rice,41,39,9,DAP
20,68,43,Loamy,Wheat,0,46,39,Urea
36,37,69,Red,Ground Nuts,35,27,37,20-20
32,61,43,Sandy,Wheat,7,45,28,Urea
34,72,38,Sandy,Ground Nuts,31,4,45,MOP
35,58,58,Sandy,Cotton,32,16,5,DAP
35,51,44,Red,Ground Nuts,7,10,18,Urea
21,49,71,Black,Ground Nuts,13,21,25,20-20
36,35,50,Sandy,Cotton,23,46,8,DAP
30,72,78,Sandy,Sugarcane,48,24,40,28-28
27,78,57,Red,Sugarcane,40,12,47,28-28
39,58,44,Loamy,Ground Nuts,28,35,44,20-20
22,71,46,Red,Sugarcane,24,44,12,20-20
31,85,51,Loamy,Rice,5,44,25,Urea
39,46,30,Sandy,Ground Nuts,0,10,43,Urea
35,60,24,Sandy,Maize,22,4,19,MOP
33,82,63,Black,Cotton,40,13,1,DAP
35,63,52,Black,Wheat,32,21,3,DAP
36,67,38,Loamy,Cotton,13,2,6,DAP
30,86,62,Sandy,Ground Nuts,27,49,18,20-20
36,66,66,Sandy,Maize,28,34,34,20-20
38,33,76,Red,Cotton,42,31,10,20-20
20,31,35,Sandy,Wheat,39,37,18,20-20
31,41,54,Sandy,Wheat,22,39,31,20-20
34,64,30,Red,Maize,43,23,13,20-20
37,35,30,Red,Wheat,37,27,48,28-28
33,85,29,Sandy,Rice,48,20,4,DAP
20,75,53,Black,Wheat,42,48,24,28-28
32,37,71,Black,Maize,9,32,13,Urea
34,50,24,Sandy,Maize,26,27,38,20-20
26,82,42,Black,Cotton,7,38,11,Urea
34,87,74,Red,Wheat,43,49,48,28-28
39,75,44,Black,Wheat,3,35,19,Urea
29,64,48,Sandy,Ground Nuts,20,9,17,MOP
33,77,59,Black,Ground Nuts,20,36,0,DAP
25,44,32,Sandy,Maize,29,39,42,20-20
33,36,66,Black,Ground Nuts,12,24,3,DAP
31,44,51,Sandy,Cotton,2,44,11,Urea
30,74,53,Sandy,Cotton,19,16,25,20-20
39,35,31,Black,Rice,35,3,31,MOP
38,76,43,Black,Rice,39,9,36,MOP
21,46,59,Red,Maize,4,24,14,Urea
39,33,40,Loamy,Cotton,21,31,34,20-20
20,51,48,Sandy,Cotton,1,7,25,Urea
27,61,70,Sandy,Rice,24,41,14,20-20
33,88,76,Sandy,Ground Nuts,39,44,7,DAP
28,51,79,Sandy,Rice,23,11,27,20-20
21,56,42,Black,Maize,4,20,29,Urea
24,75,52,Black,Cotton,15,44,42,20-20
27,44,27,Loamy,Maize,14,26,43,20-20
35,89,61,Sandy,Rice,12,29,2,DAP
35,73,32,Loamy,Wheat,10,9,5,DAP
32,80,24,Red,Rice,15,20,30,20-20
39,51,73,Loamy,Cotton,17,0,25,MOP
34,57,60,Loamy,Maize,24,8,7,DAP
20,71,29,Red,Ground Nuts,46,2,38,MOP
22,67,33,Red,Ground Nuts,37,48,28,28-28
25,89,43,Loamy,Cotton,39,41,16,20-20
33,86,30,Red,Rice,3,18,15,Urea
23,38,65,Loamy,Rice,47,5,48,MOP
37,63,22,Black,Sugarcane,20,6,44,MOP
34,65,48,Black,Rice,10,42,3,DAP
28,38,72,Loamy,Cotton,33,15,9,DAP
37,44,67,Red,Maize,29,35,15,20-20
22,74,71,Red,Maize,3,3,18,Urea
29,49,49,Black,Sugarcane,13,17,38,20-20
36,37,68,Black,Ground Nuts,10,31,49,20-20
26,87,56,Red,Cotton,3,31,12,Urea
34,57,77,Red,Rice,25,17,3,DAP
20,80,26,Red,Wheat,2,38,31,Urea
30,48,36,Red,Maize,36,42,17,20-20
36,86,39,Loamy,Cotton,37,36,15,20-20
24,45,73,Red,Sugarcane,40,27,24,28-28
26,40,30,Black,Wheat,3,49,49,Urea
38,71,63,Black,Ground Nuts,25,38,15,20-20
34,37,44,Sandy,Cotton,38,1,21,MOP
22,62,78,Red,Rice,44,36,23,28-28
34,39,43,Loamy,Ground Nuts,41,36,27,28-28
24,47,21,Sandy,Maize,43,1,22,MOP
31,64,46,Sandy,Rice,41,18,20,20-20
39,72,38,Loamy,Sugarcane,10,4,8,DAP
24,79,77,Sandy,Maize,10,43,1,DAP
22,32,48,Sandy,Wheat,37,12,37,28-28
28,69,56,Black,Maize,37,21,27,28-28
28,56,30,Sandy,Rice,19,6,25,MOP
26,88,74,Loamy,Ground Nuts,25,1,26,MOP
21,57,38,Red,Cotton,37,13,24,28-28
35,75,47,Red,Cotton,11,24,20,20-20
28,35,58,Red,Cotton,28,25,37,20-20
32,76,40,Black,Sugarcane,13,4,24,MOP
38,43,45,Black,Sugarcane,49,19,37,28-28
39,36,41,Black,Cotton,24,11,45,20-20
36,39,25,Loamy,Wheat,41,35,10,20-20
25,44,30,Red,Rice,41,30,27,28-28
23,60,78,Loamy,Wheat,38,16,48,28-28
20,58,33,Loamy,Cotton,25,15,35,20-20
37,71,79,Sandy,Rice,9,9,3,Urea
38,83,55,Red,Sugarcane,13,34,18,20-20
28,46,79,Sandy,Maize,4,32,23,Urea
32,88,59,Black,Maize,21,37,21,20-20
27,80,60,Black,Rice,10,34,47,20-20
32,58,21,Loamy,Wheat,28,26,24,20-20
34,78,76,Loamy,Rice,6,6,7,Urea
30,73,62,Sandy,Wheat,17,26,19,20-20
31,44,79,Sandy,Ground Nuts,30,40,0,DAP
33,55,39,Loamy,Wheat,42,11,3,DAP
23,41,41,Red,Maize,19,45,11,20-20
20,54,58,Loamy,Sugarcane,34,32,24,20-20
23,70,23,Red,Cotton,6,12,20,Urea
38,34,75,Sandy,Sugarcane,29,1,18,MOP
28,33,48,Black,Cotton,3,2,33,Urea
29,73,65,Black,Ground Nuts,29,10,5,DAP
23,77,77,Sandy,Maize,29,4,34,MOP
39,70,43,Sandy,Cotton,29,1,2,DAP
28,86,20,Black,Ground Nuts,17,45,32,20-20
32,60,43,Red,Wheat,42,27,8,DAP
31,32,77,Sandy,Rice,45,12,6,DAP
30,82,49,Red,Cotton,9,45,40,Urea
31,32,31,Red,Sugarcane,13,34,26,20-20
37,55,38,Black,Maize,35,39,0,DAP
31,79,56,Red,Maize,22,12,39,20-20
35,46,77,Black,Ground Nuts,11,11,17,20-20
24,89,59,Sandy,Rice,11,17,34,20-20
39,39,62,Loamy,Wheat,33,17,16,20-20
31,31,73,Loamy,Wheat,25,16,38,20-20
30,53,23,Loamy,Maize,5,38,10,Urea
28,40,34,Loamy,Wheat,36,21,36,28-28
37,53,39,Loamy,Ground Nuts,14,12,44,20-20
22,64,63,Loamy,Rice,41,44,10,20-20
39,52,39,Red,Maize,38,37,2,DAP
36,61,73,Red,Wheat,18,18,12,20-20
33,52,74,Loamy,Cotton,39,23,27,28-28
20,63,40,Sandy,Cotton,46,18,37,28-28
36,70,29,Sandy,Ground Nuts,22,20,46,20-20
27,48,49,Red,Wheat,35,23,33,20-20
24,31,43,Red,Cotton,12,29,27,20-20
24,89,67,Loamy,Rice,30,27,1,DAP
28,80,74,Sandy,Sugarcane,36,47,45,28-28
22,31,59,Black,Rice,25,34,1,DAP
38,44,71,Loamy,Ground Nuts,42,45,36,28-28
28,85,59,Red,Rice,47,37,15,20-20
37,50,57,Red,Wheat,17,16,7,DAP
35,64,22,Red,Rice,46,47,39,28-28
20,34,48,Black,Wheat,32,33,10,20-20
21,72,27,Sandy,Maize,39,8,44,MOP
33,56,48,Red,Wheat,31,12,14,20-20
33,53,74,Loamy,Ground Nuts,3,13,3,Urea
20,36,29,Black,Wheat,40,25,22,28-28
35,35,24,Sandy,Maize,18,20,7,DAP
34,75,30,Loamy,Sugarcane,6,43,15,Urea
34,62,23,Loamy,Ground Nuts,46,19,15,20-20
31,87,68,Black,Maize,34,10,23,20-20
35,78,77,Black,Wheat,25,41,9,DAP
33,46,54,Black,Ground Nuts,43,49,33,28-28
34,75,69,Red,Cotton,22,34,17,20-20
34,71,59,Sandy,Wheat,33,47,15,20-20
38,59,75,Red,Maize,6,30,35,Urea
27,37,31,Black,Wheat,10,17,7,DAP
21,69,40,Black,Maize,7,13,19,Urea
21,75,35,Black,Rice,12,48,22,20-20
29,36,33,Red,Sugarcane,31,4,39,MOP
22,35,40,Loamy,Sugarcane,40,16,13,20-20
36,33,67,Black,Ground Nuts,33,20,15,20-20
27,30,46,Red,Maize,17,13,37,20-20
23,44,55,Black,Sugarcane,14,2,17,MOP
33,60,20,Red,Cotton,42,30,39,28-28
29,54,20,Sandy,Ground Nuts,23,24,29,20-20
20,76,41,Sandy,Cotton,46,46,35,28-28
23,62,34,Red,Sugarcane,20,43,35,20-20
20,81,71,Black,Maize,17,16,38,20-20
36,64,39,Red,Ground Nuts,13,25,39,20-20
36,84,22,Sandy,Cotton,18,16,40,20-20
26,34,33,Red,Sugarcane,12,18,0,DAP
39,34,28,Sandy,Wheat,15,26,16,20-20
34,65,38,Sandy,Cotton,1,6,27,Urea
32,46,59,Loamy,Rice,33,25,6,DAP
21,82,53,Black,Ground Nuts,48,4,19,MOP
38,81,23,Red,Cotton,25,1,41,MOP
32,43,52,Black,Ground Nuts,21,15,23,20-20
30,87,62,Black,Sugarcane,19,44,0,DAP
34,58,56,Sandy,Sugarcane,28,10,17,20-20
29,37,21,Sandy,Ground Nuts,17,38,25,20-20
28,63,46,Red,Sugarcane,28,22,13,20-20
28,69,64,Red,Maize,41,34,18,20-20
39,30,36,Red,Ground Nuts,43,5,17,MOP
20,58,68,Sandy,Maize,26,36,44,20-20
36,65,69,Loamy,Ground Nuts,34,0,6,DAP
31,80,72,Red,Wheat,28,32,1,DAP
29,66,79,Sandy,Wheat,5,17,6,Urea
24,58,50,Loamy,Cotton,36,2,27,MOP
37,34,60,Black,Sugarcane,24,18,27,20-20
34,82,25,Sandy,Wheat,20,9,41,MOP
25,61,79,Red,Sugarcane,30,19,16,20-20
26,89,71,Red,Cotton,39,10,29,28-28
36,81,50,Loamy,Maize,49,31,20,20-20
25,53,22,Loamy,Wheat,15,39,36,20-20
27,48,59,Sandy,Rice,13,19,8,DAP
31,41,22,Loamy,Rice,5,31,35,Urea
33,81,52,Sandy,Rice,10,42,21,20-20
31,30,71,Loamy,Rice,26,36,14,20-20
29,36,78,Black,Rice,37,21,13,20-20
39,46,32,Red,Rice,4,3,26,Urea
34,63,40,Red,Rice,14,12,17,20-20
26,72,56,Black,Wheat,37,5,9,DAP
28,36,35,Red,Rice,15,28,47,20-20
29,46,40,Red,Ground Nuts,17,1,21,MOP
29,88,75,Red,Ground Nuts,32,24,22,20-20
35,32,67,Red,Rice,34,31,41,20-20
26,58,75,Black,Cotton,23,25,40,20-20
24,51,63,Sandy,Wheat,34,25,47,20-20
22,67,32,Red,Ground Nuts,6,37,4,Urea
37,83,23,Black,Cotton,13,21,24,20-20
30,72,50,Red,Sugarcane,49,9,0,DAP
34,58,28,Black,Rice,29,22,23,20-20
39,79,67,Black,Maize,23,3,32,MOP
24,79,52,Sandy,Rice,14,15,36,20-20
31,83,56,Loamy,Rice,12,41,6,DAP
23,71,72,Sandy,Cotton,18,32,23,20-20
34,34,56,Sandy,Sugarcane,28,12,14,20-20
28,59,43,Red,Cotton,21,45,10,20-20
26,52,44,Black,Wheat,1,43,43,Urea
29,84,70,Loamy,Sugarcane,38,12,16,20-20
32,50,60,Black,Ground Nuts,12,32,48,20-20
27,85,48,Red,Sugarcane,35,13,22,20-20
31,55,78,Black,Sugarcane,37,7,48,MOP
38,83,59,Red,Cotton,17,25,3,DAP
20,76,70,Sandy,Rice,14,21,30,20-20
35,50,69,Sandy,Rice,34,45,33,20-20
36,49,66,Red,Rice,16,0,9,DAP
37,52,55,Sandy,Rice,47,48,36,28-28
30,33,34,Black,Rice,12,15,9,DAP
37,50,64,Loamy,Wheat,21,43,41,20-20
26,50,79,Loamy,Maize,39,28,10,20-20
37,30,37,Black,Ground Nuts,20,22,30,20-20
27,44,39,Loamy,Sugarcane,25,4,9,DAP
25,46,24,Black,Maize,45,20,42,28-28
26,80,37,Red,Wheat,3,49,37,Urea
29,43,79,Loamy,Rice,6,35,41,Urea
30,88,59,Red,Wheat,9,19,7,Urea
32,48,20,Red,Ground Nuts,14,42,10,20-20
28,79,38,Black,Ground Nuts,25,7,19,MOP
26,89,42,Loamy,Wheat,15,25,23,20-20
28,63,45,Sandy,Maize,39,40,6,DAP
32,35,68,Sandy,Sugarcane,33,24,20,20-20
22,74,48,Sandy,Cotton,16,41,43,20-20
22,78,78,Sandy,Cotton,37,6,5,DAP
20,35,53,Black,Ground Nuts,15,21,30,20-20
39,82,38,Red,Sugarcane,33,32,11,20-20
21,83,67,Loamy,Rice,28,4,36,MOP
22,34,37,Black,Wheat,17,37,12,20-20
34,36,21,Sandy,Rice,10,11,48,20-20
25,62,79,Loamy,Ground Nuts,11,43,30,20-20
32,42,46,Black,Wheat,36,13,8,DAP
20,80,25,Red,Cotton,1,6,26,Urea
39,83,58,Sandy,Ground Nuts,17,27,16,20-20
38,30,25,Loamy,Ground Nuts,37,45,7,DAP
20,42,78,Loamy,Sugarcane,32,15,26,20-20
21,72,25,Sandy,Maize,8,40,39,Urea
34,56,50,Red,Ground Nuts,14,1,14,MOP
33,36,60,Sandy,Maize,27,48,38,20-20
38,81,59,Red,Sugarcane,7,30,5,Urea
30,32,49,Loamy,Ground Nuts,45,35,31,28-28
34,87,75,Sandy,Ground Nuts,35,13,47,20-20
25,54,73,Red,Cotton,38,45,7,DAP
39,62,40,Red,Wheat,7,27,34,Urea
28,69,60,Black,Maize,41,46,30,28-28
24,46,63,Red,Cotton,49,31,41,28-28
39,74,37,Sandy,Ground Nuts,49,27,25,28-28
21,43,42,Sandy,Sugarcane,18,11,41,20-20
25,66,57,Red,Rice,3,12,23,Urea
37,87,42,Sandy,Cotton,26,21,1,DAP
38,85,47,Loamy,Cotton,12,41,40,20-20
28,83,55,Loamy,Rice,37,47,0,DAP
25,52,44,Sandy,Ground Nuts,20,28,9,DAP
33,88,26,Red,Cotton,25,29,49,20-20
32,53,37,Loamy,Maize,44,14,22,28-28
30,58,39,Red,Ground Nuts,22,39,32,20-20
31,67,24,Sandy,Maize,29,3,43,MOP
38,88,37,Black,Maize,30,32,36,20-20
38,83,61,Loamy,Cotton,30,45,10,20-20
38,56,59,Sandy,Ground Nuts,15,8,19,MOP
32,67,52,Loamy,Cotton,41,37,25,28-28
33,82,34,Red,Cotton,40,15,45,28-28
37,69,54,Black,Ground Nuts,6,25,46,Urea
31,74,66,Black,Ground Nuts,16,42,1,DAP
23,79,65,Sandy,Ground Nuts,23,26,24,20-20
29,52,20,Loamy,Ground Nuts,19,10,3,DAP
36,60,40,Black,Sugarcane,38,45,18,20-20
23,65,27,Loamy,Ground Nuts,26,42,12,20-20
31,46,26,Red,Rice,1,25,18,Urea
32,66,60,Red,Ground Nuts,0,13,12,Urea
23,32,69,Sandy,Cotton,33,0,11,MOP
29,65,63,Black,Rice,26,10,1,DAP
22,84,59,Black,Wheat,36,29,36,28-28
34,34,59,Loamy,Maize,49,23,49,28-28
21,75,49,Red,Sugarcane,5,49,22,Urea
36,44,57,Black,Rice,37,48,18,20-20
25,81,54,Sandy,Maize,26,3,2,DAP
27,78,21,Sandy,Sugarcane,47,21,23,28-28
22,35,65,Black,Ground Nuts,15,45,22,20-20
37,88,27,Sandy,Maize,34,7,3,DAP
20,39,57,Black,Cotton,26,46,17,20-20
35,83,23,Black,Cotton,34,15,11,20-20
26,61,56,Black,Ground Nuts,35,32,34,20-20
22,52,40,Black,Maize,37,32,26,28-28
23,77,32,Loamy,Ground Nuts,27,9,42,MOP
28,46,28,Black,Ground Nuts,2,1,13,Urea
24,75,64,Sandy,Sugarcane,40,43,30,28-28
38,49,48,Red,Maize,30,3,2,DAP
34,73,60,Loamy,Wheat,2,22,4,Urea
27,70,75,Red,Ground Nuts,37,26,28,28-28
25,44,43,Red,Sugarcane,23,32,38,20-20
37,73,35,Red,Sugarcane,25,32,16,20-20
38,75,31,Red,Maize,40,40,18,20-20
34,87,21,Red,Rice,46,19,34,28-28
26,51,38,Sandy,Ground Nuts,27,12,32,20-20
29,79,49,Black,Ground Nuts,8,10,7,Urea
25,81,35,Sandy,Maize,36,18,36,28-28
33,35,43,Loamy,Rice,26,48,34,20-20
36,33,32,Sandy,Sugarcane,47,31,19,20-20
28,87,24,Loamy,Cotton,2,2,16,Urea
38,52,42,Black,Ground Nuts,40,12,44,28-28
24,73,75,Red,Cotton,48,27,12,20-20
26,74,57,Black,Ground Nuts,27,21,3,DAP
38,48,50,Sandy,Maize,31,18,49,20-20
39,83,72,Sandy,Ground Nuts,34,30,29,20-20
26,74,75,Black,Rice,6,19,5,Urea
21,60,36,Black,Ground Nuts,6,23,1,Urea
35,73,68,Sandy,Maize,20,31,14,20-20
32,81,68,Black,Wheat,31,8,33,MOP
27,32,22,Loamy,Maize,37,18,19,20-20
25,57,45,Loamy,Maize,19,22,15,20-20
25,32,32,Sandy,Maize,7,24,42,Urea
28,43,63,Sandy,Maize,3,32,48,Urea
23,47,57,Black,Rice,25,48,28,20-20
30,56,41,Black,Ground Nuts,14,45,26,20-20
24,80,40,Red,Rice,5,43,0,Urea
36,89,48,Loamy,Rice,47,1,12,MOP
39,39,64,Sandy,Wheat,31,2,39,MOP
26,78,65,Sandy,Wheat,4,27,31,Urea
34,44,58,Sandy,Ground Nuts,43,36,2,DAP
34,48,24,Sandy,Ground Nuts,45,34,13,20-20
33,38,33,Red,Maize,5,13,27,Urea
32,33,37,Loamy,Rice,2,23,45,Urea
30,44,23,Red,Wheat,28,49,25,20-20
32,80,52,Loamy,Cotton,18,36,20,20-20
28,77,58,Sandy,Maize,9,2,45,Urea
29,37,39,Loamy,Sugarcane,6,22,10,Urea
23,78,32,Sandy,Rice,44,33,26,28-28
36,82,55,Red,Maize,0,8,43,Urea
33,30,64,Loamy,Ground Nuts,0,17,0,Urea
37,36,23,Black,Maize,16,1,32,MOP
30,82,54,Loamy,Sugarcane,21,21,45,20-20
35,60,27,Sandy,Ground Nuts,35,34,17,20-20
20,47,71,Black,Cotton,13,30,1,DAP
26,41,59,Sandy,Wheat,5,25,3,Urea
29,77,76,Black,Wheat,29,49,49,20-20
28,59,68,Black,Sugarcane,45,13,3,DAP
22,62,66,Loamy,Sugarcane,46,44,16,20-20
33,88,55,Loamy,Wheat,32,47,47,20-20
34,76,25,Black,Cotton,19,27,15,20-20
21,36,75,Black,Cotton,15,10,8,DAP
33,57,41,Black,Maize,3,31,25,Urea
35,78,79,Sandy,Sugarcane,33,20,9,DAP
26,32,25,Loamy,Sugarcane,0,22,6,Urea
23,72,61,Sandy,Sugarcane,12,23,8,DAP
37,35,55,Loamy,Ground Nuts,47,11,47,28-28
24,60,28,Red,Wheat,7,2,26,Urea
25,67,35,Sandy,Wheat,21,5,31,MOP
26,44,58,Loamy,Wheat,3,47,48,Urea
34,36,65,Black,Cotton,33,11,22,20-20
20,72,78,Black,Wheat,44,19,26,28-28
23,59,57,Loamy,Maize,36,5,24,MOP
20,56,52,Black,Ground Nuts,22,19,28,20-20
30,46,37,Black,Wheat,19,13,23,20-20
37,84,31,Red,Ground Nuts,23,40,15,20-20
33,47,73,Red,Ground Nuts,26,48,15,20-20
30,51,46,Red,Cotton,12,43,27,20-20
29,85,66,Sandy,Sugarcane,4,0,19,Urea
36,82,20,Red,Ground Nuts,15,19,18,20-20
23,55,34,Red,Maize,37,21,9,DAP
34,80,66,Red,Cotton,47,39,25,28-28
35,56,46,Loamy,Rice,28,30,1,DAP
32,69,35,Black,Ground Nuts,25,30,2,DAP
28,53,40,Loamy,Ground Nuts,21,27,38,20-20
30,81,20,Red,Sugarcane,23,11,1,DAP
30,37,48,Sandy,Wheat,12,15,24,20-20
25,50,22,Loamy,Cotton,42,32,44,28-28
20,58,31,Red,Rice,20,34,3,DAP
25,72,79,Sandy,Cotton,0,43,14,Urea
32,50,47,Sandy,Wheat,3,3,17,Urea
24,32,58,Sandy,Cotton,2,9,6,Urea
34,60,56,Black,Rice,49,33,26,28-28
37,84,50,Sandy,Cotton,22,40,17,20-20
39,56,79,Red,Maize,15,2,6,DAP
33,75,50,Loamy,Maize,44,30,28,28-28
34,56,77,Loamy,Wheat,12,30,40,20-20
24,38,52,Red,Rice,38,0,43,MOP
23,86,52,Black,Rice,30,4,32,MOP
21,62,66,Black,Rice,23,4,1,DAP
26,62,59,Sandy,Rice,46,1,17,MOP
29,55,30,Red,Rice,14,14,45,20-20
35,57,65,Sandy,Sugarcane,4,0,22,Urea
29,73,48,Sandy,Cotton,48,20,5,DAP
37,72,44,Red,Ground Nuts,21,36,42,20-20
36,60,74,Black,Rice,21,6,24,MOP
32,82,32,Black,Ground Nuts,10,10,18,20-20
20,30,70,Loamy,Maize,23,25,7,DAP
20,49,63,Red,Ground Nuts,44,41,36,28-28
34,41,73,Sandy,Ground Nuts,9,1,25,Urea
20,46,38,Red,Cotton,46,29,28,28-28
25,44,77,Sandy,Ground Nuts,33,13,27,20-20
32,63,55,Loamy,Wheat,10,4,6,DAP
20,79,47,Loamy,Wheat,42,30,35,28-28
24,45,23,Loamy,Rice,28,47,14,20-20
28,33,22,Loamy,Sugarcane,21,31,32,20-20
36,37,77,Sandy,Sugarcane,32,33,4,DAP
35,63,57,Black,Cotton,7,9,28,Urea
27,75,56,Sandy,Sugarcane,48,30,16,20-20
36,54,62,Loamy,Ground Nuts,31,26,44,20-20
34,44,44,Black,Wheat,39,17,26,28-28
20,57,60,Red,Rice,44,4,16,MOP
31,38,54,Sandy,Maize,22,16,3,DAP
24,31,48,Red,Ground Nuts,4,10,48,Urea
25,46,60,Loamy,Wheat,30,4,11,MOP
20,87,48,Red,Wheat,28,37,22,20-20
20,39,31,Black,Cotton,5,47,49,Urea
29,38,54,Black,Ground Nuts,24,36,10,20-20
29,60,39,Black,Sugarcane,24,20,35,20-20
22,31,36,Sandy,Maize,30,23,11,20-20
36,53,72,Red,Maize,13,29,8,DAP
38,48,31,Red,Sugarcane,16,15,23,20-20
30,46,76,Red,Rice,15,48,17,20-20
37,72,69,Loamy,Sugarcane,27,40,26,20-20
21,78,55,Sandy,Rice,8,21,8,Urea
28,39,29,Sandy,Maize,1,1,32,Urea
36,79,37,Red,Ground Nuts,3,18,5,Urea
33,84,49,Sandy,Cotton,19,48,32,20-20
23,57,27,Red,Wheat,40,36,39,28-28
36,67,60,Red,Ground Nuts,35,1,5,DAP
36,77,70,Red,Maize,36,10,3,DAP
31,57,32,Black,Maize,5,32,2,Urea
39,88,50,Loamy,Maize,0,8,12,Urea
37,79,76,Sandy,Wheat,44,24,25,28-28
22,81,25,Loamy,Rice,49,5,33,MOP
30,79,73,Black,Cotton,2,10,12,Urea
37,30,26,Sandy,Ground Nuts,36,26,46,28-28
23,89,79,Red,Ground Nuts,44,7,7,DAP
36,32,40,Loamy,Cotton,41,44,11,20-20
37,44,57,Black,Cotton,2,30,7,Urea
24,81,62,Sandy,Rice,42,26,18,20-20
33,39,68,Sandy,Ground Nuts,32,43,40,20-20
29,50,70,Loamy,Sugarcane,14,40,9,DAP
34,66,47,Loamy,Sugarcane,3,46,31,Urea
20,44,76,Sandy,Cotton,14,4,20,MOP
35,52,63,Sandy,Maize,6,14,22,Urea
30,43,40,Black,Maize,46,1,26,MOP
39,44,40,Red,Wheat,3,14,24,Urea
25,39,43,Red,Sugarcane,2,30,6,Urea
35,85,46,Black,Maize,22,19,41,20-20
21,38,46,Sandy,Cotton,13,2,34,MOP
20,73,32,Loamy,Wheat,5,41,1,Urea
28,68,69,Loamy,Sugarcane,32,38,27,20-20
31,34,48,Sandy,Wheat,8,9,6,Urea
36,54,58,Black,Maize,11,25,41,20-20
34,85,76,Sandy,Cotton,49,9,39,MOP
38,71,74,Loamy,Cotton,34,39,11,20-20
29,86,47,Sandy,Cotton,30,12,16,20-20
31,55,56,Sandy,Maize,2,20,21,Urea
33,37,48,Black,Rice,45,33,8,DAP
28,51,67,Red,Ground Nuts,35,43,2,DAP
32,81,41,Loamy,Ground Nuts,12,31,21,20-20
22,54,55,Loamy,Cotton,12,8,35,MOP
33,77,49,Sandy,Ground Nuts,33,29,38,20-20
29,41,47,Loamy,Rice,20,0,17,MOP
35,38,42,Loamy,Cotton,33,11,16,20-20
26,39,52,Red,Rice,41,43,26,28-28
23,77,23,Loamy,Sugarcane,42,34,34,28-28
39,39,22,Loamy,Ground Nuts,27,23,31,20-20
30,38,51,Black,Sugarcane,46,39,2,DAP
35,55,23,Black,Cotton,34,44,12,20-20
39,64,20,Black,Wheat,13,48,16,20-20
23,56,31,Black,Wheat,17,9,17,MOP
36,89,32,Black,Maize,18,46,16,20-20
32,60,53,Red,Sugarcane,18,23,47,20-20
30,48,79,Loamy,Sugarcane,32,40,15,20-20
22,72,78,Sandy,Wheat,34,17,21,20-20
28,67,48,Red,Cotton,19,7,24,MOP
25,35,28,Sandy,Maize,28,45,0,DAP
30,44,50,Black,Sugarcane,7,42,26,Urea
35,58,26,Loamy,Maize,24,12,13,20-20
38,76,32,Black,Sugarcane,16,15,27,20-20
24,74,73,Red,Rice,0,13,46,Urea
33,83,21,Sandy,Rice,37,8,35,MOP
36,34,52,Loamy,Maize,48,8,42,MOP
22,43,69,Red,Wheat,29,4,49,MOP
23,82,26,Red,Wheat,27,46,31,20-20
35,31,37,Loamy,Sugarcane,32,10,28,20-20
35,52,70,Loamy,Ground Nuts,12,18,16,20-20
23,73,27,Red,Rice,23,37,27,20-20
38,81,74,Sandy,Rice,43,9,40,MOP
36,75,31,Sandy,Maize,36,15,20,20-20
32,48,62,Red,Ground Nuts,21,28,23,20-20
20,53,78,Red,Maize,12,4,45,MOP
31,49,49,Black,Wheat,39,17,34,28-28
23,76,78,Black,Wheat,11,41,19,20-20
30,56,28,Sandy,Ground Nuts,40,41,21,28-28
24,81,47,Black,Ground Nuts,48,43,3,DAP
21,53,23,Sandy,Wheat,45,34,15,20-20
36,46,58,Loamy,Cotton,6,35,20,Urea
27,54,36,Black,Rice,35,21,43,20-20
25,75,30,Sandy,Rice,28,23,20,20-20
28,84,78,Sandy,Maize,28,11,39,20-20
32,60,21,Red,Rice,25,38,40,20-20
30,57,42,Sandy,Maize,26,11,10,20-20
35,79,69,Black,Ground Nuts,23,34,36,20-20
35,88,41,Red,Ground Nuts,30,49,43,20-20
21,57,45,Red,Cotton,6,18,21,Urea
29,51,31,Black,Ground Nuts,16,36,19,20-20
31,85,51,Loamy,Wheat,48,13,1,DAP
27,88,28,Black,Cotton,32,22,42,20-20
30,34,62,Black,Wheat,33,39,10,20-20
29,83,24,Red,Wheat,17,21,20,20-20
32,73,45,Black,Maize,40,46,32,28-28
36,71,26,Loamy,Wheat,4,47,48,Urea
26,37,48,Loamy,Cotton,0,49,16,Urea
22,67,52,Loamy,Sugarcane,6,10,35,Urea
39,57,43,Red,Ground Nuts,33,1,13,MOP
32,86,44,Black,Maize,2,9,36,Urea
38,76,50,Sandy,Ground Nuts,35,42,30,20-20
26,41,48,Black,Wheat,34,4,3,DAP
28,86,24,Loamy,Wheat,11,29,5,DAP
38,54,57,Black,Rice,14,20,49,20-20
32,67,64,Red,Maize,3,48,20,Urea
27,73,30,Black,Maize,32,32,12,20-20
37,44,51,Red,Cotton,15,24,37,20-20
21,73,27,Sandy,Sugarcane,28,45,14,20-20
37,70,39,Sandy,Cotton,5,46,4,Urea
37,80,53,Red,Cotton,48,6,37,MOP
30,82,66,Black,Cotton,36,39,23,28-28
20,63,61,Loamy,Sugarcane,22,27,17,20-20
33,89,27,Red,Cotton,12,15,28,20-20
35,74,21,Black,Ground Nuts,43,44,31,28-28
30,42,40,Black,Maize,0,36,6,Urea
20,37,34,Black,Sugarcane,11,2,29,MOP
26,88,25,Loamy,Wheat,26,44,37,20-20
35,42,24,Loamy,Rice,24,18,25,20-20
33,65,73,Loamy,Rice,21,11,7,DAP
34,35,73,Red,Ground Nuts,33,18,24,20-20
33,67,22,Red,Maize,17,48,29,20-20
30,61,62,Loamy,Rice,40,10,23,28-28
35,50,62,Red,Ground Nuts,15,2,29,MOP
38,73,35,Loamy,Ground Nuts,28,1,4,DAP
36,73,54,Red,Rice,29,45,3,DAP
25,78,28,Black,Rice,29,25,41,20-20
30,88,54,Loamy,Ground Nuts,19,21,8,DAP
36,36,38,Red,Ground Nuts,46,16,32,28-28
28,55,62,Black,Wheat,21,33,28,20-20
37,44,65,Black,Rice,41,49,30,28-28
36,85,53,Red,Cotton,33,14,43,20-20
31,78,58,Black,Ground Nuts,3,11,18,Urea
24,71,29,Sandy,Maize,49,15,44,28-28
30,52,29,Loamy,Maize,30,15,46,20-20
23,81,39,Loamy,Ground Nuts,49,38,1,DAP
23,67,20,Black,Maize,13,5,19,MOP
22,70,25,Red,Wheat,7,45,11,Urea
36,44,72,Sandy,Wheat,36,7,49,MOP
26,77,65,Red,Ground Nuts,4,24,20,Urea
23,82,78,Loamy,Rice,7,18,30,Urea
32,69,21,Black,Cotton,10,18,35,20-20
31,45,57,Sandy,Rice,28,11,19,20-20
20,61,52,Black,Maize,20,8,43,MOP
38,66,22,Sandy,Cotton,38,40,19,20-20
39,47,55,Black,Maize,12,28,44,20-20
37,49,32,Red,Cotton,48,26,35,28-28
30,75,54,Loamy,Ground Nuts,18,4,45,MOP
39,31,34,Black,Sugarcane,2,25,17,Urea
22,84,64,Black,Wheat,33,29,5,DAP
36,52,41,Sandy,Wheat,37,13,32,28-28
31,59,62,Red,Ground Nuts,18,32,9,DAP
29,32,23,Red,Maize,31,34,17,20-20
27,75,36,Sandy,Maize,46,10,33,28-28
34,68,24,Red,Sugarcane,35,3,14,MOP
24,76,40,Loamy,Rice,38,32,2,DAP
23,78,76,Black,Cotton,13,5,7,DAP
39,30,43,Sandy,Ground Nuts,6,27,10,Urea
38,70,50,Red,Sugarcane,19,9,45,MOP
23,51,59,Loamy,Ground Nuts,31,35,31,20-20
34,58,72,Loamy,Sugarcane,45,48,47,28-28
36,43,75,Red,Maize,30,25,41,20-20
31,77,49,Red,Maize,21,29,16,20-20
22,57,61,Sandy,Rice,4,21,46,Urea
29,50,26,Red,Ground Nuts,30,4,29,MOP
34,74,68,Sandy,Ground Nuts,14,1,42,MOP
29,61,79,Black,Rice,43,32,7,DAP
37,35,26,Loamy,Maize,16,15,39,20-20
20,83,46,Sandy,Wheat,36,6,6,DAP
22,30,43,Loamy,Rice,18,20,19,20-20
31,50,38,Black,Sugarcane,9,34,11,Urea
20,86,60,Red,Maize,43,45,20,20-20
22,33,75,Sandy,Ground Nuts,33,21,27,20-20
22,32,53,Red,Ground Nuts,48,47,27,28-28
24,78,41,Loamy,Cotton,24,21,15,20-20
38,59,71,Sandy,Cotton,36,5,47,MOP
20,60,70,Black,Wheat,27,32,9,DAP
23,63,46,Black,Ground Nuts,14,38,21,20-20
23,48,25,Red,Maize,19,42,6,DAP
36,49,29,Black,Ground Nuts,12,24,3,DAP
33,52,64,Black,Ground Nuts,19,17,23,20-20
37,83,50,Red,Sugarcane,42,40,33,28-28
20,88,44,Red,Wheat,30,34,40,20-20
35,69,21,Sandy,Sugarcane,17,23,46,20-20
22,54,29,Sandy,Cotton,40,39,13,20-20
28,44,29,Red,Sugarcane,47,39,43,28-28
23,67,45,Loamy,Cotton,27,22,48,20-20
24,52,24,Loamy,Rice,46,32,16,20-20
30,81,41,Sandy,Cotton,3,28,44,Urea
28,31,23,Sandy,Ground Nuts,23,9,7,DAP
22,86,74,Red,Cotton,43,14,41,28-28
25,86,53,Loamy,Ground Nuts,44,9,12,MOP
30,44,26,Red,Wheat,8,25,6,Urea
28,81,69,Sandy,Ground Nuts,46,39,2,DAP
34,73,36,Black,Ground Nuts,49,28,23,28-28
22,64,30,Black,Ground Nuts,31,33,46,20-20
20,39,72,Black,Wheat,31,17,23,20-20
39,43,69,Red,Maize,38,1,6,DAP
38,56,27,Loamy,Maize,20,24,29,20-20
33,83,47,Sandy,Cotton,43,20,4,DAP
36,43,79,Loamy,Rice,41,30,39,28-28
33,64,63,Loamy,Maize,38,21,20,20-20
36,62,75,Sandy,Cotton,45,8,48,MOP
33,81,52,Loamy,Wheat,26,26,7,DAP
31,30,71,Black,Maize,46,24,6,DAP
35,63,44,Sandy,Maize,35,24,38,20-20
20,48,40,Black,Ground Nuts,7,26,1,Urea
32,53,31,Red,Ground Nuts,18,9,42,MOP
25,71,78,Black,Cotton,28,29,11,20-20
36,33,45,Red,Ground Nuts,18,3,27,MOP
31,65,48,Red,Cotton,4,20,43,Urea
38,42,57,Sandy,Sugarcane,21,29,18,20-20
25,87,54,Black,Sugarcane,34,32,27,20-20
26,61,56,Black,Rice,9,42,34,Urea
20,38,65,Black,Maize,14,25,11,20-20
20,68,63,Sandy,Sugarcane,1,1,27,Urea
24,45,64,Red,Cotton,41,22,25,28-28
25,79,64,Red,Ground Nuts,21,30,37,20-20
35,32,48,Red,Ground Nuts,47,3,5,DAP
35,81,68,Sandy,Maize,34,46,18,20-20
33,49,43,Sandy,Sugarcane,38,19,26,28-28
20,39,78,Loamy,Rice,18,24,8,DAP
32,85,34,Black,Rice,46,44,40,28-28
39,87,25,Red,Rice,11,0,49,MOP
29,87,51,Loamy,Rice,33,1,9,DAP
29,51,63,Loamy,Ground Nuts,44,5,9,DAP
28,77,53,Black,Ground Nuts,19,6,32,MOP
32,32,55,Sandy,Ground Nuts,6,3,17,Urea
22,40,39,Loamy,Cotton,23,17,9,DAP
37,54,76,Sandy,Rice,2,40,6,Urea
39,71,76,Sandy,Wheat,5,42,39,Urea
21,77,72,Black,Ground Nuts,32,4,31,MOP
36,37,31,Loamy,Rice,33,24,42,20-20
38,38,54,Red,Sugarcane,32,0,5,DAP
32,44,68,Loamy,Maize,28,33,18,20-20
32,61,57,Red,Ground Nuts,22,2,40,MOP
20,82,75,Red,Ground Nuts,3,16,42,Urea
21,32,36,Sandy,Sugarcane,4,31,33,Urea
20,33,46,Red,Maize,33,23,42,20-20
24,59,36,Black,Cotton,15,1,4,DAP
22,42,30,Loamy,Ground Nuts,39,0,18,MOP
26,73,74,Sandy,Maize,46,33,48,28-28
32,50,58,Sandy,Wheat,42,7,49,MOP
37,70,21,Red,Ground Nuts,41,44,13,20-20
26,86,70,Sandy,Rice,2,45,9,Urea
20,75,21,Black,Sugarcane,42,43,48,28-28
24,48,73,Black,Maize,48,8,10,MOP
36,68,48,Sandy,Sugarcane,41,27,30,28-28
27,77,64,Sandy,Rice,48,18,1,DAP
34,51,43,Black,Cotton,13,19,9,DAP
39,49,43,Red,Rice,32,6,20,MOP
23,66,35,Sandy,Cotton,27,41,0,DAP
21,60,50,Red,Sugarcane,40,34,45,28-28
24,39,68,Sandy,Cotton,14,18,30,20-20
20,47,62,Black,Ground Nuts,3,16,10,Urea
24,72,28,Sandy,Cotton,19,39,42,20-20
25,68,46,Sandy,Cotton,24,17,9,DAP
21,75,75,Sandy,Ground Nuts,34,6,19,MOP
20,49,60,Black,Cotton,38,26,20,20-20
23,47,33,Black,Ground Nuts,21,38,36,20-20
26,40,64,Black,Ground Nuts,34,29,36,20-20
20,51,44,Loamy,Cotton,46,22,13,20-20
20,88,62,Loamy,Ground Nuts,27,19,4,DAP
27,73,63,Loamy,Maize,9,22,5,Urea
39,47,41,Loamy,Cotton,15,25,23,20-20
35,87,54,Black,Cotton,48,47,15,20-20
32,63,52,Sandy,Rice,22,46,22,20-20
37,52,46,Black,Rice,18,13,46,20-20
39,30,59,Loamy,Rice,0,47,37,Urea
29,84,45,Red,Cotton,0,30,15,Urea
31,39,38,Red,Rice,45,26,12,20-20
20,82,64,Black,Maize,25,8,44,MOP
29,30,58,Sandy,Sugarcane,33,22,7,DAP
28,67,64,Loamy,Rice,1,9,37,Urea
22,68,45,Sandy,Ground Nuts,27,46,31,20-20
38,78,25,Sandy,Rice,19,22,21,20-20
28,38,22,Sandy,Maize,41,9,16,MOP
29,60,25,Loamy,Ground Nuts,46,1,4,DAP
38,36,47,Black,Ground Nuts,26,36,7,DAP
35,46,22,Loamy,Ground Nuts,27,39,49,20-20
37,64,32,Loamy,Ground Nuts,30,37,29,20-20
33,77,32,Black,Wheat,46,37,18,20-20
22,66,76,Black,Wheat,6,0,11,Urea
21,81,32,Black,Ground Nuts,7,47,24,Urea
20,47,20,Red,Ground Nuts,31,17,43,20-20
37,62,59,Red,Ground Nuts,10,34,12,20-20
28,33,56,Black,Maize,47,6,3,DAP
32,52,50,Sandy,Rice,25,43,9,DAP
21,40,71,Red,Sugarcane,24,41,47,20-20
26,81,36,Loamy,Ground Nuts,6,21,27,Urea
35,38,28,Loamy,Rice,19,24,4,DAP
38,59,64,Red,Maize,40,41,27,28-28
34,37,76,Loamy,Maize,29,22,43,20-20
30,69,32,Black,Ground Nuts,0,8,30,Urea
20,34,56,Loamy,Cotton,17,26,15,20-20
26,41,33,Red,Maize,7,10,22,Urea
39,30,30,Sandy,Cotton,28,26,28,20-20
27,44,44,Loamy,Maize,39,39,46,28-28
29,54,50,Loamy,Cotton,21,27,20,20-20
24,47,77,Sandy,Cotton,31,17,1,DAP
28,67,33,Red,Ground Nuts,39,35,22,28-28
20,71,76,Sandy,Ground Nuts,13,33,15,20-20
21,75,26,Loamy,Rice,1,12,10,Urea
38,82,43,Red,Cotton,34,45,8,DAP
33,55,68,Black,Wheat,6,29,1,Urea
39,69,55,Red,Maize,2,27,17,Urea
29,88,61,Red,Ground Nuts,14,21,12,20-20
28,32,61,Black,Sugarcane,42,23,44,28-28
29,83,66,Red,Maize,33,46,7,DAP
25,51,71,Loamy,Rice,21,29,9,DAP
36,55,63,Loamy,Rice,17,44,26,20-20
25,48,60,Loamy,Cotton,45,37,16,20-20
23,73,22,Loamy,Rice,17,19,23,20-20
39,73,66,Black,Ground Nuts,33,5,20,MOP
22,76,63,Loamy,Rice,35,32,0,DAP
38,89,45,Red,Maize,45,46,15,20-20
37,68,66,Sandy,Wheat,38,37,42,28-28
23,88,45,Black,Wheat,46,14,32,28-28
27,65,20,Black,Cotton,37,14,5,DAP
36,50,34,Sandy,Rice,36,31,11,20-20
24,70,30,Loamy,Rice,17,13,31,20-20
32,83,56,Loamy,Wheat,42,41,47,28-28
20,77,26,Red,Cotton,39,7,10,MOP
32,55,31,Loamy,Rice,28,35,17,20-20
23,42,71,Loamy,Cotton,11,21,1,DAP
33,65,76,Red,Ground Nuts,17,37,31,20-20
22,53,57,Loamy,Maize,30,19,48,20-20
24,70,73,Sandy,Ground Nuts,14,23,48,20-20
26,55,22,Loamy,Rice,39,20,19,20-20
20,50,61,Sandy,Rice,29,27,20,20-20
31,47,77,Sandy,Rice,35,48,35,20-20
30,44,72,Sandy,Wheat,27,22,37,20-20
27,44,45,Loamy,Wheat,14,23,26,20-20
25,35,73,Loamy,Rice,42,38,46,28-28
21,72,49,Black,Rice,32,43,10,20-20
38,60,51,Red,Maize,1,22,17,Urea
39,57,55,Red,Maize,7,3,16,Urea
39,37,64,Black,Cotton,47,45,33,28-28
33,58,70,Sandy,Cotton,32,3,44,MOP
20,50,56,Red,Wheat,34,29,25,20-20
29,46,74,Black,Sugarcane,17,47,5,DAP
35,85,78,Sandy,Maize,25,27,42,20-20
23,86,73,Black,Cotton,47,30,29,28-28
30,78,37,Loamy,Maize,20,32,38,20-20
35,53,20,Loamy,Maize,27,49,49,20-20
39,87,72,Sandy,Ground Nuts,19,18,31,20-20
20,89,40,Sandy,Sugarcane,44,9,16,MOP
35,79,47,Loamy,Maize,19,24,12,20-20
38,65,67,Red,Ground Nuts,3,36,45,Urea
28,60,35,Red,Sugarcane,35,12,40,20-20
28,76,67,Loamy,Ground Nuts,33,5,12,MOP
28,63,47,Red,Ground Nuts,44,29,5,DAP
36,31,41,Loamy,Sugarcane,12,22,21,20-20
31,71,38,Black,Maize,30,35,32,20-20
32,32,67,Black,Maize,38,15,32,28-28
27,59,20,Black,Cotton,6,7,3,Urea
35,37,50,Red,Maize,16,15,13,20-20
37,81,71,Black,Maize,41,10,49,28-28
20,36,71,Sandy,Maize,11,0,47,MOP
20,41,61,Sandy,Cotton,29,21,34,20-20
31,87,53,Black,Sugarcane,47,17,26,28-28
25,48,65,Sandy,Cotton,33,35,5,DAP
28,55,59,Black,Maize,21,10,0,DAP
24,57,25,Black,Rice,20,19,42,20-20
35,44,47,Loamy,Maize,8,9,27,Urea
37,43,22,Black,Cotton,11,47,28,20-20
36,77,50,Sandy,Ground Nuts,16,9,31,MOP
37,88,35,Red,Ground Nuts,15,36,27,20-20
20,43,36,Black,Cotton,4,49,26,Urea
38,32,63,Loamy,Wheat,18,21,9,DAP
27,79,46,Sandy,Ground Nuts,27,10,17,20-20
22,58,70,Loamy,Rice,16,34,3,DAP
24,89,43,Black,Cotton,21,8,37,MOP
27,83,39,Black,Ground Nuts,34,14,40,20-20
38,35,51,Black,Ground Nuts,48,18,41,28-28
37,78,54,Black,Sugarcane,14,36,31,20-20
37,52,32,Sandy,Maize,18,5,4,DAP
20,57,67,Red,Ground Nuts,46,35,21,28-28
34,43,62,Black,Ground Nuts,49,43,47,28-28
37,43,39,Loamy,Sugarcane,25,4,21,MOP
26,49,78,Sandy,Cotton,43,2,1,DAP
35,42,67,Sandy,Cotton,43,9,40,MOP
35,56,71,Sandy,Sugarcane,34,12,42,20-20
34,89,21,Loamy,Sugarcane,42,3,33,MOP
25,64,23,Red,Wheat,22,39,49,20-20
28,74,46,Loamy,Maize,9,32,1,Urea
26,85,79,Loamy,Sugarcane,21,33,45,20-20
33,31,44,Loamy,Maize,46,35,35,28-28
30,70,23,Black,Ground Nuts,10,32,39,20-20
35,74,79,Black,Rice,25,20,7,DAP
25,69,51,Loamy,Cotton,0,38,32,Urea
35,77,36,Loamy,Sugarcane,35,4,32,MOP
39,53,20,Black,Rice,20,44,3,DAP
35,58,52,Black,Cotton,7,12,17,Urea
31,32,49,Red,Wheat,19,39,18,20-20
36,74,24,Loamy,Cotton,44,16,9,DAP
24,33,73,Sandy,Sugarcane,16,9,49,MOP
32,79,31,Red,Rice,14,9,41,MOP
27,31,57,Sandy,Rice,20,1,40,MOP
24,49,51,Red,Rice,0,37,29,Urea
31,83,57,Loamy,Cotton,2,20,21,Urea
28,82,76,Sandy,Maize,30,0,38,MOP
22,44,36,Black,Maize,30,29,37,20-20
22,78,77,Red,Cotton,20,17,0,DAP
20,61,73,Sandy,Sugarcane,22,34,29,20-20
37,71,64,Red,Cotton,16,38,4,DAP
31,30,59,Loamy,Maize,21,47,46,20-20
28,67,51,Sandy,Cotton,21,21,25,20-20
28,64,43,Sandy,Rice,35,2,45,MOP
37,80,31,Sandy,Sugarcane,7,5,30,Urea
37,36,66,Red,Sugarcane,46,35,38,28-28
26,74,50,Black,Wheat,7,15,40,Urea
23,42,38,Black,Cotton,13,2,11,MOP
32,78,48,Black,Ground Nuts,37,35,16,20-20
36,30,40,Loamy,Ground Nuts,23,10,17,20-20
21,43,45,Sandy,Ground Nuts,21,16,1,DAP
33,58,71,Black,Rice,14,18,48,20-20
22,87,47,Black,Ground Nuts,19,7,23,MOP
24,32,36,Sandy,Cotton,26,13,27,20-20
33,75,28,Loamy,Wheat,27,25,38,20-20
22,53,40,Red,Wheat,21,47,9,DAP
26,30,69,Red,Cotton,30,24,46,20-20
37,77,79,Red,Ground Nuts,8,47,32,Urea
32,39,53,Sandy,Cotton,22,9,23,MOP
29,42,30,Loamy,Cotton,4,31,10,Urea
32,65,74,Sandy,Maize,44,14,7,DAP
35,38,39,Red,Wheat,38,3,26,MOP
28,43,68,Black,Sugarcane,16,27,25,20-20
21,65,72,Black,Ground Nuts,39,3,11,MOP
24,39,69,Black,Ground Nuts,4,12,34,Urea
36,69,66,Red,Maize,6,11,14,Urea
23,52,58,Loamy,Rice,7,14,20,Urea
36,64,35,Red,Sugarcane,6,28,36,Urea
28,84,76,Sandy,Sugarcane,21,22,29,20-20
39,36,48,Loamy,Sugarcane,43,12,4,DAP
21,71,20,Black,Wheat,37,37,16,20-20
37,64,79,Loamy,Rice,20,45,25,20-20
30,31,37,Loamy,Maize,3,34,33,Urea
32,44,78,Red,Rice,31,39,32,20-20
27,38,41,Loamy,Ground Nuts,28,11,17,20-20
20,76,27,Red,Maize,29,29,24,20-20
36,46,26,Sandy,Wheat,2,45,40,Urea
31,68,44,Loamy,Ground Nuts,4,4,29,Urea
23,81,49,Loamy,Rice,18,1,36,MOP
32,47,53,Loamy,Sugarcane,7,41,19,Urea
28,44,63,Black,Rice,36,29,44,28-28
26,47,67,Red,Ground Nuts,30,34,1,DAP
24,53,60,Red,Wheat,26,9,12,MOP
24,52,71,Black,Wheat,12,8,39,MOP
36,41,30,Red,Wheat,41,16,41,28-28
28,52,34,Sandy,Maize,5,37,19,Urea
25,50,54,Black,Rice,0,29,5,Urea
38,55,42,Red,Sugarcane,29,40,10,20-20
35,37,72,Sandy,Sugarcane,10,34,45,20-20
21,59,64,Red,Cotton,40,6,24,MOP
29,63,40,Black,Wheat,30,11,41,20-20
35,31,47,Red,Ground Nuts,15,49,9,DAP
24,34,32,Sandy,Sugarcane,14,41,30,20-20
34,60,53,Sandy,Wheat,4,33,42,Urea
32,62,57,Sandy,Sugarcane,14,48,3,DAP
32,83,25,Red,Rice,0,2,24,Urea
32,33,63,Black,Cotton,14,32,27,20-20
34,35,23,Red,Wheat,35,39,23,20-20
33,52,24,Loamy,Maize,47,12,34,28-28
27,74,74,Black,Maize,38,10,40,28-28
30,48,59,Loamy,Sugarcane,7,39,4,Urea
37,72,25,Red,Rice,21,19,32,20-20
23,74,40,Black,Ground Nuts,26,30,10,20-20
29,37,47,Loamy,Wheat,33,32,7,DAP
20,68,22,Red,Cotton,29,33,20,20-20
24,42,42,Black,Rice,11,49,31,20-20
32,30,27,Sandy,Sugarcane,1,49,4,Urea
20,35,38,Sandy,Rice,45,8,33,MOP
27,36,72,Sandy,Cotton,37,6,8,DAP
22,77,30,Loamy,Rice,21,8,37,MOP
22,56,69,Loamy,Wheat,16,41,42,20-20
26,44,29,Red,Sugarcane,34,25,31,20-20
23,81,77,Sandy,Cotton,41,1,9,DAP
22,63,47,Loamy,Sugarcane,44,4,11,MOP
34,87,39,Sandy,Ground Nuts,22,48,34,20-20
27,86,63,Red,Wheat,28,1,38,MOP
22,52,71,Black,Cotton,28,9,17,MOP
26,77,47,Loamy,Ground Nuts,49,30,22,28-28
37,78,48,Loamy,Ground Nuts,18,32,11,20-20
30,53,27,Black,Ground Nuts,16,43,30,20-20
30,44,38,Loamy,Cotton,7,46,10,Urea
36,64,72,Red,Sugarcane,49,5,33,MOP
25,33,67,Loamy,Rice,6,13,26,Urea
27,73,78,Loamy,Rice,10,13,20,20-20
20,66,40,Black,Ground Nuts,2,14,9,Urea
29,46,37,Red,Maize,1,32,12,Urea
38,60,28,Sandy,Maize,18,30,44,20-20
22,67,23,Sandy,Cotton,27,16,46,20-20
23,39,60,Black,Sugarcane,27,42,24,20-20
30,83,44,Red,Cotton,24,14,12,20-20
34,79,53,Black,Sugarcane,10,19,40,20-20
20,56,28,Black,Wheat,39,47,5,DAP
28,71,28,Sandy,Maize,42,20,34,28-28
30,35,37,Red,Cotton,1,28,27,Urea
38,85,30,Red,Wheat,11,8,19,MOP
32,35,32,Black,Rice,40,28,19,20-20
35,81,57,Sandy,Maize,37,43,40,28-28
23,44,28,Red,Sugarcane,11,33,3,DAP
20,33,35,Black,Ground Nuts,49,46,19,20-20
39,86,23,Loamy,Rice,24,8,4,DAP
32,77,53,Sandy,Rice,36,47,21,28-28
20,83,26,Red,Wheat,30,29,23,20-20
24,85,34,Red,Cotton,16,16,43,20-20
24,69,76,Red,Ground Nuts,47,3,16,MOP
33,36,57,Sandy,Cotton,11,39,4,DAP
33,80,30,Black,Wheat,29,31,25,20-20
27,87,51,Loamy,Rice,1,31,35,Urea
23,78,46,Red,Maize,15,6,7,DAP
26,82,49,Sandy,Rice,0,37,8,Urea
39,74,71,Red,Wheat,33,31,16,20-20
38,76,36,Black,Rice,44,4,7,DAP
34,55,55,Loamy,Ground Nuts,47,41,4,DAP
23,87,38,Red,Rice,0,2,9,Urea
38,60,26,Sandy,Rice,35,19,49,20-20
28,31,62,Black,Rice,2,16,13,Urea
32,57,64,Loamy,Maize,33,15,26,20-20
33,71,78,Sandy,Sugarcane,11,10,26,20-20
33,42,77,Red,Sugarcane,44,12,4,DAP
29,47,40,Sandy,Cotton,26,17,14,20-20
35,59,47,Loamy,Sugarcane,49,13,27,28-28
24,84,22,Black,Sugarcane,36,33,4,DAP
25,40,33,Black,Sugarcane,24,11,21,20-20
21,42,21,Red,Rice,11,21,11,20-20
32,80,48,Red,Rice,32,20,41,20-20
32,53,37,Red,Ground Nuts,8,25,7,Urea
38,86,56,Red,Maize,0,41,0,Urea
37,58,64,Loamy,Rice,49,38,34,28-28
38,85,64,Red,Rice,22,1,15,MOP
20,83,43,Sandy,Sugarcane,27,49,29,20-20
27,34,75,Loamy,Maize,2,48,42,Urea
35,64,65,Loamy,Maize,37,15,40,28-28
21,48,31,Red,Sugarcane,35,33,9,DAP
27,84,72,Loamy,Sugarcane,43,10,33,28-28
25,42,64,Sandy,Maize,43,18,10,20-20
35,34,51,Loamy,Wheat,4,29,19,Urea
30,73,37,Loamy,Sugarcane,28,6,42,MOP
36,43,32,Sandy,Sugarcane,12,26,6,DAP
38,67,23,Sandy,Maize,43,21,20,20-20
30,51,42,Loamy,Wheat,3,16,10,Urea
27,38,73,Black,Ground Nuts,5,14,36,Urea
23,78,29,Loamy,Wheat,37,8,22,MOP
30,69,74,Sandy,Cotton,5,11,43,Urea
27,55,24,Sandy,Wheat,10,7,30,MOP
28,74,69,Sandy,Sugarcane,26,1,17,MOP
21,34,59,Black,Rice,45,48,23,28-28
35,58,33,Sandy,Maize,34,47,21,20-20
25,83,79,Red,Ground Nuts,39,15,36,28-28
38,51,53,Red,Sugarcane,3,2,46,Urea
27,78,47,Black,Ground Nuts,26,47,43,20-20
33,32,27,Sandy,Maize,15,30,0,DAP
35,57,35,Sandy,Ground Nuts,17,42,49,20-20
31,67,50,Red,Wheat,6,25,5,Urea
24,43,26,Red,Maize,10,40,37,20-20
38,76,22,Loamy,Sugarcane,7,45,28,Urea
37,43,48,Black,Rice,5,1,42,Urea
28,72,55,Loamy,Sugarcane,47,29,10,20-20
21,40,58,Black,Cotton,4,12,15,Urea
39,38,23,Sandy,Maize,5,36,5,Urea
31,67,28,Sandy,Sugarcane,37,13,0,DAP
21,76,74,Black,Wheat,1,0,47,Urea
29,73,36,Loamy,Wheat,30,31,34,20-20
20,35,68,Red,Ground Nuts,38,5,23,MOP
23,30,39,Black,Sugarcane,31,21,37,20-20
31,54,33,Black,Ground Nuts,8,10,2,Urea
28,45,65,Black,Cotton,14,48,39,20-20
23,81,48,Sandy,Maize,20,22,1,DAP
28,44,76,Black,Cotton,45,13,14,20-20
25,63,32,Sandy,Rice,27,13,21,20-20
20,46,55,Red,Ground Nuts,44,19,45,28-28
29,32,64,Red,Sugarcane,26,6,45,MOP
33,32,72,Loamy,Ground Nuts,4,18,3,Urea
37,66,36,Sandy,Cotton,16,25,23,20-20
25,46,66,Red,Rice,36,21,18,20-20
37,84,69,Red,Cotton,23,5,29,MOP
39,78,62,Loamy,Rice,30,12,21,20-20
35,81,23,Loamy,Wheat,34,9,38,MOP
34,67,79,Loamy,Wheat,40,18,47,28-28
35,30,39,Sandy,Sugarcane,40,30,39,28-28
27,36,30,Black,Cotton,3,9,26,Urea
32,55,61,Sandy,Wheat,19,36,14,20-20
30,76,41,Loamy,Ground Nuts,42,12,36,28-28
26,68,64,Black,Maize,16,16,0,DAP
36,48,73,Red,Ground Nuts,45,4,11,MOP
37,81,27,Sandy,Wheat,9,20,8,Urea
38,83,47,Loamy,Wheat,36,38,18,20-20
32,59,64,Loamy,Cotton,20,19,17,20-20
34,72,60,Black,Rice,20,6,38,MOP
20,84,49,Sandy,Maize,48,14,10,20-20
35,43,52,Red,Maize,15,14,10,20-20
24,42,52,Red,Rice,32,22,29,20-20
22,49,66,Black,Cotton,9,32,19,Urea
29,55,73,Black,Wheat,43,43,14,20-20
38,56,55,Red,Rice,17,1,24,MOP
24,54,46,Black,Maize,32,49,48,20-20
26,38,39,Black,Maize,28,31,2,DAP
33,70,52,Sandy,Wheat,30,14,42,20-20
22,77,44,Black,Wheat,23,6,25,MOP
32,41,63,Loamy,Sugarcane,11,8,44,MOP
32,39,62,Loamy,Ground Nuts,19,27,27,20-20
29,35,38,Loamy,Rice,5,21,5,Urea
21,79,66,Black,Wheat,7,2,45,Urea
25,63,40,Red,Sugarcane,13,41,31,20-20
27,88,61,Loamy,Cotton,4,1,10,Urea
23,81,52,Sandy,Maize,35,21,12,20-20
31,70,75,Black,Rice,47,24,16,20-20
34,48,22,Red,Ground Nuts,37,24,45,28-28
27,35,33,Red,Cotton,2,31,45,Urea
26,31,34,Black,Rice,35,43,35,20-20
33,44,52,Black,Rice,21,6,29,MOP
38,46,61,Sandy,Wheat,7,30,3,Urea
33,45,41,Black,Sugarcane,13,36,13,20-20
32,57,20,Black,Rice,6,3,45,Urea
20,50,50,Red,Ground Nuts,3,32,27,Urea
38,37,66,Loamy,Cotton,18,14,6,DAP
20,39,54,Loamy,Ground Nuts,42,8,15,MOP
23,39,72,Red,Rice,46,5,13,MOP
29,79,39,Black,Ground Nuts,23,45,36,20-20
22,39,51,Sandy,Ground Nuts,15,30,38,20-20
39,38,74,Loamy,Sugarcane,5,33,48,Urea
28,57,73,Black,Maize,43,43,26,28-28
22,53,31,Loamy,Rice,7,37,29,Urea
25,48,70,Red,Cotton,24,12,14,20-20
25,62,35,Loamy,Maize,31,35,38,20-20
31,33,78,Red,Ground Nuts,24,31,41,20-20
20,85,27,Red,Maize,9,21,17,Urea
35,32,75,Red,Wheat,42,47,10,20-20
24,71,33,Sandy,Wheat,40,28,21,28-28
28,41,37,Black,Rice,16,10,45,20-20
29,47,74,Red,Cotton,45,5,3,DAP
32,52,49,Red,Wheat,2,4,2,Urea
34,49,52,Loamy,Ground Nuts,8,0,23,Urea
31,35,53,Black,Sugarcane,17,38,13,20-20
24,82,75,Sandy,Sugarcane,48,49,2,DAP
24,63,63,Sandy,Ground Nuts,29,9,30,MOP
37,71,68,Loamy,Maize,4,9,34,Urea
31,31,53,Sandy,Ground Nuts,31,48,30,20-20
22,59,79,Loamy,Maize,26,23,11,20-20
26,38,68,Black,Maize,20,6,9,DAP
36,56,72,Loamy,Sugarcane,23,21,19,20-20
38,71,26,Loamy,Wheat,37,20,17,20-20
37,63,25,Red,Ground Nuts,2,21,43,Urea
20,69,25,Sandy,Wheat,15,32,35,20-20
24,53,41,Black,Rice,14,43,18,20-20
21,78,27,Black,Cotton,24,24,16,20-20
20,46,56,Red,Sugarcane,7,30,39,Urea
26,58,34,Loamy,Maize,40,48,10,20-20
30,65,45,Black,Cotton,3,15,4,Urea
30,79,58,Black,Maize,31,14,36,20-20
37,41,22,Loamy,Cotton,44,28,44,28-28
36,60,76,Loamy,Cotton,34,18,35,20-20
21,78,29,Black,Wheat,29,16,44,20-20
26,38,22,Loamy,Rice,38,25,47,28-28
26,48,49,Sandy,Rice,47,35,43,28-28
29,75,65,Black,Maize,48,35,13,20-20
22,75,41,Loamy,Sugarcane,29,34,27,20-20
31,46,22,Black,Rice,16,39,8,DAP
22,31,20,Black,Sugarcane,18,22,37,20-20
30,69,52,Red,Maize,30,8,28,MOP
31,34,38,Sandy,Sugarcane,16,33,24,20-20
23,88,55,Sandy,Cotton,1,17,7,Urea
35,68,53,Red,Cotton,36,15,47,28-28
39,83,76,Red,Maize,47,31,18,20-20
37,77,50,Black,Sugarcane,28,27,1,DAP
23,45,62,Sandy,Sugarcane,29,31,5,DAP
25,46,43,Red,Maize,42,49,29,28-28
34,83,31,Loamy,Rice,21,17,1,DAP
20,56,32,Black,Wheat,37,43,18,20-20
22,36,35,Sandy,Rice,10,33,12,20-20
24,81,35,Black,Ground Nuts,32,28,48,20-20
36,37,70,Black,Wheat,18,20,7,DAP
33,37,74,Loamy,Sugarcane,2,0,8,Urea
28,52,71,Loamy,Wheat,39,15,22,28-28
22,61,72,Red,Wheat,21,48,36,20-20
32,72,39,Loamy,Sugarcane,17,32,7,DAP
22,76,60,Sandy,Cotton,44,20,8,DAP
30,47,67,Red,Wheat,29,34,15,20-20
21,67,46,Sandy,Maize,0,26,15,Urea
34,83,58,Sandy,Rice,19,19,11,20-20
32,41,32,Red,Sugarcane,48,30,24,28-28
38,44,23,Loamy,Sugarcane,4,15,10,Urea
35,57,51,Black,Wheat,11,13,17,20-20
37,84,64,Loamy,Cotton,10,47,12,20-20
26,67,59,Sandy,Cotton,23,31,34,20-20
32,79,53,Sandy,Rice,17,40,17,20-20
23,85,58,Red,Rice,7,31,42,Urea
28,60,62,Sandy,Cotton,28,1,29,MOP
29,81,36,Red,Ground Nuts,21,44,42,20-20
28,38,43,Red,Cotton,44,21,36,28-28
26,37,48,Loamy,Cotton,1,36,29,Urea
34,75,65,Sandy,Wheat,22,16,2,DAP
27,48,47,Loamy,Maize,15,31,28,20-20
38,80,64,Black,Rice,43,37,24,28-28
30,37,66,Loamy,Ground Nuts,7,16,1,Urea
24,63,41,Sandy,Ground Nuts,3,33,46,Urea
21,86,47,Black,Sugarcane,13,6,4,DAP
29,33,72,Sandy,Cotton,8,28,30,Urea
35,60,44,Black,Cotton,10,16,4,DAP
32,67,60,Sandy,Maize,47,23,20,20-20
27,32,22,Loamy,Cotton,37,7,47,MOP
28,64,76,Sandy,Rice,43,22,48,28-28
30,48,32,Red,Ground Nuts,15,32,25,20-20
30,72,50,Red,Cotton,12,28,6,DAP
35,58,32,Loamy,Maize,35,18,29,20-20
29,39,60,Loamy,Wheat,43,4,33,MOP
31,41,37,Black,Rice,35,36,27,20-20
25,75,56,Loamy,Wheat,16,22,13,20-20
31,59,62,Red,Sugarcane,13,25,17,20-20
29,59,53,Loamy,Maize,28,23,43,20-20
37,89,36,Red,Sugarcane,16,20,16,20-20
37,47,74,Loamy,Sugarcane,0,32,24,Urea
23,53,71,Red,Ground Nuts,19,25,5,DAP
28,61,40,Black,Sugarcane,32,9,4,DAP
26,38,55,Sandy,Sugarcane,1,41,20,Urea
37,76,73,Sandy,Maize,16,28,38,20-20
27,53,78,Red,Wheat,22,34,49,20-20
30,55,69,Loamy,Cotton,21,27,19,20-20
26,32,75,Loamy,Sugarcane,0,11,10,Urea
28,52,71,Sandy,Ground Nuts,11,43,4,DAP
27,40,59,Red,Cotton,12,6,37,MOP
22,39,38,Loamy,Ground Nuts,13,15,38,20-20
36,79,31,Sandy,Cotton,9,19,34,Urea
21,65,47,Red,Sugarcane,11,28,34,20-20
34,89,30,Black,Rice,21,34,24,20-20
33,42,67,Loamy,Cotton,17,27,29,20-20
37,58,56,Loamy,Rice,38,6,1,DAP
35,67,47,Red,Wheat,18,21,19,20-20
39,88,54,Sandy,Cotton,29,13,35,20-20
23,82,63,Red,Maize,14,35,36,20-20
39,42,34,Sandy,Ground Nuts,38,9,1,DAP
25,86,35,Red,Wheat,13,1,47,MOP
25,55,64,Black,Wheat,8,21,43,Urea
30,49,26,Loamy,Rice,4,15,46,Urea
36,34,66,Sandy,Sugarcane,32,34,26,20-20
22,49,22,Black,Ground Nuts,47,46,31,28-28
32,43,50,Red,Maize,4,39,3,Urea
22,74,31,Sandy,Maize,23,47,26,20-20
35,43,27,Sandy,Rice,7,10,29,Urea
34,37,44,Black,Rice,18,42,2,DAP
30,77,63,Red,Wheat,11,42,45,20-20
37,42,69,Black,Rice,7,32,44,Urea
34,53,54,Red,Sugarcane,7,33,26,Urea
24,44,31,Black,Wheat,37,32,37,28-28
35,80,74,Black,Wheat,19,18,35,20-20
35,30,40,Black,Wheat,28,19,0,DAP
36,51,45,Black,Maize,40,9,34,MOP
28,63,74,Red,Ground Nuts,33,18,11,20-20
22,79,21,Loamy,Ground Nuts,17,42,34,20-20
39,80,33,Black,Maize,0,11,17,Urea
32,69,65,Red,Wheat,10,9,45,MOP
22,32,23,Loamy,Sugarcane,46,6,36,MOP
26,84,36,Sandy,Cotton,43,39,22,28-28
25,55,66,Sandy,Wheat,34,10,32,20-20
28,43,67,Black,Rice,31,49,13,20-20
31,87,24,Sandy,Ground Nuts,41,15,43,28-28
34,70,43,Black,Cotton,15,32,0,DAP
39,37,68,Black,Maize,5,37,26,Urea
22,78,74,Loamy,Maize,8,16,23,Urea
29,84,26,Sandy,Cotton,39,44,1,DAP
20,84,42,Black,Ground Nuts,21,24,11,20-20
38,85,66,Sandy,Ground Nuts,47,41,12,20-20
38,45,36,Loamy,Rice,7,30,26,Urea
32,71,31,Sandy,Maize,31,41,19,20-20
31,50,30,Loamy,Maize,25,0,46,MOP
20,39,70,Loamy,Wheat,17,38,47,20-20
38,86,30,Loamy,Sugarcane,36,19,36,28-28
35,54,53,Black,Rice,11,8,33,MOP
34,85,66,Red,Wheat,37,42,5,DAP
35,67,56,Black,Sugarcane,33,1,7,DAP
30,51,69,Sandy,Maize,3,0,20,Urea
25,78,48,Black,Sugarcane,15,43,38,20-20
30,77,72,Black,Maize,23,38,20,20-20
22,76,72,Red,Ground Nuts,13,4,44,MOP
34,83,67,Sandy,Wheat,16,11,5,DAP
20,75,55,Loamy,Maize,30,13,40,20-20
26,33,46,Loamy,Sugarcane,3,38,43,Urea
20,33,74,Sandy,Wheat,49,31,29,28-28
36,59,61,Black,Sugarcane,43,39,9,DAP
28,31,41,Red,Sugarcane,33,45,10,20-20
32,58,21,Red,Cotton,37,43,0,DAP
30,72,66,Sandy,Maize,37,8,9,DAP
39,65,55,Sandy,Maize,2,41,24,Urea
25,50,67,Black,Sugarcane,7,41,15,Urea
20,89,49,Red,Ground Nuts,11,32,18,20-20
26,50,78,Sandy,Maize,34,24,9,DAP
31,77,26,Black,Rice,1,37,46,Urea
39,50,76,Black,Ground Nuts,28,13,13,20-20
38,33,76,Sandy,Ground Nuts,22,8,2,DAP
36,30,31,Red,Ground Nuts,32,26,3,DAP
23,55,22,Loamy,Maize,49,43,39,28-28
22,85,36,Black,Ground Nuts,17,18,32,20-20
20,80,60,Loamy,Ground Nuts,39,24,19,20-20
37,31,51,Black,Wheat,21,31,14,20-20
34,38,27,Red,Maize,13,21,6,DAP
27,84,42,Loamy,Ground Nuts,28,28,43,20-20
20,86,57,Sandy,Rice,44,27,2,DAP
39,74,49,Black,Ground Nuts,14,43,26,20-20
33,47,34,Sandy,Sugarcane,14,12,36,20-20
23,77,29,Sandy,Maize,44,27,28,28-28
24,77,74,Red,Wheat,3,2,25,Urea
32,86,78,Sandy,Rice,35,29,26,20-20
34,71,76,Black,Cotton,4,10,24,Urea
25,70,57,Sandy,Sugarcane,2,1,39,Urea
20,40,34,Sandy,Sugarcane,11,49,42,20-20
38,54,49,Black,Sugarcane,19,49,29,20-20
32,55,65,Sandy,Rice,43,8,43,MOP
25,87,45,Red,Maize,19,32,19,20-20
34,65,70,Black,Maize,38,25,6,DAP
35,71,64,Red,Ground Nuts,38,15,28,28-28
35,64,33,Sandy,Ground Nuts,0,24,45,Urea
29,67,22,Loamy,Maize,43,0,33,MOP
28,32,55,Red,Ground Nuts,2,20,25,Urea
28,88,45,Red,Maize,46,19,26,28-28
36,70,33,Sandy,Sugarcane,8,4,43,Urea
36,64,50,Loamy,Cotton,19,16,8,DAP
36,79,33,Black,Sugarcane,8,39,21,Urea
31,69,77,Loamy,Ground Nuts,30,37,11,20-20
32,51,59,Black,Cotton,45,0,5,DAP
31,37,29,Sandy,Cotton,27,12,5,DAP
33,44,28,Loamy,Maize,34,17,26,20-20
29,74,65,Sandy,Wheat,39,3,18,MOP
38,36,59,Red,Rice,37,46,5,DAP
21,48,62,Loamy,Wheat,43,13,48,28-28
23,69,61,Black,Cotton,1,47,16,Urea
38,71,37,Red,Wheat,2,4,28,Urea
26,46,55,Black,Ground Nuts,13,32,22,20-20
34,30,55,Red,Cotton,16,25,16,20-20
34,74,31,Black,Sugarcane,34,3,20,MOP
25,58,69,Black,Ground Nuts,3,29,9,Urea
22,87,59,Sandy,Sugarcane,46,16,42,28-28
25,42,22,Red,Ground Nuts,29,27,7,DAP
35,85,37,Sandy,Maize,38,5,13,MOP
21,77,26,Sandy,Ground Nuts,13,26,30,20-20
26,58,50,Sandy,Rice,47,35,17,20-20
30,70,20,Sandy,Sugarcane,26,6,46,MOP
26,71,50,Black,Ground Nuts,12,0,29,MOP
23,35,73,Sandy,Rice,19,9,17,MOP
39,34,32,Sandy,Maize,48,12,24,28-28
26,63,48,Sandy,Ground Nuts,48,40,48,28-28
23,40,22,Black,Rice,23,31,36,20-20
31,38,48,Red,Ground Nuts,9,13,24,Urea
24,67,54,Black,Sugarcane,6,32,29,Urea
38,69,34,Black,Sugarcane,16,29,29,20-20
24,70,40,Black,Wheat,21,8,35,MOP
38,38,38,Red,Wheat,43,5,10,MOP
22,37,47,Sandy,Ground Nuts,10,9,47,MOP
30,73,23,Sandy,Wheat,41,10,38,28-28
26,87,64,Red,Ground Nuts,22,38,26,20-20
36,69,32,Red,Ground Nuts,21,19,15,20-20
28,32,34,Loamy,Rice,39,24,37,28-28
28,42,70,Sandy,Sugarcane,46,11,31,28-28
29,48,67,Black,Maize,17,21,28,20-20
32,63,58,Black,Cotton,44,11,9,DAP
34,61,51,Sandy,Sugarcane,25,13,29,20-20
24,78,22,Red,Wheat,47,41,10,20-20
22,45,49,Loamy,Ground Nuts,29,47,14,20-20
27,65,77,Black,Wheat,12,35,43,20-20
39,47,39,Loamy,Rice,3,13,22,Urea
29,43,21,Black,Wheat,42,1,47,MOP
32,59,69,Black,Rice,26,1,22,MOP
22,31,44,Sandy,Maize,39,42,49,28-28
27,42,30,Black,Ground Nuts,9,42,6,Urea
28,56,20,Loamy,Wheat,43,5,13,MOP
31,88,67,Loamy,Rice,27,24,8,DAP
30,82,68,Sandy,Wheat,20,2,27,MOP
21,81,67,Black,Rice,10,22,5,DAP
37,46,29,Loamy,Ground Nuts,19,8,42,MOP
28,60,36,Red,Ground Nuts,35,30,44,20-20
21,44,49,Sandy,Sugarcane,18,27,21,20-20
21,86,54,Red,Rice,9,24,17,Urea
22,49,69,Loamy,Cotton,14,34,43,20-20
35,34,38,Red,Maize,44,0,37,MOP
38,36,65,Sandy,Sugarcane,44,1,21,MOP
23,47,72,Red,Maize,17,14,8,DAP
37,85,76,Loamy,Sugarcane,6,42,17,Urea
39,40,53,Red,Wheat,29,39,20,20-20
37,61,51,Red,Rice,13,15,14,20-20
29,79,31,Red,Wheat,36,22,8,DAP
30,56,62,Black,Maize,40,48,41,28-28
36,55,36,Loamy,Ground Nuts,29,34,1,DAP
39,66,78,Red,Maize,26,7,13,MOP
35,74,25,Loamy,Sugarcane,48,6,20,MOP
39,57,70,Red,Maize,36,20,42,28-28
32,79,32,Sandy,Rice,47,34,44,28-28
21,31,58,Sandy,Maize,40,38,33,28-28
21,49,41,Sandy,Wheat,16,36,6,DAP
33,33,30,Red,Ground Nuts,29,32,14,20-20
23,42,26,Loamy,Rice,17,36,38,20-20
36,53,64,Sandy,Maize,2,34,11,Urea
32,77,64,Black,Cotton,27,17,6,DAP
23,67,40,Sandy,Cotton,36,18,4,DAP
22,87,20,Sandy,Ground Nuts,29,9,46,MOP
31,69,49,Black,Wheat,20,3,38,MOP
27,77,38,Sandy,Sugarcane,48,29,22,28-28
21,74,70,Red,Sugarcane,19,44,27,20-20
25,84,74,Red,Ground Nuts,21,32,33,20-20
29,58,66,Sandy,Maize,35,3,24,MOP
31,87,65,Loamy,Rice,35,8,1,DAP
29,65,48,Loamy,Ground Nuts,20,16,8,DAP
29,31,54,Sandy,Sugarcane,23,42,33,20-20
22,70,78,Black,Cotton,20,38,45,20-20
39,47,72,Red,Sugarcane,6,23,46,Urea
29,78,39,Red,Cotton,7,38,31,Urea
28,37,55,Red,Sugarcane,21,12,11,20-20
39,87,58,Sandy,Wheat,21,25,18,20-20
38,44,20,Red,Ground Nuts,29,18,46,20-20
33,70,42,Sandy,Rice,33,16,37,20-20
21,46,50,Sandy,Ground Nuts,28,49,9,DAP
24,52,75,Loamy,Maize,9,29,9,Urea
39,31,70,Black,Cotton,4,25,34,Urea
27,35,54,Black,Sugarcane,48,12,40,28-28
26,58,71,Black,Maize,38,48,36,28-28
25,56,66,Red,Cotton,33,17,31,20-20
30,66,64,Loamy,Ground Nuts,37,20,6,DAP
31,78,41,Loamy,Cotton,9,33,9,Urea
37,63,65,Sandy,Wheat,8,46,42,Urea
38,47,26,Loamy,Sugarcane,31,8,37,MOP
29,71,52,Sandy,Ground Nuts,4,29,26,Urea
33,39,64,Loamy,Maize,34,28,31,20-20
22,67,55,Sandy,Sugarcane,10,28,6,DAP
37,88,63,Red,Ground Nuts,41,45,47,28-28
34,73,26,Loamy,Sugarcane,15,18,25,20-20
25,46,46,Black,Rice,26,7,21,MOP
29,88,21,Sandy,Cotton,19,43,11,20-20
31,42,36,Loamy,Cotton,0,16,23,Urea
26,81,20,Loamy,Rice,25,11,49,20-20
36,89,77,Sandy,Rice,10,14,45,20-20
20,77,65,Loamy,Sugarcane,14,4,28,MOP
37,71,49,Black,Cotton,38,33,31,28-28
34,56,41,Sandy,Maize,39,49,15,20-20
38,82,47,Sandy,Wheat,47,2,25,MOP
20,31,72,Sandy,Ground Nuts,17,4,5,DAP
24,63,52,Sandy,Rice,23,33,0,DAP
34,60,45,Sandy,Maize,27,8,12,MOP
22,52,54,Black,Maize,24,23,37,20-20
20,36,30,Sandy,Sugarcane,22,4,5,DAP
27,67,26,Black,Rice,10,26,37,20-20
31,62,47,Black,Maize,32,48,11,20-20
38,41,44,Black,Wheat,15,19,8,DAP
31,74,60,Sandy,Maize,35,46,19,20-20
32,41,50,Black,Wheat,22,44,38,20-20
20,48,73,Sandy,Wheat,5,40,26,Urea
38,38,22,Black,Wheat,42,1,2,DAP
25,39,52,Sandy,Rice,23,22,23,20-20
27,46,70,Loamy,Wheat,37,33,14,20-20
23,79,77,Loamy,Rice,41,28,33,28-28
24,69,53,Black,Maize,5,42,49,Urea
26,68,78,Red,Wheat,9,34,31,Urea
23,70,40,Red,Cotton,21,29,20,20-20
39,39,75,Loamy,Maize,22,2,0,DAP
23,41,56,Black,Ground Nuts,4,9,32,Urea
34,44,68,Black,Cotton,27,33,10,20-20
24,60,38,Black,Cotton,8,0,2,Urea
28,44,79,Red,Sugarcane,38,5,21,MOP
21,57,56,Loamy,Rice,48,5,9,DAP
26,33,74,Black,Sugarcane,43,42,43,28-28
36,65,40,Loamy,Rice,27,15,37,20-20
35,84,33,Loamy,Sugarcane,24,0,23,MOP
36,30,29,Sandy,Maize,42,4,6,DAP
39,87,72,Red,Cotton,37,24,48,28-28
21,73,26,Loamy,Maize,26,26,48,20-20
30,86,48,Sandy,Rice,23,41,35,20-20
21,63,59,Red,Cotton,42,37,0,DAP
20,76,27,Black,Cotton,42,42,0,DAP
21,46,58,Black,Rice,45,25,25,28-28
